Participant_id_A,Timepoint_A,SampleKey_A,Isolate_ID_A,Assembler_A,Fasta_path_A,Fasta_SHA256_A,Fasta_size_bytes_A,Fasta_mtime_utc_A,Selected_canonical_A,QC_PASS_A,ST_A,ST_source_A,ST_provider_A,ST_local_A,Participant_id_B,Timepoint_B,SampleKey_B,Isolate_ID_B,Assembler_B,Fasta_path_B,Fasta_SHA256_B,Fasta_size_bytes_B,Fasta_mtime_utc_B,Selected_canonical_B,QC_PASS_B,ST_B,ST_source_B,ST_provider_B,ST_local_B,ST_equal,AvgIdentity,TotalSNPs,dnadiff_report_path,dnadiff_sidecar_path,dnadiff_report_sha256,dnadiff_cache_signature,dnadiff_cache_status,dnadiff_version,MashDistance,VF_Jaccard,VF_Overlap_A,VF_Overlap_B,VF_Union,Inc_Jaccard,pST_equal_n,pST_equal_schemes,Classification,RuleUsed,within_participant,snp_strain_context,st_lineage_context,pair_interpretation,same_strain_evidence,strain_context_level,replacement_flag
120003,T1,120003__T1,24350039401-1,longcycler,/Users/Aamir/Desktop/rUTIs/ont-yellow-routine-fastas/PR0010_barcode78_24350039401-1_longcycler.fasta,6fe8af4f11cc58ce3c5688258759f3fd6bb0f5260034edf744f948fdc928c487,4792119,2025-10-24T09:26:57.740167Z,TRUE,TRUE,10,provider_qc95,10,10,20057,T2,20057__T2,24360036101-1,longcycler,/Users/Aamir/Desktop/rUTIs/ont-yellow-routine-fastas/PR0023_barcode36_24360036101-1-longcycler.fasta,dcfaf981b6e70511c7c2435b0f017da9fb708a331633658f98f630d1861c0255,4890928,2025-06-19T08:56:00.000000Z,TRUE,TRUE,10,provider_qc95,10,10,TRUE,99.9891,36,/Users/Aamir/Desktop/rUTIs/outputs/nursing_home_candidate_clusters_20260717/direct_pairwise/dnadiff_cache_sha256_v1/120003__T1__vs__20057__T2__192ad6e88f999675011cba98.report,/Users/Aamir/Desktop/rUTIs/outputs/nursing_home_candidate_clusters_20260717/direct_pairwise/dnadiff_cache_sha256_v1/120003__T1__vs__20057__T2__192ad6e88f999675011cba98.provenance.json,0f8d7f0d52edb0ce40cb01cd3e306b929d3d89ac26f366d9edae38cfb7da62eb,192ad6e88f999675011cba989e2543e753a49ed60fb2edda69bff8bc1a25e600,generated,dnadiff | DNAdiff version 1.3,6.0662e-4,1,52,52,52,0,NA,NA,Related,ST + partial concordance,FALSE,Above same-strain SNP threshold,Same ST,"Same lineage, not same strain by SNP","Same lineage, not same strain by SNP","Same lineage, not same strain by SNP",FALSE
120003,T1,120003__T1,24350039401-1,longcycler,/Users/Aamir/Desktop/rUTIs/ont-yellow-routine-fastas/PR0010_barcode78_24350039401-1_longcycler.fasta,6fe8af4f11cc58ce3c5688258759f3fd6bb0f5260034edf744f948fdc928c487,4792119,2025-10-24T09:26:57.740167Z,TRUE,TRUE,10,provider_qc95,10,10,61008,T3,61008__T3,2504C165401-1,longcycler,/Users/Aamir/Desktop/rUTIs/ont-yellow-routine-fastas/PR0042_barcode51_2504C165401-longcycler.fasta,32357919eca22ca9d14abd049f37fb46baec2b480ab2d66830cba0676ce29e9c,4790572,2026-05-06T13:20:28.000000Z,TRUE,TRUE,10,provider_qc95,10,10,TRUE,99.989,24,/Users/Aamir/Desktop/rUTIs/outputs/nursing_home_candidate_clusters_20260717/direct_pairwise/dnadiff_cache_sha256_v1/120003__T1__vs__61008__T3__21d51f9c5cac08724feb105f.report,/Users/Aamir/Desktop/rUTIs/outputs/nursing_home_candidate_clusters_20260717/direct_pairwise/dnadiff_cache_sha256_v1/120003__T1__vs__61008__T3__21d51f9c5cac08724feb105f.provenance.json,e613902a41ac60f62278f4af6d42efe330ddfc0e28227ce01f43b689bbde7fea,21d51f9c5cac08724feb105f8e62e23beb676f606da134277ae077e9e1d94ca7,generated,dnadiff | DNAdiff version 1.3,1.43503e-4,1,52,52,52,NA,NA,NA,Same,ST + ID/SNP + accessory,FALSE,Strong same strain,Same ST,Strong same strain,Strong same strain,Strong same strain,FALSE
20057,T2,20057__T2,24360036101-1,longcycler,/Users/Aamir/Desktop/rUTIs/ont-yellow-routine-fastas/PR0023_barcode36_24360036101-1-longcycler.fasta,dcfaf981b6e70511c7c2435b0f017da9fb708a331633658f98f630d1861c0255,4890928,2025-06-19T08:56:00.000000Z,TRUE,TRUE,10,provider_qc95,10,10,61008,T3,61008__T3,2504C165401-1,longcycler,/Users/Aamir/Desktop/rUTIs/ont-yellow-routine-fastas/PR0042_barcode51_2504C165401-longcycler.fasta,32357919eca22ca9d14abd049f37fb46baec2b480ab2d66830cba0676ce29e9c,4790572,2026-05-06T13:20:28.000000Z,TRUE,TRUE,10,provider_qc95,10,10,TRUE,99.9891,26,/Users/Aamir/Desktop/rUTIs/outputs/nursing_home_candidate_clusters_20260717/direct_pairwise/dnadiff_cache_sha256_v1/20057__T2__vs__61008__T3__5094225d8d75ec6c681ab07e.report,/Users/Aamir/Desktop/rUTIs/outputs/nursing_home_candidate_clusters_20260717/direct_pairwise/dnadiff_cache_sha256_v1/20057__T2__vs__61008__T3__5094225d8d75ec6c681ab07e.provenance.json,53ab9576574369310824131276aa50372ef5e9c748ec5d9f4736918093fb9171,5094225d8d75ec6c681ab07e85fff0049296948993f6570ff4556195600585a0,generated,dnadiff | DNAdiff version 1.3,6.56154e-4,1,52,52,52,0,NA,NA,Related,ST + partial concordance,FALSE,Above same-strain SNP threshold,Same ST,"Same lineage, not same strain by SNP","Same lineage, not same strain by SNP","Same lineage, not same strain by SNP",FALSE
100054,T0,100054__T0,24150193201-1,longcycler,/Users/Aamir/Desktop/rUTIs/ont-yellow-routine-fastas/PR0010_barcode36_24150193201-1_longcycler.fasta,12db8562e5135997769e48844fb28a00af7e93b0b499b9d374009146f8c9889e,5401210,2025-10-24T09:26:58.733764Z,TRUE,TRUE,10320,provider_qc95,10320,10320,100055,T0,100055__T0,24150193001-1,longcycler,/Users/Aamir/Desktop/rUTIs/ont-yellow-routine-fastas/PR0010_barcode37_24150193001-1_longcycler.fasta,948372ac65fee7a0771fb5b424e229ed653fefdb65556cc43b4809dbe89a0f60,5371063,2025-10-24T09:26:57.855558Z,TRUE,TRUE,10320,provider_qc95,10320,10320,TRUE,99.99,100,/Users/Aamir/Desktop/rUTIs/outputs/nursing_home_candidate_clusters_20260717/direct_pairwise/dnadiff_cache_sha256_v1/100054__T0__vs__100055__T0__e5c7a62c6a88e8d1e75beb68.report,/Users/Aamir/Desktop/rUTIs/outputs/nursing_home_candidate_clusters_20260717/direct_pairwise/dnadiff_cache_sha256_v1/100054__T0__vs__100055__T0__e5c7a62c6a88e8d1e75beb68.provenance.json,6ca8f96535de55dad47c3665b27aae335a53c73dfa66bf809ecdd104528978e3,e5c7a62c6a88e8d1e75beb684fadec5603f64e3e71a46bf4840006df041718c7,generated,dnadiff | DNAdiff version 1.3,2.38274e-5,1,109,109,109,1,NA,NA,Related,ST + partial concordance,FALSE,Above same-strain SNP threshold,Same ST,"Same lineage, not same strain by SNP","Same lineage, not same strain by SNP","Same lineage, not same strain by SNP",FALSE
110018,T0,110018__T0,24210072701-1,longcycler,/Users/Aamir/Desktop/rUTIs/ont-yellow-routine-fastas/PR0017_barcode06_24210072701-1-longcycler.fasta,ad172c80b87e4d6dfa50189c798eda63f2f3d2e3be4d9d7d1cddbad26e627f27,5713675,2025-10-24T09:26:58.926435Z,TRUE,TRUE,127,provider_qc95,127,127,110023,T0,110023__T0,24210073701-1,longcycler,/Users/Aamir/Desktop/rUTIs/ont-yellow-routine-fastas/PR0017_barcode07_24210073701-1-longcycler.fasta,ff3e1dfab59c08139675f703a555b91a48f134e1050b3780848a4d16370729fe,5594459,2025-10-24T09:26:57.157655Z,TRUE,TRUE,127,provider_qc95,127,127,TRUE,99.9839,103,/Users/Aamir/Desktop/rUTIs/outputs/nursing_home_candidate_clusters_20260717/direct_pairwise/dnadiff_cache_sha256_v1/110018__T0__vs__110023__T0__fa35f7c802d531ef1a6f610c.report,/Users/Aamir/Desktop/rUTIs/outputs/nursing_home_candidate_clusters_20260717/direct_pairwise/dnadiff_cache_sha256_v1/110018__T0__vs__110023__T0__fa35f7c802d531ef1a6f610c.provenance.json,eb73be4a9bd042e859aa4e741483f2b59a5a5954047e6400ce4b8eab2c85eba3,fa35f7c802d531ef1a6f610cc1ba26d69939d60d8846397a10bc1f5da1f4115d,generated,dnadiff | DNAdiff version 1.3,0.00160079,1,100,100,100,1,NA,NA,Related,ST + partial concordance,FALSE,Above same-strain SNP threshold,Same ST,"Same lineage, not same strain by SNP","Same lineage, not same strain by SNP","Same lineage, not same strain by SNP",FALSE
110018,T0,110018__T0,24210072701-1,longcycler,/Users/Aamir/Desktop/rUTIs/ont-yellow-routine-fastas/PR0017_barcode06_24210072701-1-longcycler.fasta,ad172c80b87e4d6dfa50189c798eda63f2f3d2e3be4d9d7d1cddbad26e627f27,5713675,2025-10-24T09:26:58.926435Z,TRUE,TRUE,127,provider_qc95,127,127,110023,T1,110023__T1,24340139101-1,longcycler,/Users/Aamir/Desktop/rUTIs/ont-yellow-routine-fastas/PR0018_barcode51_24340139101-1-longcycler.fasta,2833a4144b54c01e0ec41bc58e9b550dd3b9966b1252820022e68b42ffbae202,5381191,2025-10-24T09:26:56.980378Z,TRUE,TRUE,127,provider_qc95,127,127,TRUE,99.9848,100,/Users/Aamir/Desktop/rUTIs/outputs/nursing_home_candidate_clusters_20260717/direct_pairwise/dnadiff_cache_sha256_v1/110018__T0__vs__110023__T1__b56bfa46eae0dee8d6f8c8e5.report,/Users/Aamir/Desktop/rUTIs/outputs/nursing_home_candidate_clusters_20260717/direct_pairwise/dnadiff_cache_sha256_v1/110018__T0__vs__110023__T1__b56bfa46eae0dee8d6f8c8e5.provenance.json,a51294bf0ea846c581a400e9593ecf8f65a353b5979cbf716ecbb4209b31fcfa,b56bfa46eae0dee8d6f8c8e582911d568b8f0946d8e82647e84d6d1c3112993c,generated,dnadiff | DNAdiff version 1.3,0.00141786,1,100,100,100,1,NA,NA,Related,ST + partial concordance,FALSE,Above same-strain SNP threshold,Same ST,"Same lineage, not same strain by SNP","Same lineage, not same strain by SNP","Same lineage, not same strain by SNP",FALSE
110018,T0,110018__T0,24210072701-1,longcycler,/Users/Aamir/Desktop/rUTIs/ont-yellow-routine-fastas/PR0017_barcode06_24210072701-1-longcycler.fasta,ad172c80b87e4d6dfa50189c798eda63f2f3d2e3be4d9d7d1cddbad26e627f27,5713675,2025-10-24T09:26:58.926435Z,TRUE,TRUE,127,provider_qc95,127,127,110023,T2,110023__T2,2447C153501-1,longcycler,/Users/Aamir/Desktop/rUTIs/ont-yellow-routine-fastas/PR0023_barcode63_2447C153501-1-longcycler.fasta,11566e08a3bc47c66770c4519411c443e8e8ae6762fb19ef68be55a1c9bacd83,5381181,2025-06-19T08:56:12.000000Z,TRUE,TRUE,127,provider_qc95,127,127,TRUE,99.9855,114,/Users/Aamir/Desktop/rUTIs/outputs/nursing_home_candidate_clusters_20260717/direct_pairwise/dnadiff_cache_sha256_v1/110018__T0__vs__110023__T2__56b3bf1d37ce71b655ec42c2.report,/Users/Aamir/Desktop/rUTIs/outputs/nursing_home_candidate_clusters_20260717/direct_pairwise/dnadiff_cache_sha256_v1/110018__T0__vs__110023__T2__56b3bf1d37ce71b655ec42c2.provenance.json,46b27a40de1d2a621ab44d85fff8e0c07b04476d7a25036a661916d4cdd7e52b,56b3bf1d37ce71b655ec42c246b7bdd5d5200e475c17eee8cdc6128b72842130,generated,dnadiff | DNAdiff version 1.3,0.00141786,1,100,100,100,1,NA,NA,Related,ST + partial concordance,FALSE,Above same-strain SNP threshold,Same ST,"Same lineage, not same strain by SNP","Same lineage, not same strain by SNP","Same lineage, not same strain by SNP",FALSE
70031,T0,70031__T0,24250198001-1,longcycler,/Users/Aamir/Desktop/rUTIs/ont-yellow-routine-fastas/PR0048_barcode07_24250198001-1-longcycler.fasta,f1e539711f25b3bca2429c4b60860b24ddd5e0fa3aa575580f48bbb836c1feb9,5144831,2026-05-06T13:20:56.000000Z,TRUE,TRUE,141,provider_qc95,141,141,20037,T4,20037__T4,2510C042101-1,longcycler,/Users/Aamir/Desktop/rUTIs/ont-yellow-routine-fastas/PR0048_barcode38_2510C042101-1-longcycler.fasta,ffa3ea38b32a5bbea2d5051487ab0b070a87db18df00e333527a62117fe08289,5144800,2026-05-06T13:21:18.000000Z,TRUE,TRUE,141,provider_qc95,141,141,TRUE,99.9878,54,/Users/Aamir/Desktop/rUTIs/outputs/nursing_home_candidate_clusters_20260717/direct_pairwise/dnadiff_cache_sha256_v1/70031__T0__vs__20037__T4__b5df3e236ec2b9a98d734749.report,/Users/Aamir/Desktop/rUTIs/outputs/nursing_home_candidate_clusters_20260717/direct_pairwise/dnadiff_cache_sha256_v1/70031__T0__vs__20037__T4__b5df3e236ec2b9a98d734749.provenance.json,c49bd5b5ceff9262d49b00a365cc4a7b851a0d1cea0a42a44cda0092a694f247,b5df3e236ec2b9a98d7347495cadc573230ea75b2ed10b97d2fc93020e41eee5,generated,dnadiff | DNAdiff version 1.3,0,1,80,80,80,1,NA,NA,Related,ST + partial concordance,FALSE,Above same-strain SNP threshold,Same ST,"Same lineage, not same strain by SNP","Same lineage, not same strain by SNP","Same lineage, not same strain by SNP",FALSE
70031,T1,70031__T1,24380102301-1,longcycler,/Users/Aamir/Desktop/rUTIs/ont-yellow-routine-fastas/PR0048_barcode17_24380102301-1-longcycler.fasta,aed9abbc7cc49986a28739e6832f578c048114e02ff45747e5c5def6a20998cc,5148982,2026-05-06T13:21:04.000000Z,TRUE,TRUE,141,provider_qc95,141,141,20037,T4,20037__T4,2510C042101-1,longcycler,/Users/Aamir/Desktop/rUTIs/ont-yellow-routine-fastas/PR0048_barcode38_2510C042101-1-longcycler.fasta,ffa3ea38b32a5bbea2d5051487ab0b070a87db18df00e333527a62117fe08289,5144800,2026-05-06T13:21:18.000000Z,TRUE,TRUE,141,provider_qc95,141,141,TRUE,99.9888,51,/Users/Aamir/Desktop/rUTIs/outputs/nursing_home_candidate_clusters_20260717/direct_pairwise/dnadiff_cache_sha256_v1/70031__T1__vs__20037__T4__ddb07348ed0a229dc68aa352.report,/Users/Aamir/Desktop/rUTIs/outputs/nursing_home_candidate_clusters_20260717/direct_pairwise/dnadiff_cache_sha256_v1/70031__T1__vs__20037__T4__ddb07348ed0a229dc68aa352.provenance.json,fd37f26d9778863fbff4e26090a4fb94531f87fd096cc287fde99ec99e835fb5,ddb07348ed0a229dc68aa352c9a2a12ef7998e61891fd324cb4e38ce4dcb2f43,generated,dnadiff | DNAdiff version 1.3,4.76906e-5,1,80,80,80,0.6666666666666666,NA,NA,Related,ST + partial concordance,FALSE,Above same-strain SNP threshold,Same ST,"Same lineage, not same strain by SNP","Same lineage, not same strain by SNP","Same lineage, not same strain by SNP",FALSE
80011,T0,80011__T0,24190081201-1,longcycler,/Users/Aamir/Desktop/rUTIs/ont-yellow-routine-fastas/PR0024_barcode26_24190081201-1-longcycler.fasta,7c12cb3f907b10297ac599d632eb150f5f4625b94d646a890fef6d95fcd25c4e,5266913,2026-05-06T13:19:14.000000Z,TRUE,TRUE,141,provider_qc95,141,141,100061,T3,100061__T3,2502C118901-1,longcycler,/Users/Aamir/Desktop/rUTIs/ont-yellow-routine-fastas/PR0048_barcode31_2502C118901-1-longcycler.fasta,d662dc8c78ba3ddb773ee055b5a1cc9af11f2a75b3b8a6a0e6d8640c3ff5d5e7,5355925,2026-05-06T13:21:14.000000Z,TRUE,TRUE,141,provider_qc95,141,141,TRUE,99.99,90,/Users/Aamir/Desktop/rUTIs/outputs/nursing_home_candidate_clusters_20260717/direct_pairwise/dnadiff_cache_sha256_v1/80011__T0__vs__100061__T3__7ec65ff202aa997ff20b7ace.report,/Users/Aamir/Desktop/rUTIs/outputs/nursing_home_candidate_clusters_20260717/direct_pairwise/dnadiff_cache_sha256_v1/80011__T0__vs__100061__T3__7ec65ff202aa997ff20b7ace.provenance.json,7ee37d979dcacd73a5ec04936b01d1d1c67fba4bf928659ab0413099e6b7be0c,7ec65ff202aa997ff20b7ace216baf31bcabb0d065f19085d21145c63ba30252,generated,dnadiff | DNAdiff version 1.3,0,1,101,101,101,NA,NA,NA,Related,ST + partial concordance,FALSE,Above same-strain SNP threshold,Same ST,"Same lineage, not same strain by SNP","Same lineage, not same strain by SNP","Same lineage, not same strain by SNP",FALSE
80011,T4,80011__T4,2516C158401-1,longcycler,/Users/Aamir/Desktop/rUTIs/ont-yellow-routine-fastas/PR0042_barcode10_2516C158401-longcycler.fasta,3c51253bda0070e35a441abafda5890d986d2ec75c185b5fb35bf1479efb126c,5296037,2026-05-06T13:20:00.000000Z,TRUE,TRUE,141,provider_qc95,141,141,100061,T3,100061__T3,2502C118901-1,longcycler,/Users/Aamir/Desktop/rUTIs/ont-yellow-routine-fastas/PR0048_barcode31_2502C118901-1-longcycler.fasta,d662dc8c78ba3ddb773ee055b5a1cc9af11f2a75b3b8a6a0e6d8640c3ff5d5e7,5355925,2026-05-06T13:21:14.000000Z,TRUE,TRUE,141,provider_qc95,141,141,TRUE,99.99,8,/Users/Aamir/Desktop/rUTIs/outputs/nursing_home_candidate_clusters_20260717/direct_pairwise/dnadiff_cache_sha256_v1/80011__T4__vs__100061__T3__f540951aed6e5a8405d6477c.report,/Users/Aamir/Desktop/rUTIs/outputs/nursing_home_candidate_clusters_20260717/direct_pairwise/dnadiff_cache_sha256_v1/80011__T4__vs__100061__T3__f540951aed6e5a8405d6477c.provenance.json,8dc105f7da6d4c2b28fa795c06b692dbf15cad05f8693538f97686cb6b0d67d2,f540951aed6e5a8405d6477cd7a3cb4f16a5a2ec162cc7b0a2264d354a09a213,generated,dnadiff | DNAdiff version 1.3,9.55247e-5,1,101,101,101,NA,NA,NA,Same,ST + ID/SNP + accessory,FALSE,Strong same strain,Same ST,Strong same strain,Strong same strain,Strong same strain,FALSE
20058,T2,20058__T2,24360033801-1,longcycler,/Users/Aamir/Desktop/rUTIs/ont-yellow-routine-fastas/PR0048_barcode13_24360033801-1-longcycler.fasta,abc7cf5fd69e198bdd9a57fe43465d2fb00cc0e8b42d9e83b4a88d3b83c12851,4865103,2026-05-06T13:21:02.000000Z,TRUE,TRUE,2005,provider_qc95,2005,2005,20062,T3,20062__T3,2449C044501-1,longcycler,/Users/Aamir/Desktop/rUTIs/ont-yellow-routine-fastas/PR0048_barcode24_2449C044501-1-longcycler.fasta,2a49c0eeab0cd67797fca4ba885303b57525eb09968cddc34de31317c70d3d79,4864682,2026-05-06T13:21:08.000000Z,TRUE,TRUE,2005,provider_qc95,2005,2005,TRUE,99.99,9,/Users/Aamir/Desktop/rUTIs/outputs/nursing_home_candidate_clusters_20260717/direct_pairwise/dnadiff_cache_sha256_v1/20058__T2__vs__20062__T3__3a329a8fb583fa7c681ab16d.report,/Users/Aamir/Desktop/rUTIs/outputs/nursing_home_candidate_clusters_20260717/direct_pairwise/dnadiff_cache_sha256_v1/20058__T2__vs__20062__T3__3a329a8fb583fa7c681ab16d.provenance.json,dec69b1f4d82dad71ed1693abcbd74e76166097e25b31d35658a5089162bb0d8,3a329a8fb583fa7c681ab16d36336eec19df31f631cdddc0160c8674da4147d1,generated,dnadiff | DNAdiff version 1.3,0,1,50,50,50,NA,NA,NA,Same,ST + ID/SNP + accessory,FALSE,Strong same strain,Same ST,Strong same strain,Strong same strain,Strong same strain,FALSE
20062,T0,20062__T0,24120050501-1,longcycler,/Users/Aamir/Desktop/rUTIs/ont-yellow-routine-fastas/PR0018_barcode93_24120050501-1-longcycler.fasta,b5fc468d491748b80ae108f31794e97b08d2ea19227fae5f03c272d4597b5c39,4866283,2025-10-24T09:26:58.200268Z,TRUE,TRUE,2005,provider_qc95,2005,2005,20058,T2,20058__T2,24360033801-1,longcycler,/Users/Aamir/Desktop/rUTIs/ont-yellow-routine-fastas/PR0048_barcode13_24360033801-1-longcycler.fasta,abc7cf5fd69e198bdd9a57fe43465d2fb00cc0e8b42d9e83b4a88d3b83c12851,4865103,2026-05-06T13:21:02.000000Z,TRUE,TRUE,2005,provider_qc95,2005,2005,TRUE,99.99,51,/Users/Aamir/Desktop/rUTIs/outputs/nursing_home_candidate_clusters_20260717/direct_pairwise/dnadiff_cache_sha256_v1/20062__T0__vs__20058__T2__46473d01c358b17eca8000d5.report,/Users/Aamir/Desktop/rUTIs/outputs/nursing_home_candidate_clusters_20260717/direct_pairwise/dnadiff_cache_sha256_v1/20062__T0__vs__20058__T2__46473d01c358b17eca8000d5.provenance.json,6c2fd17788049f867267cb15e0a1ae22aa880361a8f562a62043ceeaefcb5d08,46473d01c358b17eca8000d5922853b5306bc2f25c3a6f2f972e3fc6d2ac6875,generated,dnadiff | DNAdiff version 1.3,4.76906e-5,1,50,50,50,NA,NA,NA,Related,ST + partial concordance,FALSE,Above same-strain SNP threshold,Same ST,"Same lineage, not same strain by SNP","Same lineage, not same strain by SNP","Same lineage, not same strain by SNP",FALSE
20062,T1,20062__T1,24240138001-1,longcycler,/Users/Aamir/Desktop/rUTIs/ont-yellow-routine-fastas/PR0017_barcode36_24240138001-1-longcycler.fasta,94f0d30bcd0b66dfde8f984fd34c000fb320c12a74085a31b0f48f188541dab9,4865057,2025-10-24T09:26:58.938395Z,TRUE,TRUE,2005,provider_qc95,2005,2005,20058,T2,20058__T2,24360033801-1,longcycler,/Users/Aamir/Desktop/rUTIs/ont-yellow-routine-fastas/PR0048_barcode13_24360033801-1-longcycler.fasta,abc7cf5fd69e198bdd9a57fe43465d2fb00cc0e8b42d9e83b4a88d3b83c12851,4865103,2026-05-06T13:21:02.000000Z,TRUE,TRUE,2005,provider_qc95,2005,2005,TRUE,99.99,9,/Users/Aamir/Desktop/rUTIs/outputs/nursing_home_candidate_clusters_20260717/direct_pairwise/dnadiff_cache_sha256_v1/20062__T1__vs__20058__T2__5a1a7c8ac36edea912ac1e2d.report,/Users/Aamir/Desktop/rUTIs/outputs/nursing_home_candidate_clusters_20260717/direct_pairwise/dnadiff_cache_sha256_v1/20062__T1__vs__20058__T2__5a1a7c8ac36edea912ac1e2d.provenance.json,8095be0a20cfd91c33c77b0ab3cf1c1a92d954fe47f0d22d40bae9791b854672,5a1a7c8ac36edea912ac1e2d6653964554632e0336f9d818c795062780f28c9f,generated,dnadiff | DNAdiff version 1.3,0,1,50,50,50,NA,NA,NA,Same,ST + ID/SNP + accessory,FALSE,Strong same strain,Same ST,Strong same strain,Strong same strain,Strong same strain,FALSE
20072,T1,20072__T1,24240133801-1,longcycler,/Users/Aamir/Desktop/rUTIs/ont-yellow-routine-fastas/PR0010_barcode50_24240133801-1_longcycler.fasta,2d933db3bf5f2a423b37e13f177bf597d9436b007631ef51a3a50d027c8f33c5,5000310,2025-10-24T09:26:58.279881Z,TRUE,TRUE,363,provider_qc95,363,363,140029,T3,140029__T3,2509C170701-1,longcycler,/Users/Aamir/Desktop/rUTIs/ont-yellow-routine-fastas/PR0048_barcode33_2509C170701-1-longcycler.fasta,0a0f8b98af2056a0a783c101d02907c667cbbc6fe824315079f016bdc4f58bd5,5000398,2026-05-06T13:21:14.000000Z,TRUE,TRUE,363,provider_qc95,363,363,TRUE,99.9895,19,/Users/Aamir/Desktop/rUTIs/outputs/nursing_home_candidate_clusters_20260717/direct_pairwise/dnadiff_cache_sha256_v1/20072__T1__vs__140029__T3__4b18c039abb2f57458f79088.report,/Users/Aamir/Desktop/rUTIs/outputs/nursing_home_candidate_clusters_20260717/direct_pairwise/dnadiff_cache_sha256_v1/20072__T1__vs__140029__T3__4b18c039abb2f57458f79088.provenance.json,fc386428e4394c8d82e5876d4f265d153a7784d07a67215db126c194ac5494e9,4b18c039abb2f57458f7908854e7cb320e31874939cc2662b9eb4173ee1bbfcc,generated,dnadiff | DNAdiff version 1.3,0,1,84,84,84,1,NA,NA,Same,ST + ID/SNP + accessory,FALSE,Strong same strain,Same ST,Strong same strain,Strong same strain,Strong same strain,FALSE
140029,T2,140029__T2,2449C179501-1,longcycler,/Users/Aamir/Desktop/rUTIs/ont-yellow-routine-fastas/PR0048_barcode27_2449C179501-1-longcycler.fasta,846746d3a74fb515214a657e0ebac00f349517bf90a7a4acb819d3a571031a95,5364807,2026-05-06T13:21:10.000000Z,TRUE,TRUE,537,provider_qc95,537,537,20072,T5,20072__T5,2521C041701-1,longcycler,/Users/Aamir/Desktop/rUTIs/ont-yellow-routine-fastas/PR0048_barcode47_2521C041701-1-longcycler.fasta,40be87d7821cd87abfc8403d6ce18464536d7e9a65a1151cf245aba89a65e616,5364794,2026-05-06T13:21:26.000000Z,TRUE,TRUE,537,provider_qc95,537,537,TRUE,99.99,5,/Users/Aamir/Desktop/rUTIs/outputs/nursing_home_candidate_clusters_20260717/direct_pairwise/dnadiff_cache_sha256_v1/140029__T2__vs__20072__T5__75f6cf1ea2c773fd06721ad3.report,/Users/Aamir/Desktop/rUTIs/outputs/nursing_home_candidate_clusters_20260717/direct_pairwise/dnadiff_cache_sha256_v1/140029__T2__vs__20072__T5__75f6cf1ea2c773fd06721ad3.provenance.json,76c9972c64d0c003e252ec12e74691f5d847b4927839003fb5da0c0f6011753a,75f6cf1ea2c773fd06721ad3195c0a32f3b828ad9f85289729c9f3d2d5677392,generated,dnadiff | DNAdiff version 1.3,2.38274e-5,1,99,99,99,1,NA,NA,Same,ST + ID/SNP + accessory,FALSE,Strong same strain,Same ST,Strong same strain,Strong same strain,Strong same strain,FALSE
140029,T2,140029__T2,2449C179501-1,longcycler,/Users/Aamir/Desktop/rUTIs/ont-yellow-routine-fastas/PR0048_barcode27_2449C179501-1-longcycler.fasta,846746d3a74fb515214a657e0ebac00f349517bf90a7a4acb819d3a571031a95,5364807,2026-05-06T13:21:10.000000Z,TRUE,TRUE,537,provider_qc95,537,537,20072,T6,20072__T6,2536C068801-1,longcycler,/Users/Aamir/Desktop/rUTIs/ont-yellow-routine-fastas/PR0048_barcode82_2536C068801-1-longcycler.fasta,a49634190d7abf9b39a1dd7635a8cf75df1c54b71db754815eb8185fefa028af,5358041,2026-05-06T13:21:48.000000Z,TRUE,TRUE,537,provider_qc95,537,537,TRUE,99.9853,99,/Users/Aamir/Desktop/rUTIs/outputs/nursing_home_candidate_clusters_20260717/direct_pairwise/dnadiff_cache_sha256_v1/140029__T2__vs__20072__T6__8c90ee033e129cba3a9d52aa.report,/Users/Aamir/Desktop/rUTIs/outputs/nursing_home_candidate_clusters_20260717/direct_pairwise/dnadiff_cache_sha256_v1/140029__T2__vs__20072__T6__8c90ee033e129cba3a9d52aa.provenance.json,6859a7bcbb4093303c2a83a15afab6f199c03455abcc1148235128ff03ec3dc5,8c90ee033e129cba3a9d52aa325f45bfe7dbdfd362e6b24b558e8cfd4ccfe376,generated,dnadiff | DNAdiff version 1.3,2.38274e-5,1,99,99,99,0,NA,NA,Related,ST + partial concordance,FALSE,Above same-strain SNP threshold,Same ST,"Same lineage, not same strain by SNP","Same lineage, not same strain by SNP","Same lineage, not same strain by SNP",FALSE
20071,T0,20071__T0,24120051701-1,longcycler,/Users/Aamir/Desktop/rUTIs/ont-yellow-routine-fastas/PR0010_barcode10_24120051701-1_longcycler.fasta,15402197c7b22f8c0604ac0206e759158ab9414154b5cd58c40cb631d8196f36,5365685,2025-10-24T09:26:58.757908Z,TRUE,TRUE,537,provider_qc95,537,537,140029,T2,140029__T2,2449C179501-1,longcycler,/Users/Aamir/Desktop/rUTIs/ont-yellow-routine-fastas/PR0048_barcode27_2449C179501-1-longcycler.fasta,846746d3a74fb515214a657e0ebac00f349517bf90a7a4acb819d3a571031a95,5364807,2026-05-06T13:21:10.000000Z,TRUE,TRUE,537,provider_qc95,537,537,TRUE,99.9896,9,/Users/Aamir/Desktop/rUTIs/outputs/nursing_home_candidate_clusters_20260717/direct_pairwise/dnadiff_cache_sha256_v1/20071__T0__vs__140029__T2__37c3bbb177142231e684d42d.report,/Users/Aamir/Desktop/rUTIs/outputs/nursing_home_candidate_clusters_20260717/direct_pairwise/dnadiff_cache_sha256_v1/20071__T0__vs__140029__T2__37c3bbb177142231e684d42d.provenance.json,1a768785954beca2815bae21d7cbb366ef012623d3ab1ea9ab0fbea22c00bf1a,37c3bbb177142231e684d42dc60b7a31a946a0c75db8adc0f329c284182808f1,generated,dnadiff | DNAdiff version 1.3,2.38274e-5,1,99,99,99,0,NA,NA,Related,ST + partial concordance,FALSE,Strong same strain,Same ST,Strong same strain,Strong same strain,Strong same strain,FALSE
20071,T0,20071__T0,24120051701-1,longcycler,/Users/Aamir/Desktop/rUTIs/ont-yellow-routine-fastas/PR0010_barcode10_24120051701-1_longcycler.fasta,15402197c7b22f8c0604ac0206e759158ab9414154b5cd58c40cb631d8196f36,5365685,2025-10-24T09:26:58.757908Z,TRUE,TRUE,537,provider_qc95,537,537,20072,T5,20072__T5,2521C041701-1,longcycler,/Users/Aamir/Desktop/rUTIs/ont-yellow-routine-fastas/PR0048_barcode47_2521C041701-1-longcycler.fasta,40be87d7821cd87abfc8403d6ce18464536d7e9a65a1151cf245aba89a65e616,5364794,2026-05-06T13:21:26.000000Z,TRUE,TRUE,537,provider_qc95,537,537,TRUE,99.9901,8,/Users/Aamir/Desktop/rUTIs/outputs/nursing_home_candidate_clusters_20260717/direct_pairwise/dnadiff_cache_sha256_v1/20071__T0__vs__20072__T5__9f0dfb1f0d7ef88ef9bb4ffb.report,/Users/Aamir/Desktop/rUTIs/outputs/nursing_home_candidate_clusters_20260717/direct_pairwise/dnadiff_cache_sha256_v1/20071__T0__vs__20072__T5__9f0dfb1f0d7ef88ef9bb4ffb.provenance.json,4c958be3bca3d880d1c191575590a767dcd66f776c5951457e2deee4b0db7a2b,9f0dfb1f0d7ef88ef9bb4ffb13dc64d4a9b3c76ad0a276ee1125ea5fd1a48e8b,generated,dnadiff | DNAdiff version 1.3,4.76906e-5,1,99,99,99,0,NA,NA,Related,ST + partial concordance,FALSE,Strong same strain,Same ST,Strong same strain,Strong same strain,Strong same strain,FALSE
20071,T0,20071__T0,24120051701-1,longcycler,/Users/Aamir/Desktop/rUTIs/ont-yellow-routine-fastas/PR0010_barcode10_24120051701-1_longcycler.fasta,15402197c7b22f8c0604ac0206e759158ab9414154b5cd58c40cb631d8196f36,5365685,2025-10-24T09:26:58.757908Z,TRUE,TRUE,537,provider_qc95,537,537,20072,T6,20072__T6,2536C068801-1,longcycler,/Users/Aamir/Desktop/rUTIs/ont-yellow-routine-fastas/PR0048_barcode82_2536C068801-1-longcycler.fasta,a49634190d7abf9b39a1dd7635a8cf75df1c54b71db754815eb8185fefa028af,5358041,2026-05-06T13:21:48.000000Z,TRUE,TRUE,537,provider_qc95,537,537,TRUE,99.9886,196,/Users/Aamir/Desktop/rUTIs/outputs/nursing_home_candidate_clusters_20260717/direct_pairwise/dnadiff_cache_sha256_v1/20071__T0__vs__20072__T6__640d21670ce54af6b1fcbb13.report,/Users/Aamir/Desktop/rUTIs/outputs/nursing_home_candidate_clusters_20260717/direct_pairwise/dnadiff_cache_sha256_v1/20071__T0__vs__20072__T6__640d21670ce54af6b1fcbb13.provenance.json,5a0b4d4956f29860af7ab554439bd238cdc7dddd9c2b49e238ba4029d4a0eca0,640d21670ce54af6b1fcbb1301b5e85f8ce85b2030b0df534c022c33c5b809a0,generated,dnadiff | DNAdiff version 1.3,0,1,99,99,99,NA,NA,NA,Related,ST + partial concordance,FALSE,Above same-strain SNP threshold,Same ST,"Same lineage, not same strain by SNP","Same lineage, not same strain by SNP","Same lineage, not same strain by SNP",FALSE
20071,T1,20071__T1,24240135301-1,longcycler,/Users/Aamir/Desktop/rUTIs/ont-yellow-routine-fastas/PR0010_barcode49_24240135301-1_longcycler.fasta,37ccc068e9b4900a175aa3488ef7a7b718dbb22f94a8bb41c436992a51793312,5365188,2025-10-24T09:26:58.532740Z,TRUE,TRUE,537,provider_qc95,537,537,140029,T2,140029__T2,2449C179501-1,longcycler,/Users/Aamir/Desktop/rUTIs/ont-yellow-routine-fastas/PR0048_barcode27_2449C179501-1-longcycler.fasta,846746d3a74fb515214a657e0ebac00f349517bf90a7a4acb819d3a571031a95,5364807,2026-05-06T13:21:10.000000Z,TRUE,TRUE,537,provider_qc95,537,537,TRUE,99.9895,11,/Users/Aamir/Desktop/rUTIs/outputs/nursing_home_candidate_clusters_20260717/direct_pairwise/dnadiff_cache_sha256_v1/20071__T1__vs__140029__T2__46108e5e824f23114d1f818e.report,/Users/Aamir/Desktop/rUTIs/outputs/nursing_home_candidate_clusters_20260717/direct_pairwise/dnadiff_cache_sha256_v1/20071__T1__vs__140029__T2__46108e5e824f23114d1f818e.provenance.json,6cf58fa6314253cc73b1225487d20d5299c6a594364f06411d0dbd051f5c7a20,46108e5e824f23114d1f818e6b56faa94523b37a2fdfc864aec8282bde073270,generated,dnadiff | DNAdiff version 1.3,4.76906e-5,1,99,99,99,0,NA,NA,Related,ST + partial concordance,FALSE,Strong same strain,Same ST,Strong same strain,Strong same strain,Strong same strain,FALSE
20071,T1,20071__T1,24240135301-1,longcycler,/Users/Aamir/Desktop/rUTIs/ont-yellow-routine-fastas/PR0010_barcode49_24240135301-1_longcycler.fasta,37ccc068e9b4900a175aa3488ef7a7b718dbb22f94a8bb41c436992a51793312,5365188,2025-10-24T09:26:58.532740Z,TRUE,TRUE,537,provider_qc95,537,537,20072,T5,20072__T5,2521C041701-1,longcycler,/Users/Aamir/Desktop/rUTIs/ont-yellow-routine-fastas/PR0048_barcode47_2521C041701-1-longcycler.fasta,40be87d7821cd87abfc8403d6ce18464536d7e9a65a1151cf245aba89a65e616,5364794,2026-05-06T13:21:26.000000Z,TRUE,TRUE,537,provider_qc95,537,537,TRUE,99.99,10,/Users/Aamir/Desktop/rUTIs/outputs/nursing_home_candidate_clusters_20260717/direct_pairwise/dnadiff_cache_sha256_v1/20071__T1__vs__20072__T5__1379f4d94138dc78db8dff0b.report,/Users/Aamir/Desktop/rUTIs/outputs/nursing_home_candidate_clusters_20260717/direct_pairwise/dnadiff_cache_sha256_v1/20071__T1__vs__20072__T5__1379f4d94138dc78db8dff0b.provenance.json,364eea8ae655259e5605de6dac2c0611260297ebbb9105e6c94c47d9f49fb8d7,1379f4d94138dc78db8dff0bfd6f96e31170e826364905280d4bcceda81a7e29,generated,dnadiff | DNAdiff version 1.3,7.15897e-5,1,99,99,99,0,NA,NA,Related,ST + partial concordance,FALSE,Strong same strain,Same ST,Strong same strain,Strong same strain,Strong same strain,FALSE
20071,T1,20071__T1,24240135301-1,longcycler,/Users/Aamir/Desktop/rUTIs/ont-yellow-routine-fastas/PR0010_barcode49_24240135301-1_longcycler.fasta,37ccc068e9b4900a175aa3488ef7a7b718dbb22f94a8bb41c436992a51793312,5365188,2025-10-24T09:26:58.532740Z,TRUE,TRUE,537,provider_qc95,537,537,20072,T6,20072__T6,2536C068801-1,longcycler,/Users/Aamir/Desktop/rUTIs/ont-yellow-routine-fastas/PR0048_barcode82_2536C068801-1-longcycler.fasta,a49634190d7abf9b39a1dd7635a8cf75df1c54b71db754815eb8185fefa028af,5358041,2026-05-06T13:21:48.000000Z,TRUE,TRUE,537,provider_qc95,537,537,TRUE,99.9886,196,/Users/Aamir/Desktop/rUTIs/outputs/nursing_home_candidate_clusters_20260717/direct_pairwise/dnadiff_cache_sha256_v1/20071__T1__vs__20072__T6__443add328d95fff4403f5521.report,/Users/Aamir/Desktop/rUTIs/outputs/nursing_home_candidate_clusters_20260717/direct_pairwise/dnadiff_cache_sha256_v1/20071__T1__vs__20072__T6__443add328d95fff4403f5521.provenance.json,7012eb16f8f9d988c40b7d49215f49d3333fd86a297a7c8445dc5390686a58aa,443add328d95fff4403f5521c486ee8ee141079402f37247c545e1ab2d5bd6f9,generated,dnadiff | DNAdiff version 1.3,2.38274e-5,1,99,99,99,NA,NA,NA,Related,ST + partial concordance,FALSE,Above same-strain SNP threshold,Same ST,"Same lineage, not same strain by SNP","Same lineage, not same strain by SNP","Same lineage, not same strain by SNP",FALSE
20071,T2,20071__T2,24360032401-1,longcycler,/Users/Aamir/Desktop/rUTIs/ont-yellow-routine-fastas/PR0024_barcode56_24360032401-1-longcycler.fasta,1e65a2d54e988bfb8217ada52ae2fde99bee573fa0ffcc9099aca19585c2ec5f,5372846,2026-05-06T13:19:32.000000Z,TRUE,TRUE,537,provider_qc95,537,537,140029,T2,140029__T2,2449C179501-1,longcycler,/Users/Aamir/Desktop/rUTIs/ont-yellow-routine-fastas/PR0048_barcode27_2449C179501-1-longcycler.fasta,846746d3a74fb515214a657e0ebac00f349517bf90a7a4acb819d3a571031a95,5364807,2026-05-06T13:21:10.000000Z,TRUE,TRUE,537,provider_qc95,537,537,TRUE,99.9898,9,/Users/Aamir/Desktop/rUTIs/outputs/nursing_home_candidate_clusters_20260717/direct_pairwise/dnadiff_cache_sha256_v1/20071__T2__vs__140029__T2__423da8a05c5c47d474594ae2.report,/Users/Aamir/Desktop/rUTIs/outputs/nursing_home_candidate_clusters_20260717/direct_pairwise/dnadiff_cache_sha256_v1/20071__T2__vs__140029__T2__423da8a05c5c47d474594ae2.provenance.json,4c526ceaf23b1b3c120c0d5a58f79cf95c404f2c6644ee5ec45dc081668c015b,423da8a05c5c47d474594ae2982e143b61338dd75fef592ecd89d5af7d243901,generated,dnadiff | DNAdiff version 1.3,2.38274e-5,1,99,99,99,1,NA,NA,Same,ST + ID/SNP + accessory,FALSE,Strong same strain,Same ST,Strong same strain,Strong same strain,Strong same strain,FALSE
20071,T2,20071__T2,24360032401-1,longcycler,/Users/Aamir/Desktop/rUTIs/ont-yellow-routine-fastas/PR0024_barcode56_24360032401-1-longcycler.fasta,1e65a2d54e988bfb8217ada52ae2fde99bee573fa0ffcc9099aca19585c2ec5f,5372846,2026-05-06T13:19:32.000000Z,TRUE,TRUE,537,provider_qc95,537,537,20072,T5,20072__T5,2521C041701-1,longcycler,/Users/Aamir/Desktop/rUTIs/ont-yellow-routine-fastas/PR0048_barcode47_2521C041701-1-longcycler.fasta,40be87d7821cd87abfc8403d6ce18464536d7e9a65a1151cf245aba89a65e616,5364794,2026-05-06T13:21:26.000000Z,TRUE,TRUE,537,provider_qc95,537,537,TRUE,99.9902,8,/Users/Aamir/Desktop/rUTIs/outputs/nursing_home_candidate_clusters_20260717/direct_pairwise/dnadiff_cache_sha256_v1/20071__T2__vs__20072__T5__295851c21bf25b06c897c0d0.report,/Users/Aamir/Desktop/rUTIs/outputs/nursing_home_candidate_clusters_20260717/direct_pairwise/dnadiff_cache_sha256_v1/20071__T2__vs__20072__T5__295851c21bf25b06c897c0d0.provenance.json,46fab12455f4a8544ec3ab13eab1cef80d51c65ef9a389e856ba3aed9a8f317b,295851c21bf25b06c897c0d02c5426d5e52fdeaaf9c76540565a507f53c4facc,generated,dnadiff | DNAdiff version 1.3,0,1,99,99,99,1,NA,NA,Same,ST + ID/SNP + accessory,FALSE,Strong same strain,Same ST,Strong same strain,Strong same strain,Strong same strain,FALSE
20071,T2,20071__T2,24360032401-1,longcycler,/Users/Aamir/Desktop/rUTIs/ont-yellow-routine-fastas/PR0024_barcode56_24360032401-1-longcycler.fasta,1e65a2d54e988bfb8217ada52ae2fde99bee573fa0ffcc9099aca19585c2ec5f,5372846,2026-05-06T13:19:32.000000Z,TRUE,TRUE,537,provider_qc95,537,537,20072,T6,20072__T6,2536C068801-1,longcycler,/Users/Aamir/Desktop/rUTIs/ont-yellow-routine-fastas/PR0048_barcode82_2536C068801-1-longcycler.fasta,a49634190d7abf9b39a1dd7635a8cf75df1c54b71db754815eb8185fefa028af,5358041,2026-05-06T13:21:48.000000Z,TRUE,TRUE,537,provider_qc95,537,537,TRUE,99.9857,102,/Users/Aamir/Desktop/rUTIs/outputs/nursing_home_candidate_clusters_20260717/direct_pairwise/dnadiff_cache_sha256_v1/20071__T2__vs__20072__T6__f7e3e4451ff66f60e1099942.report,/Users/Aamir/Desktop/rUTIs/outputs/nursing_home_candidate_clusters_20260717/direct_pairwise/dnadiff_cache_sha256_v1/20071__T2__vs__20072__T6__f7e3e4451ff66f60e1099942.provenance.json,cf7279b1f9b08eb6b7fe28a91af752bcaa7ff767844e3cdd9ead3e7543ddb8e5,f7e3e4451ff66f60e1099942c2b02e981f846f60df9fc845d9890a84946ab780,generated,dnadiff | DNAdiff version 1.3,4.76906e-5,1,99,99,99,0,NA,NA,Related,ST + partial concordance,FALSE,Above same-strain SNP threshold,Same ST,"Same lineage, not same strain by SNP","Same lineage, not same strain by SNP","Same lineage, not same strain by SNP",FALSE
20072,T3,20072__T3,2449C049001-1,longcycler,/Users/Aamir/Desktop/rUTIs/ont-yellow-routine-fastas/PR0048_barcode25_2449C049001-1-longcycler.fasta,40ca42b5a1f785a5110e2c1f36f361df08c473a53642eacf649fc3c0680fdffa,5292316,2026-05-06T13:21:10.000000Z,TRUE,TRUE,69,provider_qc95,69,69,20037,T5,20037__T5,2521C042101-1,longcycler,/Users/Aamir/Desktop/rUTIs/ont-yellow-routine-fastas/PR0048_barcode48_2521C042101-1-longcycler.fasta,107d1230268ac717a26202909adb541511ac15725cc084bb32b27c00db0f46f7,5292241,2026-05-06T13:21:26.000000Z,TRUE,TRUE,69,provider_qc95,69,69,TRUE,99.99,136,/Users/Aamir/Desktop/rUTIs/outputs/nursing_home_candidate_clusters_20260717/direct_pairwise/dnadiff_cache_sha256_v1/20072__T3__vs__20037__T5__6e03a25f2c0d878661a236f5.report,/Users/Aamir/Desktop/rUTIs/outputs/nursing_home_candidate_clusters_20260717/direct_pairwise/dnadiff_cache_sha256_v1/20072__T3__vs__20037__T5__6e03a25f2c0d878661a236f5.provenance.json,e09eba128e4c6bf848f7c16b17bb410b8a72b35cfac5c04104d3d71d83ac4a6a,6e03a25f2c0d878661a236f5dbd104c611e63cb9f34472751852efb93406e899,generated,dnadiff | DNAdiff version 1.3,0,1,86,86,86,1,NA,NA,Related,ST + partial concordance,FALSE,Above same-strain SNP threshold,Same ST,"Same lineage, not same strain by SNP","Same lineage, not same strain by SNP","Same lineage, not same strain by SNP",FALSE
140007,T1,140007__T1,24350115701-1,longcycler,/Users/Aamir/Desktop/rUTIs/ont-yellow-routine-fastas/PR0018_barcode64_24350115701-1-longcycler.fasta,fbe7383e9fac2199490e17a4040a55173d9550431205e4c9e52ee3522a2a8cad,5326222,2025-10-24T09:26:58.638269Z,TRUE,TRUE,73,provider_qc95,73,73,130024,T3,130024__T3,2509C211701-2,longcycler,/Users/Aamir/Desktop/rUTIs/ont-yellow-routine-fastas/PR0048_barcode36_2509C211701-2-longcycler.fasta,0ddfcf35aeb4f3f0fa73e087f6d77c2a6ec7c62e67e371e88dbaeca3e721834c,5346600,2026-05-06T13:21:16.000000Z,TRUE,TRUE,73,provider_qc95,73,73,TRUE,99.9825,14,/Users/Aamir/Desktop/rUTIs/outputs/nursing_home_candidate_clusters_20260717/direct_pairwise/dnadiff_cache_sha256_v1/140007__T1__vs__130024__T3__b234454ab267c1ee6fda6323.report,/Users/Aamir/Desktop/rUTIs/outputs/nursing_home_candidate_clusters_20260717/direct_pairwise/dnadiff_cache_sha256_v1/140007__T1__vs__130024__T3__b234454ab267c1ee6fda6323.provenance.json,fba11fcd057566edc61a29957a020934313269de10a048b65087e144a0f736a5,b234454ab267c1ee6fda63239f0f0fa374e5c0080ec8cfedccbb7437040d29a0,generated,dnadiff | DNAdiff version 1.3,2.38274e-5,1,92,92,92,NA,NA,NA,Same,ST + ID/SNP + accessory,FALSE,Strong same strain,Same ST,Strong same strain,Strong same strain,Strong same strain,FALSE
20040,T1,20040__T1,24240068601-1,longcycler,/Users/Aamir/Desktop/rUTIs/ont-yellow-routine-fastas/PR0010_barcode47_24240068601-1_longcycler.fasta,85163c754c1178a445bbed5f7d22433b6fd0143010738de4b003774f5605cb82,5313171,2025-10-24T09:26:57.263136Z,TRUE,TRUE,73,provider_qc95,73,73,20028,T4,20028__T4,2510C041401-1,longcycler,/Users/Aamir/Desktop/rUTIs/ont-yellow-routine-fastas/PR0042_barcode42_2510C041401-longcycler.fasta,55ba62cb7f7f881e40fdfe13d45163e231cb503918326995cfbc34bb457a8fd3,5229287,2026-05-06T13:20:24.000000Z,TRUE,TRUE,73,provider_qc95,73,73,TRUE,99.9898,22,/Users/Aamir/Desktop/rUTIs/outputs/nursing_home_candidate_clusters_20260717/direct_pairwise/dnadiff_cache_sha256_v1/20040__T1__vs__20028__T4__f9c1189911f94d9bbb8c4d5c.report,/Users/Aamir/Desktop/rUTIs/outputs/nursing_home_candidate_clusters_20260717/direct_pairwise/dnadiff_cache_sha256_v1/20040__T1__vs__20028__T4__f9c1189911f94d9bbb8c4d5c.provenance.json,a1b7c7184a3ba9924bb053868fad96a6d57f2c98459525d0f944f49e4651ac6b,f9c1189911f94d9bbb8c4d5c681ecc590c1ceeadf16593964f84739eef5b968c,generated,dnadiff | DNAdiff version 1.3,3.61208e-4,1,86,86,86,1,NA,NA,Same,ST + ID/SNP + accessory,FALSE,Strong same strain,Same ST,Strong same strain,Strong same strain,Strong same strain,FALSE
110056,T1,110056__T1,24340103201-1,longcycler,/Users/Aamir/Desktop/rUTIs/ont-yellow-routine-fastas/PR0022_barcode16_24340103201-1-longcycler.fasta,6df8d99d69308fa620059fa0cb4a6e2a0e4bd683c62c607369ff124e76c5fdf3,5234131,2025-10-24T09:26:57.091717Z,TRUE,TRUE,83,provider_qc95,83,83,20072,T4,20072__T4,2510C042901-1,longcycler,/Users/Aamir/Desktop/rUTIs/ont-yellow-routine-fastas/PR0048_barcode40_2510C042901-1-longcycler.fasta,0cd557fb36e77227fb7a32a3735dca72b2780235ae6e94a298ba98f70a48986d,5185659,2026-05-06T13:21:18.000000Z,TRUE,TRUE,83,provider_qc95,83,83,TRUE,99.99,1,/Users/Aamir/Desktop/rUTIs/outputs/nursing_home_candidate_clusters_20260717/direct_pairwise/dnadiff_cache_sha256_v1/110056__T1__vs__20072__T4__b96a7ee08099867667347f05.report,/Users/Aamir/Desktop/rUTIs/outputs/nursing_home_candidate_clusters_20260717/direct_pairwise/dnadiff_cache_sha256_v1/110056__T1__vs__20072__T4__b96a7ee08099867667347f05.provenance.json,f7532ece5425096ec6208f5fba99750aae039f58285bb3f52e5722fc83f9a955,b96a7ee08099867667347f05e9da1d6b7ab876c6108d65ded18d8f5e66693802,generated,dnadiff | DNAdiff version 1.3,0,1,83,83,83,1,NA,NA,Same,ST + ID/SNP + accessory,FALSE,Strong same strain,Same ST,Strong same strain,Strong same strain,Strong same strain,FALSE
110056,T2,110056__T2,2447C153801-1,longcycler,/Users/Aamir/Desktop/rUTIs/ont-yellow-routine-fastas/PR0023_barcode64_2447C153801-1-longcycler.fasta,38fa8ad5d67d8b82ae02897f4fc6c89ee49fb4719f54d34ebb08cf3268274424,5268297,2025-06-19T08:56:12.000000Z,TRUE,TRUE,83,provider_qc95,83,83,20072,T4,20072__T4,2510C042901-1,longcycler,/Users/Aamir/Desktop/rUTIs/ont-yellow-routine-fastas/PR0048_barcode40_2510C042901-1-longcycler.fasta,0cd557fb36e77227fb7a32a3735dca72b2780235ae6e94a298ba98f70a48986d,5185659,2026-05-06T13:21:18.000000Z,TRUE,TRUE,83,provider_qc95,83,83,TRUE,99.9902,0,/Users/Aamir/Desktop/rUTIs/outputs/nursing_home_candidate_clusters_20260717/direct_pairwise/dnadiff_cache_sha256_v1/110056__T2__vs__20072__T4__6ff59e82eca4f6f77253c2fe.report,/Users/Aamir/Desktop/rUTIs/outputs/nursing_home_candidate_clusters_20260717/direct_pairwise/dnadiff_cache_sha256_v1/110056__T2__vs__20072__T4__6ff59e82eca4f6f77253c2fe.provenance.json,1f894660900ca270630e53e95670069655eea5488f450c8e790e11e94d91d655,6ff59e82eca4f6f77253c2fea9f8fa331f0067cfcade3bdef3be875ecc37ed1c,generated,dnadiff | DNAdiff version 1.3,0,1,83,83,83,1,NA,NA,Same,ST + ID/SNP + accessory,FALSE,Strong same strain,Same ST,Strong same strain,Strong same strain,Strong same strain,FALSE
20072,T4,20072__T4,2510C042901-1,longcycler,/Users/Aamir/Desktop/rUTIs/ont-yellow-routine-fastas/PR0048_barcode40_2510C042901-1-longcycler.fasta,0cd557fb36e77227fb7a32a3735dca72b2780235ae6e94a298ba98f70a48986d,5185659,2026-05-06T13:21:18.000000Z,TRUE,TRUE,83,provider_qc95,83,83,110056,T5,110056__T5,2534C154401-1,longcycler,/Users/Aamir/Desktop/rUTIs/ont-yellow-routine-fastas/PR0048_barcode68_2534C154401-1-longcycler.fasta,173c9435ae1a435cfb7d2c75382ec784f4c2c9838ebd488253d21074d6574150,5185613,2026-05-06T13:21:40.000000Z,TRUE,TRUE,83,provider_qc95,83,83,TRUE,99.99,5,/Users/Aamir/Desktop/rUTIs/outputs/nursing_home_candidate_clusters_20260717/direct_pairwise/dnadiff_cache_sha256_v1/20072__T4__vs__110056__T5__918a00be938921dddd7fc448.report,/Users/Aamir/Desktop/rUTIs/outputs/nursing_home_candidate_clusters_20260717/direct_pairwise/dnadiff_cache_sha256_v1/20072__T4__vs__110056__T5__918a00be938921dddd7fc448.provenance.json,787acd8eaf859d7a691fa4ffcecb0d4c9f2b8e73d5306dd5983c39db38e055ee,918a00be938921dddd7fc4481cb876cda0985e3aa386e1af2d03fa73f4db3480,generated,dnadiff | DNAdiff version 1.3,0,1,83,83,83,1,NA,NA,Same,ST + ID/SNP + accessory,FALSE,Strong same strain,Same ST,Strong same strain,Strong same strain,Strong same strain,FALSE
20072,T4,20072__T4,2510C042901-1,longcycler,/Users/Aamir/Desktop/rUTIs/ont-yellow-routine-fastas/PR0048_barcode40_2510C042901-1-longcycler.fasta,0cd557fb36e77227fb7a32a3735dca72b2780235ae6e94a298ba98f70a48986d,5185659,2026-05-06T13:21:18.000000Z,TRUE,TRUE,83,provider_qc95,83,83,110056,T6,110056__T6,2547C172301-1,longcycler,/Users/Aamir/Desktop/rUTIs/ont-yellow-routine-fastas/PR0049_barcode06_2547C172301-1-longcycler.fasta,1489a5909a07aa4447387e4bb5acc821eb4cadadda7b8bf9196b6a611d752b8a,5190055,2026-05-06T13:22:02.000000Z,TRUE,TRUE,83,provider_qc95,83,83,TRUE,99.99,5,/Users/Aamir/Desktop/rUTIs/outputs/nursing_home_candidate_clusters_20260717/direct_pairwise/dnadiff_cache_sha256_v1/20072__T4__vs__110056__T6__b5f1c4d70a50a21ee36b9279.report,/Users/Aamir/Desktop/rUTIs/outputs/nursing_home_candidate_clusters_20260717/direct_pairwise/dnadiff_cache_sha256_v1/20072__T4__vs__110056__T6__b5f1c4d70a50a21ee36b9279.provenance.json,06a00238947bb7d86d6a823aad65fd523cf562da9cca5bb6ae46135d1250d0ec,b5f1c4d70a50a21ee36b9279d432d46dc94573ded075a94e2fc2e1b520e4bb94,generated,dnadiff | DNAdiff version 1.3,0,1,83,83,83,0.5,NA,NA,Related,ST + partial concordance,FALSE,Strong same strain,Same ST,Strong same strain,Strong same strain,Strong same strain,FALSE
60020,T1,60020__T1,24300180001-1,longcycler,/Users/Aamir/Desktop/rUTIs/ont-yellow-routine-fastas/PR0010_barcode65_24300180001-1_longcycler.fasta,778defdca1bf155679aace37ae1eb161b0bed3ae036aa7ded11dc2bca9429afb,5282516,2025-10-24T09:26:58.610693Z,TRUE,TRUE,95,provider_qc95,95,95,62022,T3,62022__T3,2507C094801-2,longcycler,/Users/Aamir/Desktop/rUTIs/ont-yellow-routine-fastas/PR0042_barcode35_2507C094801-longcycler.fasta,cf2e88273249878219f96e2ffde8fda54619f4b36e814cf0575325e1a563ba51,5286354,2026-05-06T13:20:16.000000Z,TRUE,TRUE,95,provider_qc95,95,95,TRUE,99.99,4,/Users/Aamir/Desktop/rUTIs/outputs/nursing_home_candidate_clusters_20260717/direct_pairwise/dnadiff_cache_sha256_v1/60020__T1__vs__62022__T3__2358574f5cc65aa165de6c6a.report,/Users/Aamir/Desktop/rUTIs/outputs/nursing_home_candidate_clusters_20260717/direct_pairwise/dnadiff_cache_sha256_v1/60020__T1__vs__62022__T3__2358574f5cc65aa165de6c6a.provenance.json,bae308ef2b6eb7057e1709f684a156efb056a6b17d4e662b5e7a8cd852ba4361,2358574f5cc65aa165de6c6a2a72871ffb99a68f2618bfc822539a6b6eb30aba,generated,dnadiff | DNAdiff version 1.3,2.38274e-5,1,86,86,86,0.5,NA,NA,Related,ST + partial concordance,FALSE,Strong same strain,Same ST,Strong same strain,Strong same strain,Strong same strain,FALSE
60020,T2,60020__T2,2443C167801-1,longcycler,/Users/Aamir/Desktop/rUTIs/ont-yellow-routine-fastas/PR0023_barcode47_2443C167801-1-longcycler.fasta,5991045498ab9e607b10fe508fb787aac3e5752760b7024de589e6398bfdb5a1,5324620,2025-06-19T08:56:05.000000Z,TRUE,TRUE,95,provider_qc95,95,95,62022,T3,62022__T3,2507C094801-2,longcycler,/Users/Aamir/Desktop/rUTIs/ont-yellow-routine-fastas/PR0042_barcode35_2507C094801-longcycler.fasta,cf2e88273249878219f96e2ffde8fda54619f4b36e814cf0575325e1a563ba51,5286354,2026-05-06T13:20:16.000000Z,TRUE,TRUE,95,provider_qc95,95,95,TRUE,99.99,6,/Users/Aamir/Desktop/rUTIs/outputs/nursing_home_candidate_clusters_20260717/direct_pairwise/dnadiff_cache_sha256_v1/60020__T2__vs__62022__T3__f89a400801e41eec2f952ab4.report,/Users/Aamir/Desktop/rUTIs/outputs/nursing_home_candidate_clusters_20260717/direct_pairwise/dnadiff_cache_sha256_v1/60020__T2__vs__62022__T3__f89a400801e41eec2f952ab4.provenance.json,ac2fd627beb7bb157a9ddd9d32152cdf75d1b36ffef2231d309d43bf35731e10,f89a400801e41eec2f952ab463f4ac28c097725d051ef643b552dc0226e769f5,generated,dnadiff | DNAdiff version 1.3,0,1,86,86,86,1,NA,NA,Same,ST + ID/SNP + accessory,FALSE,Strong same strain,Same ST,Strong same strain,Strong same strain,Strong same strain,FALSE
120003,T2,120003__T2,2446C039301-1,longcycler,/Users/Aamir/Desktop/rUTIs/ont-yellow-routine-fastas/PR0022_barcode26_2446C039301-1-longcycler.fasta,8da0eeb6a2c78bbff306331de62401def623d414705d00c5cff1f93fcc62f91e,5065160,2025-10-24T09:26:57.759440Z,TRUE,TRUE,10,local_fallback_provider_missing,NA,10,20057,T2,20057__T2,24360036101-1,longcycler,/Users/Aamir/Desktop/rUTIs/ont-yellow-routine-fastas/PR0023_barcode36_24360036101-1-longcycler.fasta,dcfaf981b6e70511c7c2435b0f017da9fb708a331633658f98f630d1861c0255,4890928,2025-06-19T08:56:00.000000Z,TRUE,TRUE,10,provider_qc95,10,10,TRUE,99.9883,64,/Users/Aamir/Desktop/rUTIs/outputs/nursing_home_candidate_clusters_20260717/direct_pairwise/dnadiff_cache_sha256_v1/120003__T2__vs__20057__T2__510a2c3e28950c0b4ea1062d.report,/Users/Aamir/Desktop/rUTIs/outputs/nursing_home_candidate_clusters_20260717/direct_pairwise/dnadiff_cache_sha256_v1/120003__T2__vs__20057__T2__510a2c3e28950c0b4ea1062d.provenance.json,3e19615626bbcc4a70510f2590f829482f43cdd160ae582264c6e1eb804f43ae,510a2c3e28950c0b4ea1062db5656ab58643016b0ee7c6856475f8a6b79cc717,generated,dnadiff | DNAdiff version 1.3,7.5568e-4,1,52,52,52,0,NA,NA,Related,ST + partial concordance,FALSE,Above same-strain SNP threshold,Same ST,"Same lineage, not same strain by SNP","Same lineage, not same strain by SNP","Same lineage, not same strain by SNP",FALSE
120003,T2,120003__T2,2446C039301-1,longcycler,/Users/Aamir/Desktop/rUTIs/ont-yellow-routine-fastas/PR0022_barcode26_2446C039301-1-longcycler.fasta,8da0eeb6a2c78bbff306331de62401def623d414705d00c5cff1f93fcc62f91e,5065160,2025-10-24T09:26:57.759440Z,TRUE,TRUE,10,local_fallback_provider_missing,NA,10,61008,T3,61008__T3,2504C165401-1,longcycler,/Users/Aamir/Desktop/rUTIs/ont-yellow-routine-fastas/PR0042_barcode51_2504C165401-longcycler.fasta,32357919eca22ca9d14abd049f37fb46baec2b480ab2d66830cba0676ce29e9c,4790572,2026-05-06T13:20:28.000000Z,TRUE,TRUE,10,provider_qc95,10,10,TRUE,99.988,48,/Users/Aamir/Desktop/rUTIs/outputs/nursing_home_candidate_clusters_20260717/direct_pairwise/dnadiff_cache_sha256_v1/120003__T2__vs__61008__T3__0c51c7e574a68c25a74b42f9.report,/Users/Aamir/Desktop/rUTIs/outputs/nursing_home_candidate_clusters_20260717/direct_pairwise/dnadiff_cache_sha256_v1/120003__T2__vs__61008__T3__0c51c7e574a68c25a74b42f9.provenance.json,a480d03521ca0029989bf27754e00cd8b3fb588add7a7a903e95abf67cb85f1d,0c51c7e574a68c25a74b42f97900e70534abc33f1c886e8526d3a992a93119fe,generated,dnadiff | DNAdiff version 1.3,2.39895e-4,1,52,52,52,NA,NA,NA,Related,ST + partial concordance,FALSE,Above same-strain SNP threshold,Same ST,"Same lineage, not same strain by SNP","Same lineage, not same strain by SNP","Same lineage, not same strain by SNP",FALSE
100055,T0,100055__T0,24150193001-1,longcycler,/Users/Aamir/Desktop/rUTIs/ont-yellow-routine-fastas/PR0010_barcode37_24150193001-1_longcycler.fasta,948372ac65fee7a0771fb5b424e229ed653fefdb65556cc43b4809dbe89a0f60,5371063,2025-10-24T09:26:57.855558Z,TRUE,TRUE,10320,provider_qc95,10320,10320,100054,T1,100054__T1,24270072201-1,longcycler,/Users/Aamir/Desktop/rUTIs/ont-yellow-routine-fastas/PR0010_barcode74_24270072201-1_longcycler.fasta,5bfc33d6b5652aa003d63200b84add90edd47f02053511d0d88e0fc56142439d,5416388,2025-10-24T09:26:57.051964Z,TRUE,TRUE,10320,provider_qc95,10320,10320,TRUE,99.9734,50,/Users/Aamir/Desktop/rUTIs/outputs/nursing_home_candidate_clusters_20260717/direct_pairwise/dnadiff_cache_sha256_v1/100055__T0__vs__100054__T1__5840ec132f3599d3d8f251a3.report,/Users/Aamir/Desktop/rUTIs/outputs/nursing_home_candidate_clusters_20260717/direct_pairwise/dnadiff_cache_sha256_v1/100055__T0__vs__100054__T1__5840ec132f3599d3d8f251a3.provenance.json,5ba8011466e050a180cec10bfaebc85dd9f8d555530ae0af99d2999b7f963b2a,5840ec132f3599d3d8f251a391c66b31ca315a601344b9b1295c259e9cdf5640,generated,dnadiff | DNAdiff version 1.3,4.76906e-5,1,109,109,109,1,NA,NA,Related,ST + partial concordance,FALSE,Above same-strain SNP threshold,Same ST,"Same lineage, not same strain by SNP","Same lineage, not same strain by SNP","Same lineage, not same strain by SNP",FALSE
20034,T2,20034__T2,24360035101-1,longcycler,/Users/Aamir/Desktop/rUTIs/ont-yellow-routine-fastas/PR0022_barcode22_24360035101-1-longcycler.fasta,fd6ec0d5072876643dd2ec300e93870c350fc2236ae9c464925975705e0fd7a8,5179276,2025-10-24T09:26:58.721641Z,TRUE,TRUE,12,provider_qc95,12,12,140007,T2,140007__T2,2449C179601-1,longcycler,/Users/Aamir/Desktop/rUTIs/ont-yellow-routine-fastas/PR0048_barcode28_2449C179601-1-longcycler.fasta,792558e82a36c0477d2bf33b8bc0c89c5d1e75352eac9149d2e7e597b8251572,5408691,2026-05-06T13:21:10.000000Z,TRUE,TRUE,12,provider_qc95,12,12,TRUE,99.9744,739,/Users/Aamir/Desktop/rUTIs/outputs/nursing_home_candidate_clusters_20260717/direct_pairwise/dnadiff_cache_sha256_v1/20034__T2__vs__140007__T2__ecd64cd61c1bc291c0ac253a.report,/Users/Aamir/Desktop/rUTIs/outputs/nursing_home_candidate_clusters_20260717/direct_pairwise/dnadiff_cache_sha256_v1/20034__T2__vs__140007__T2__ecd64cd61c1bc291c0ac253a.provenance.json,845d3d5e392446cc1888c26a97b53611969b4688ca36d6808a9585151a9c5ee5,ecd64cd61c1bc291c0ac253a3b66b2ea6f20e9e92b427a78dd1e67c69da6e3e4,generated,dnadiff | DNAdiff version 1.3,0.0024636,1,97,97,97,0,NA,NA,Related,ST + partial concordance,FALSE,Above same-strain SNP threshold,Same ST,"Same lineage, not same strain by SNP","Same lineage, not same strain by SNP","Same lineage, not same strain by SNP",FALSE
20034,T3,20034__T3,2449C049801-2,longcycler,/Users/Aamir/Desktop/rUTIs/ont-yellow-routine-fastas/PR0023_barcode73_2449C049801-2-longcycler.fasta,f849214212b179a91a300d04b13f0fe5c4da3d94eb8111c3430d039b59441467,5067187,2025-06-19T08:56:17.000000Z,TRUE,TRUE,12,provider_qc95,12,12,140007,T2,140007__T2,2449C179601-1,longcycler,/Users/Aamir/Desktop/rUTIs/ont-yellow-routine-fastas/PR0048_barcode28_2449C179601-1-longcycler.fasta,792558e82a36c0477d2bf33b8bc0c89c5d1e75352eac9149d2e7e597b8251572,5408691,2026-05-06T13:21:10.000000Z,TRUE,TRUE,12,provider_qc95,12,12,TRUE,99.9754,814,/Users/Aamir/Desktop/rUTIs/outputs/nursing_home_candidate_clusters_20260717/direct_pairwise/dnadiff_cache_sha256_v1/20034__T3__vs__140007__T2__8cf751cba8abfa6549c8e9b2.report,/Users/Aamir/Desktop/rUTIs/outputs/nursing_home_candidate_clusters_20260717/direct_pairwise/dnadiff_cache_sha256_v1/20034__T3__vs__140007__T2__8cf751cba8abfa6549c8e9b2.provenance.json,1b1cbe5fc35ef7d1734aa17a19247278fb74274da96d1053df8af55188a157bc,8cf751cba8abfa6549c8e9b227232c7dedbafeaa7f26e6ebcde7f50cf58c12fb,generated,dnadiff | DNAdiff version 1.3,0.0023533,1,97,97,97,0,NA,NA,Related,ST + partial concordance,FALSE,Above same-strain SNP threshold,Same ST,"Same lineage, not same strain by SNP","Same lineage, not same strain by SNP","Same lineage, not same strain by SNP",FALSE
40021,T0,40021__T0,24100220101-1,longcycler,/Users/Aamir/Desktop/rUTIs/ont-yellow-routine-fastas/PR0010_barcode22_24100220101-1_longcycler.fasta,5f5f9ce09ae7a0673bf73027e86c022f65ec00a7b2b222151082acc25c2bfcc6,5284411,2025-10-24T09:26:58.894523Z,TRUE,TRUE,12,provider_qc95,12,12,40022,T2,40022__T2,24380201401-1,longcycler,/Users/Aamir/Desktop/rUTIs/ont-yellow-routine-fastas/PR0023_barcode42_24380201401-1-longcycler.fasta,23af4444a78222e7470154aba29e511fd082c62dd425705169cddf2c4fd505e8,5338480,2025-06-19T08:56:03.000000Z,TRUE,TRUE,12,provider_qc95,12,12,TRUE,99.9884,80,/Users/Aamir/Desktop/rUTIs/outputs/nursing_home_candidate_clusters_20260717/direct_pairwise/dnadiff_cache_sha256_v1/40021__T0__vs__40022__T2__5def73c90ad1c025a0ccfc84.report,/Users/Aamir/Desktop/rUTIs/outputs/nursing_home_candidate_clusters_20260717/direct_pairwise/dnadiff_cache_sha256_v1/40021__T0__vs__40022__T2__5def73c90ad1c025a0ccfc84.provenance.json,ad6cd6859ef0e861a702326b925977de9bd879b161130f555e80c93785f08ec4,5def73c90ad1c025a0ccfc84265a30da357f4d7f1f8d560de0d6d070e020bba0,generated,dnadiff | DNAdiff version 1.3,3.12573e-4,1,104,104,104,0.5,NA,NA,Related,ST + partial concordance,FALSE,Above same-strain SNP threshold,Same ST,"Same lineage, not same strain by SNP","Same lineage, not same strain by SNP","Same lineage, not same strain by SNP",FALSE
40021,T1,40021__T1,24230207701-1,longcycler,/Users/Aamir/Desktop/rUTIs/ont-yellow-routine-fastas/PR0010_barcode61_24230207701-1_longcycler.fasta,265aa19b032891ab955628523ed4420464b36fb0dcb888be2412ae83ba3e44fc,5252986,2025-10-24T09:26:58.456569Z,TRUE,TRUE,12,provider_qc95,12,12,40022,T2,40022__T2,24380201401-1,longcycler,/Users/Aamir/Desktop/rUTIs/ont-yellow-routine-fastas/PR0023_barcode42_24380201401-1-longcycler.fasta,23af4444a78222e7470154aba29e511fd082c62dd425705169cddf2c4fd505e8,5338480,2025-06-19T08:56:03.000000Z,TRUE,TRUE,12,provider_qc95,12,12,TRUE,99.989,53,/Users/Aamir/Desktop/rUTIs/outputs/nursing_home_candidate_clusters_20260717/direct_pairwise/dnadiff_cache_sha256_v1/40021__T1__vs__40022__T2__113d44ff6a6101816ec2aa0f.report,/Users/Aamir/Desktop/rUTIs/outputs/nursing_home_candidate_clusters_20260717/direct_pairwise/dnadiff_cache_sha256_v1/40021__T1__vs__40022__T2__113d44ff6a6101816ec2aa0f.provenance.json,a1b2c308485a83ec3bc53c6c55a17964907931d3e947f3f5cb8ca56b7534549b,113d44ff6a6101816ec2aa0fcaf834ac93b36c7d2fbc72189ecc470edc0f32e4,generated,dnadiff | DNAdiff version 1.3,3.12573e-4,1,104,104,104,0.5,NA,NA,Related,ST + partial concordance,FALSE,Above same-strain SNP threshold,Same ST,"Same lineage, not same strain by SNP","Same lineage, not same strain by SNP","Same lineage, not same strain by SNP",FALSE
40022,T0,40022__T0,24100219701-1,longcycler,/Users/Aamir/Desktop/rUTIs/ont-yellow-routine-fastas/PR0022_barcode31_24100219701-1-longcycler.fasta,656a1f7b9c3f14770cbc6be098625c7e3bde3d02d23759a3ff298a759ea409b0,5574258,2025-10-24T09:26:58.291286Z,TRUE,TRUE,12,provider_qc95,12,12,70027,T4,70027__T4,2526C095001-1,longcycler,/Users/Aamir/Desktop/rUTIs/ont-yellow-routine-fastas/PR0042_barcode56_2526C095001-longcycler.fasta,741f4be20d83459f7624734dc147c8fd15e7ed4df99bf88b2fa7d18d5c0a9ac6,5325798,2026-05-06T13:20:30.000000Z,TRUE,TRUE,12,provider_qc95,12,12,TRUE,99.9687,898,/Users/Aamir/Desktop/rUTIs/outputs/nursing_home_candidate_clusters_20260717/direct_pairwise/dnadiff_cache_sha256_v1/40022__T0__vs__70027__T4__f2d10ba337b08a56da7526ba.report,/Users/Aamir/Desktop/rUTIs/outputs/nursing_home_candidate_clusters_20260717/direct_pairwise/dnadiff_cache_sha256_v1/40022__T0__vs__70027__T4__f2d10ba337b08a56da7526ba.provenance.json,e39a4fe6c5e148b1dbe9aa84d784452f0454983c237d48c23c33f1028730e7dd,f2d10ba337b08a56da7526ba669a61dfd3e606d8147df66cc5fba0cc6696d2df,generated,dnadiff | DNAdiff version 1.3,0.00121124,1,106,106,106,0,NA,NA,Related,ST + partial concordance,FALSE,Above same-strain SNP threshold,Same ST,"Same lineage, not same strain by SNP","Same lineage, not same strain by SNP","Same lineage, not same strain by SNP",FALSE
40022,T0,40022__T0,24100219701-1,longcycler,/Users/Aamir/Desktop/rUTIs/ont-yellow-routine-fastas/PR0022_barcode31_24100219701-1-longcycler.fasta,656a1f7b9c3f14770cbc6be098625c7e3bde3d02d23759a3ff298a759ea409b0,5574258,2025-10-24T09:26:58.291286Z,TRUE,TRUE,12,provider_qc95,12,12,70027,T5,70027__T5,2539C119201-1,longcycler,/Users/Aamir/Desktop/rUTIs/ont-yellow-routine-fastas/PR0042_barcode79_2539C119201-longcycler.fasta,a0b60ba6254fa246895c9119454bec34b0bc42e850418b050ffe628dc693d08f,5353009,2026-05-06T13:20:42.000000Z,TRUE,TRUE,12,provider_qc95,12,12,TRUE,99.9731,792,/Users/Aamir/Desktop/rUTIs/outputs/nursing_home_candidate_clusters_20260717/direct_pairwise/dnadiff_cache_sha256_v1/40022__T0__vs__70027__T5__c816bf81c07eb91ef14d73ab.report,/Users/Aamir/Desktop/rUTIs/outputs/nursing_home_candidate_clusters_20260717/direct_pairwise/dnadiff_cache_sha256_v1/40022__T0__vs__70027__T5__c816bf81c07eb91ef14d73ab.provenance.json,09430d80013d54ffc35dcc8d45a7087c519d395fe6eb11a2d771510a87f09c53,c816bf81c07eb91ef14d73ab60f97873584f6eaa60d1475afd39068be13c76b9,generated,dnadiff | DNAdiff version 1.3,0.00121124,1,106,106,106,0,NA,NA,Related,ST + partial concordance,FALSE,Above same-strain SNP threshold,Same ST,"Same lineage, not same strain by SNP","Same lineage, not same strain by SNP","Same lineage, not same strain by SNP",FALSE
40022,T0,40022__T0,24100219701-1,longcycler,/Users/Aamir/Desktop/rUTIs/ont-yellow-routine-fastas/PR0022_barcode31_24100219701-1-longcycler.fasta,656a1f7b9c3f14770cbc6be098625c7e3bde3d02d23759a3ff298a759ea409b0,5574258,2025-10-24T09:26:58.291286Z,TRUE,TRUE,12,provider_qc95,12,12,70027,T6,70027__T6,2549C101801-1,longcycler,/Users/Aamir/Desktop/rUTIs/ont-yellow-routine-fastas/PR0049_barcode21_2549C101801-1-longcycler.fasta,927247d654ab5602d8e2fe61674a6aa3a347cd5cf6ab487f6ad5f83dcbccc9b5,5351360,2026-05-06T13:22:12.000000Z,TRUE,TRUE,12,provider_qc95,12,12,TRUE,99.9672,915,/Users/Aamir/Desktop/rUTIs/outputs/nursing_home_candidate_clusters_20260717/direct_pairwise/dnadiff_cache_sha256_v1/40022__T0__vs__70027__T6__43393264edb7598b838d0ab9.report,/Users/Aamir/Desktop/rUTIs/outputs/nursing_home_candidate_clusters_20260717/direct_pairwise/dnadiff_cache_sha256_v1/40022__T0__vs__70027__T6__43393264edb7598b838d0ab9.provenance.json,8d05db84a258c051ec099271c2e9c5b049a8f825f6198479c94ef484c5021e4e,43393264edb7598b838d0ab98fda8972a62c842f6da3723a90c71e394bfd5a90,generated,dnadiff | DNAdiff version 1.3,0.00128842,1,106,106,106,0,NA,NA,Related,ST + partial concordance,FALSE,Above same-strain SNP threshold,Same ST,"Same lineage, not same strain by SNP","Same lineage, not same strain by SNP","Same lineage, not same strain by SNP",FALSE
110061,T0,110061__T0,24210087001-1,longcycler,/Users/Aamir/Desktop/rUTIs/ont-yellow-routine-fastas/PR0017_barcode05_24210087001-1-longcycler.fasta,3d6e0065294313634e7e3d71da17558c90e5e3dd326bc6332d161c50dcafa75c,5297774,2025-10-24T09:26:57.493905Z,TRUE,TRUE,131,provider_qc95,131,131,20032,T2,20032__T2,24360031301-1,longcycler,/Users/Aamir/Desktop/rUTIs/ont-yellow-routine-fastas/PR0023_barcode33_24360031301-1-longcycler.fasta,7feafc7b3a67dee2228e08fa0a4a1b54877ac3518103eb5260e09c0e5bb66989,5292209,2025-06-19T08:55:59.000000Z,TRUE,TRUE,131,provider_qc95,131,131,TRUE,99.9863,262,/Users/Aamir/Desktop/rUTIs/outputs/nursing_home_candidate_clusters_20260717/direct_pairwise/dnadiff_cache_sha256_v1/110061__T0__vs__20032__T2__f32670817cf295f574cdbc75.report,/Users/Aamir/Desktop/rUTIs/outputs/nursing_home_candidate_clusters_20260717/direct_pairwise/dnadiff_cache_sha256_v1/110061__T0__vs__20032__T2__f32670817cf295f574cdbc75.provenance.json,2798d17f623c9919634056aafb3d42d35e40803699b9fcde29ecbc12fe15fad3,f32670817cf295f574cdbc75d0d3fda7f7949ddb4b316bbcf77b0b94728f413f,generated,dnadiff | DNAdiff version 1.3,2.38274e-5,1,84,84,84,1,NA,NA,Related,ST + partial concordance,FALSE,Above same-strain SNP threshold,Same ST,"Same lineage, not same strain by SNP","Same lineage, not same strain by SNP","Same lineage, not same strain by SNP",FALSE
110061,T0,110061__T0,24210087001-1,longcycler,/Users/Aamir/Desktop/rUTIs/ont-yellow-routine-fastas/PR0017_barcode05_24210087001-1-longcycler.fasta,3d6e0065294313634e7e3d71da17558c90e5e3dd326bc6332d161c50dcafa75c,5297774,2025-10-24T09:26:57.493905Z,TRUE,TRUE,131,provider_qc95,131,131,20032,T4,20032__T4,2510C044501-1,longcycler,/Users/Aamir/Desktop/rUTIs/ont-yellow-routine-fastas/PR0023_barcode41_2510C044501-1-longcycler.fasta,3f786620870341c752a3359b11e5f5080035d5c188b32f978f244976cc9796f5,5292222,2025-06-19T08:56:03.000000Z,TRUE,TRUE,131,provider_qc95,131,131,TRUE,99.987,266,/Users/Aamir/Desktop/rUTIs/outputs/nursing_home_candidate_clusters_20260717/direct_pairwise/dnadiff_cache_sha256_v1/110061__T0__vs__20032__T4__01e912df5bfe6fabf0a3c033.report,/Users/Aamir/Desktop/rUTIs/outputs/nursing_home_candidate_clusters_20260717/direct_pairwise/dnadiff_cache_sha256_v1/110061__T0__vs__20032__T4__01e912df5bfe6fabf0a3c033.provenance.json,636522ef098de1477ec4f37df21435e16d66e5569102af758886e7420e5f7768,01e912df5bfe6fabf0a3c0332f0020ccc938b8683dd78f83fdb415b12e211b98,generated,dnadiff | DNAdiff version 1.3,2.38274e-5,1,84,84,84,1,NA,NA,Related,ST + partial concordance,FALSE,Above same-strain SNP threshold,Same ST,"Same lineage, not same strain by SNP","Same lineage, not same strain by SNP","Same lineage, not same strain by SNP",FALSE
110061,T0,110061__T0,24210087001-1,longcycler,/Users/Aamir/Desktop/rUTIs/ont-yellow-routine-fastas/PR0017_barcode05_24210087001-1-longcycler.fasta,3d6e0065294313634e7e3d71da17558c90e5e3dd326bc6332d161c50dcafa75c,5297774,2025-10-24T09:26:57.493905Z,TRUE,TRUE,131,provider_qc95,131,131,20032,T5,20032__T5,2521C036501-1,longcycler,/Users/Aamir/Desktop/rUTIs/ont-yellow-routine-fastas/PR0024_barcode39_2521C036501-1-longcycler.fasta,5e36a0780cb416fb9eb56937668dd7d63d41d655110801cde746d408e2284528,5306107,2026-05-06T13:19:22.000000Z,TRUE,TRUE,131,provider_qc95,131,131,TRUE,99.987,271,/Users/Aamir/Desktop/rUTIs/outputs/nursing_home_candidate_clusters_20260717/direct_pairwise/dnadiff_cache_sha256_v1/110061__T0__vs__20032__T5__d39a4a05a4674b68ec46a717.report,/Users/Aamir/Desktop/rUTIs/outputs/nursing_home_candidate_clusters_20260717/direct_pairwise/dnadiff_cache_sha256_v1/110061__T0__vs__20032__T5__d39a4a05a4674b68ec46a717.provenance.json,9ad50fcaf8f254130b23b06a0bc51b92f0cf48d1852493a2e0eaab668621fc21,d39a4a05a4674b68ec46a717d96fb7c2173e3f1ffa6d7905921d8de8b563563a,generated,dnadiff | DNAdiff version 1.3,2.38274e-5,1,84,84,84,1,NA,NA,Related,ST + partial concordance,FALSE,Above same-strain SNP threshold,Same ST,"Same lineage, not same strain by SNP","Same lineage, not same strain by SNP","Same lineage, not same strain by SNP",FALSE
140029,T0,140029__T0,24230068201-2,longcycler,/Users/Aamir/Desktop/rUTIs/ont-yellow-routine-fastas/PR0023_barcode14_24230068201-2-longcycler.fasta,9aa9873ccab3d49cd89f6972fc453fa95e1a416253df5323e3bfd059d1db94e4,5269502,2025-06-19T08:55:50.000000Z,TRUE,TRUE,131,provider_qc95,131,131,20084,T4,20084__T4,2510C043101-1,longcycler,/Users/Aamir/Desktop/rUTIs/ont-yellow-routine-fastas/PR0048_barcode41_2510C043101-1-longcycler.fasta,743f4118b510c0fa8ea8ed78d636fa642a366bfb9341a944481d30b701f088cb,5411240,2026-05-06T13:21:20.000000Z,TRUE,TRUE,131,provider_qc95,131,131,TRUE,99.9846,65,/Users/Aamir/Desktop/rUTIs/outputs/nursing_home_candidate_clusters_20260717/direct_pairwise/dnadiff_cache_sha256_v1/140029__T0__vs__20084__T4__b5aaad0f699c988f71ae272a.report,/Users/Aamir/Desktop/rUTIs/outputs/nursing_home_candidate_clusters_20260717/direct_pairwise/dnadiff_cache_sha256_v1/140029__T0__vs__20084__T4__b5aaad0f699c988f71ae272a.provenance.json,d4355ebdda289fded3d16db65bb680ab2d15ec151ae8e07e5f04e906f1a5f4a5,b5aaad0f699c988f71ae272a3c33b3412a0d56ca0445c203b5490a38e0831e97,generated,dnadiff | DNAdiff version 1.3,1.91626e-4,1,75,75,75,1,NA,NA,Related,ST + partial concordance,FALSE,Above same-strain SNP threshold,Same ST,"Same lineage, not same strain by SNP","Same lineage, not same strain by SNP","Same lineage, not same strain by SNP",FALSE
20032,T0,20032__T0,24110180101-1,longcycler,/Users/Aamir/Desktop/rUTIs/ont-yellow-routine-fastas/PR0010_barcode06_24110180101-1_longcycler.fasta,e7866a3b5059dabeedc4131dc1ee86ff0aec8275875fda0640c6e0677e075dd1,5292093,2025-10-24T09:26:57.938041Z,TRUE,TRUE,131,provider_qc95,131,131,110061,T0,110061__T0,24210087001-1,longcycler,/Users/Aamir/Desktop/rUTIs/ont-yellow-routine-fastas/PR0017_barcode05_24210087001-1-longcycler.fasta,3d6e0065294313634e7e3d71da17558c90e5e3dd326bc6332d161c50dcafa75c,5297774,2025-10-24T09:26:57.493905Z,TRUE,TRUE,131,provider_qc95,131,131,TRUE,99.9829,263,/Users/Aamir/Desktop/rUTIs/outputs/nursing_home_candidate_clusters_20260717/direct_pairwise/dnadiff_cache_sha256_v1/20032__T0__vs__110061__T0__3aca897aeca19a46a7aaf4f7.report,/Users/Aamir/Desktop/rUTIs/outputs/nursing_home_candidate_clusters_20260717/direct_pairwise/dnadiff_cache_sha256_v1/20032__T0__vs__110061__T0__3aca897aeca19a46a7aaf4f7.provenance.json,abf621ab6f7c58d8b1f0f035f4903d1e5db801494eb0a31060a059cd00c86199,3aca897aeca19a46a7aaf4f7e0816304516dc7f92c22dab8079224402180e5e7,generated,dnadiff | DNAdiff version 1.3,4.76906e-5,1,84,84,84,1,NA,NA,Related,ST + partial concordance,FALSE,Above same-strain SNP threshold,Same ST,"Same lineage, not same strain by SNP","Same lineage, not same strain by SNP","Same lineage, not same strain by SNP",FALSE
20032,T0,20032__T0,24110180101-1,longcycler,/Users/Aamir/Desktop/rUTIs/ont-yellow-routine-fastas/PR0010_barcode06_24110180101-1_longcycler.fasta,e7866a3b5059dabeedc4131dc1ee86ff0aec8275875fda0640c6e0677e075dd1,5292093,2025-10-24T09:26:57.938041Z,TRUE,TRUE,131,provider_qc95,131,131,20033,T2,20033__T2,24360064101-1,longcycler,/Users/Aamir/Desktop/rUTIs/ont-yellow-routine-fastas/PR0024_barcode57_24360064101-1-longcycler.fasta,53e51f69d481588412f1d26dc249f0f9018f88d2d5ee02263e04415a54b24702,5309019,2026-05-06T13:19:34.000000Z,TRUE,TRUE,131,provider_qc95,131,131,TRUE,99.9852,162,/Users/Aamir/Desktop/rUTIs/outputs/nursing_home_candidate_clusters_20260717/direct_pairwise/dnadiff_cache_sha256_v1/20032__T0__vs__20033__T2__ffc25230f905aa53bbee0d39.report,/Users/Aamir/Desktop/rUTIs/outputs/nursing_home_candidate_clusters_20260717/direct_pairwise/dnadiff_cache_sha256_v1/20032__T0__vs__20033__T2__ffc25230f905aa53bbee0d39.provenance.json,f9851e27b27a89772f86980f4bfadd2426d575a8484c2608e207244552839fe2,ffc25230f905aa53bbee0d39df54ce1476f51fe3ec420005ed889e71b6267117,generated,dnadiff | DNAdiff version 1.3,9.55247e-5,1,84,84,84,1,NA,NA,Related,ST + partial concordance,FALSE,Above same-strain SNP threshold,Same ST,"Same lineage, not same strain by SNP","Same lineage, not same strain by SNP","Same lineage, not same strain by SNP",FALSE
20032,T1,20032__T1,24240064401-1,longcycler,/Users/Aamir/Desktop/rUTIs/ont-yellow-routine-fastas/PR0010_barcode45_24240064401-1_longcycler.fasta,618679d377f1057af9e334c10069b03e090faeb28123b474650f89c8e5b0a3d9,5292167,2025-10-24T09:26:57.944314Z,TRUE,TRUE,131,provider_qc95,131,131,110061,T0,110061__T0,24210087001-1,longcycler,/Users/Aamir/Desktop/rUTIs/ont-yellow-routine-fastas/PR0017_barcode05_24210087001-1-longcycler.fasta,3d6e0065294313634e7e3d71da17558c90e5e3dd326bc6332d161c50dcafa75c,5297774,2025-10-24T09:26:57.493905Z,TRUE,TRUE,131,provider_qc95,131,131,TRUE,99.9851,259,/Users/Aamir/Desktop/rUTIs/outputs/nursing_home_candidate_clusters_20260717/direct_pairwise/dnadiff_cache_sha256_v1/20032__T1__vs__110061__T0__45cba5750637408b010fdd5a.report,/Users/Aamir/Desktop/rUTIs/outputs/nursing_home_candidate_clusters_20260717/direct_pairwise/dnadiff_cache_sha256_v1/20032__T1__vs__110061__T0__45cba5750637408b010fdd5a.provenance.json,a067d726dbdc6ed269953e8d5646e047ed9e926d81567f2977527092b95c04cc,45cba5750637408b010fdd5a5d95c5f81560e2cc3bd46b93a64cfa1e3081f174,generated,dnadiff | DNAdiff version 1.3,2.38274e-5,1,84,84,84,1,NA,NA,Related,ST + partial concordance,FALSE,Above same-strain SNP threshold,Same ST,"Same lineage, not same strain by SNP","Same lineage, not same strain by SNP","Same lineage, not same strain by SNP",FALSE
20032,T1,20032__T1,24240064401-1,longcycler,/Users/Aamir/Desktop/rUTIs/ont-yellow-routine-fastas/PR0010_barcode45_24240064401-1_longcycler.fasta,618679d377f1057af9e334c10069b03e090faeb28123b474650f89c8e5b0a3d9,5292167,2025-10-24T09:26:57.944314Z,TRUE,TRUE,131,provider_qc95,131,131,20033,T2,20033__T2,24360064101-1,longcycler,/Users/Aamir/Desktop/rUTIs/ont-yellow-routine-fastas/PR0024_barcode57_24360064101-1-longcycler.fasta,53e51f69d481588412f1d26dc249f0f9018f88d2d5ee02263e04415a54b24702,5309019,2026-05-06T13:19:34.000000Z,TRUE,TRUE,131,provider_qc95,131,131,TRUE,99.9875,160,/Users/Aamir/Desktop/rUTIs/outputs/nursing_home_candidate_clusters_20260717/direct_pairwise/dnadiff_cache_sha256_v1/20032__T1__vs__20033__T2__67fd191240f73a38639cfb69.report,/Users/Aamir/Desktop/rUTIs/outputs/nursing_home_candidate_clusters_20260717/direct_pairwise/dnadiff_cache_sha256_v1/20032__T1__vs__20033__T2__67fd191240f73a38639cfb69.provenance.json,ad7db86c766b71130719d0965d0e5ad4c1772de321b42a7d79a923f3e967a9c0,67fd191240f73a38639cfb69022480560c74dcd2ceed05c7cf1b46d3381bc0f3,generated,dnadiff | DNAdiff version 1.3,7.15897e-5,1,84,84,84,1,NA,NA,Related,ST + partial concordance,FALSE,Above same-strain SNP threshold,Same ST,"Same lineage, not same strain by SNP","Same lineage, not same strain by SNP","Same lineage, not same strain by SNP",FALSE
20032,T2,20032__T2,24360031301-1,longcycler,/Users/Aamir/Desktop/rUTIs/ont-yellow-routine-fastas/PR0023_barcode33_24360031301-1-longcycler.fasta,7feafc7b3a67dee2228e08fa0a4a1b54877ac3518103eb5260e09c0e5bb66989,5292209,2025-06-19T08:55:59.000000Z,TRUE,TRUE,131,provider_qc95,131,131,20033,T2,20033__T2,24360064101-1,longcycler,/Users/Aamir/Desktop/rUTIs/ont-yellow-routine-fastas/PR0024_barcode57_24360064101-1-longcycler.fasta,53e51f69d481588412f1d26dc249f0f9018f88d2d5ee02263e04415a54b24702,5309019,2026-05-06T13:19:34.000000Z,TRUE,TRUE,131,provider_qc95,131,131,TRUE,99.9882,166,/Users/Aamir/Desktop/rUTIs/outputs/nursing_home_candidate_clusters_20260717/direct_pairwise/dnadiff_cache_sha256_v1/20032__T2__vs__20033__T2__a92e93dc36ec9272f0019ed5.report,/Users/Aamir/Desktop/rUTIs/outputs/nursing_home_candidate_clusters_20260717/direct_pairwise/dnadiff_cache_sha256_v1/20032__T2__vs__20033__T2__a92e93dc36ec9272f0019ed5.provenance.json,fcae50d5c99394526e382d6f33127c91a4abdb8329e2be3e9d966863ff175277,a92e93dc36ec9272f0019ed59dbec6771446748f3b2786bf61578047dd45cfbd,generated,dnadiff | DNAdiff version 1.3,7.15897e-5,1,84,84,84,1,NA,NA,Related,ST + partial concordance,FALSE,Above same-strain SNP threshold,Same ST,"Same lineage, not same strain by SNP","Same lineage, not same strain by SNP","Same lineage, not same strain by SNP",FALSE
20032,T4,20032__T4,2510C044501-1,longcycler,/Users/Aamir/Desktop/rUTIs/ont-yellow-routine-fastas/PR0023_barcode41_2510C044501-1-longcycler.fasta,3f786620870341c752a3359b11e5f5080035d5c188b32f978f244976cc9796f5,5292222,2025-06-19T08:56:03.000000Z,TRUE,TRUE,131,provider_qc95,131,131,20033,T2,20033__T2,24360064101-1,longcycler,/Users/Aamir/Desktop/rUTIs/ont-yellow-routine-fastas/PR0024_barcode57_24360064101-1-longcycler.fasta,53e51f69d481588412f1d26dc249f0f9018f88d2d5ee02263e04415a54b24702,5309019,2026-05-06T13:19:34.000000Z,TRUE,TRUE,131,provider_qc95,131,131,TRUE,99.9882,167,/Users/Aamir/Desktop/rUTIs/outputs/nursing_home_candidate_clusters_20260717/direct_pairwise/dnadiff_cache_sha256_v1/20032__T4__vs__20033__T2__680c8246a183ffc3bfbedfac.report,/Users/Aamir/Desktop/rUTIs/outputs/nursing_home_candidate_clusters_20260717/direct_pairwise/dnadiff_cache_sha256_v1/20032__T4__vs__20033__T2__680c8246a183ffc3bfbedfac.provenance.json,354f7b7ac145eb726984de06233ba865669cacbacf406c0a3eb203a852d38c84,680c8246a183ffc3bfbedfac2273db4bb3b7906f9e8369746e44eaecaf55d1f1,generated,dnadiff | DNAdiff version 1.3,7.15897e-5,1,84,84,84,1,NA,NA,Related,ST + partial concordance,FALSE,Above same-strain SNP threshold,Same ST,"Same lineage, not same strain by SNP","Same lineage, not same strain by SNP","Same lineage, not same strain by SNP",FALSE
20032,T5,20032__T5,2521C036501-1,longcycler,/Users/Aamir/Desktop/rUTIs/ont-yellow-routine-fastas/PR0024_barcode39_2521C036501-1-longcycler.fasta,5e36a0780cb416fb9eb56937668dd7d63d41d655110801cde746d408e2284528,5306107,2026-05-06T13:19:22.000000Z,TRUE,TRUE,131,provider_qc95,131,131,20033,T2,20033__T2,24360064101-1,longcycler,/Users/Aamir/Desktop/rUTIs/ont-yellow-routine-fastas/PR0024_barcode57_24360064101-1-longcycler.fasta,53e51f69d481588412f1d26dc249f0f9018f88d2d5ee02263e04415a54b24702,5309019,2026-05-06T13:19:34.000000Z,TRUE,TRUE,131,provider_qc95,131,131,TRUE,99.9886,171,/Users/Aamir/Desktop/rUTIs/outputs/nursing_home_candidate_clusters_20260717/direct_pairwise/dnadiff_cache_sha256_v1/20032__T5__vs__20033__T2__26468ec7db3f949b91bd9850.report,/Users/Aamir/Desktop/rUTIs/outputs/nursing_home_candidate_clusters_20260717/direct_pairwise/dnadiff_cache_sha256_v1/20032__T5__vs__20033__T2__26468ec7db3f949b91bd9850.provenance.json,edfcdb63e5d74faf1f39c06dddb5c28ccc6251892eed541a7b670018ce89dc18,26468ec7db3f949b91bd985031f0a73be2caef4a7f4d2dbb952194ac8cdf03fd,generated,dnadiff | DNAdiff version 1.3,7.15897e-5,1,84,84,84,1,NA,NA,Related,ST + partial concordance,FALSE,Above same-strain SNP threshold,Same ST,"Same lineage, not same strain by SNP","Same lineage, not same strain by SNP","Same lineage, not same strain by SNP",FALSE
20058,T2,20058__T2,24360033801-1,longcycler,/Users/Aamir/Desktop/rUTIs/ont-yellow-routine-fastas/PR0048_barcode13_24360033801-1-longcycler.fasta,abc7cf5fd69e198bdd9a57fe43465d2fb00cc0e8b42d9e83b4a88d3b83c12851,4865103,2026-05-06T13:21:02.000000Z,TRUE,TRUE,2005,provider_qc95,2005,2005,20062,T6,20062__T6,2536C068101-1,longcycler,/Users/Aamir/Desktop/rUTIs/ont-yellow-routine-fastas/PR0048_barcode80_2536C068101-1-longcycler.fasta,b240c4b53c0df6f3398299a3287d1d46825ae460b08c78ab5654a38803038016,4865133,2026-05-06T13:21:48.000000Z,TRUE,TRUE,2005,provider_qc95,2005,2005,TRUE,99.99,75,/Users/Aamir/Desktop/rUTIs/outputs/nursing_home_candidate_clusters_20260717/direct_pairwise/dnadiff_cache_sha256_v1/20058__T2__vs__20062__T6__8aa026e39368810380ae1085.report,/Users/Aamir/Desktop/rUTIs/outputs/nursing_home_candidate_clusters_20260717/direct_pairwise/dnadiff_cache_sha256_v1/20058__T2__vs__20062__T6__8aa026e39368810380ae1085.provenance.json,3d7023fb1270ed74d58f32152e0fd097b5c95faa1cd1d242c00338f6040f9e07,8aa026e39368810380ae108511a4c230c2927dcd2c596d9f2293615974dd488b,generated,dnadiff | DNAdiff version 1.3,0,1,50,50,50,NA,NA,NA,Related,ST + partial concordance,FALSE,Above same-strain SNP threshold,Same ST,"Same lineage, not same strain by SNP","Same lineage, not same strain by SNP","Same lineage, not same strain by SNP",FALSE
20037,T2,20037__T2,24360034901-1,longcycler,/Users/Aamir/Desktop/rUTIs/ont-yellow-routine-fastas/PR0023_barcode38_24360034901-1-longcycler.fasta,09b0d2294843a1de001e5ecd7223cc675140b305463b8baf16d2eb2492043968,5408236,2025-06-19T08:56:01.000000Z,TRUE,TRUE,69,provider_qc95,69,69,20072,T3,20072__T3,2449C049001-1,longcycler,/Users/Aamir/Desktop/rUTIs/ont-yellow-routine-fastas/PR0048_barcode25_2449C049001-1-longcycler.fasta,40ca42b5a1f785a5110e2c1f36f361df08c473a53642eacf649fc3c0680fdffa,5292316,2026-05-06T13:21:10.000000Z,TRUE,TRUE,69,provider_qc95,69,69,TRUE,99.9895,173,/Users/Aamir/Desktop/rUTIs/outputs/nursing_home_candidate_clusters_20260717/direct_pairwise/dnadiff_cache_sha256_v1/20037__T2__vs__20072__T3__24537e425082d96e624cc0ea.report,/Users/Aamir/Desktop/rUTIs/outputs/nursing_home_candidate_clusters_20260717/direct_pairwise/dnadiff_cache_sha256_v1/20037__T2__vs__20072__T3__24537e425082d96e624cc0ea.provenance.json,2b7716e33f151d485e9b6df86bcc1e65900279114e748aef3c88d1dee47c2289,24537e425082d96e624cc0eafb4c2eeb5a2af339fa1edf3174a514fcc7675e21,generated,dnadiff | DNAdiff version 1.3,1.19496e-4,1,86,86,86,1,NA,NA,Related,ST + partial concordance,FALSE,Above same-strain SNP threshold,Same ST,"Same lineage, not same strain by SNP","Same lineage, not same strain by SNP","Same lineage, not same strain by SNP",FALSE
140007,T0,140007__T0,24230067801-1,longcycler,/Users/Aamir/Desktop/rUTIs/ont-yellow-routine-fastas/PR0017_barcode28_24230067801-1-longcycler.fasta,757b6c4522cb92e55b86d8fd2fe1936ddfa0d7f32c146b4eefec2f04bf650cd6,5272831,2025-10-24T09:26:57.174056Z,TRUE,TRUE,73,provider_qc95,73,73,130024,T3,130024__T3,2509C211701-2,longcycler,/Users/Aamir/Desktop/rUTIs/ont-yellow-routine-fastas/PR0048_barcode36_2509C211701-2-longcycler.fasta,0ddfcf35aeb4f3f0fa73e087f6d77c2a6ec7c62e67e371e88dbaeca3e721834c,5346600,2026-05-06T13:21:16.000000Z,TRUE,TRUE,73,provider_qc95,73,73,TRUE,99.9858,267,/Users/Aamir/Desktop/rUTIs/outputs/nursing_home_candidate_clusters_20260717/direct_pairwise/dnadiff_cache_sha256_v1/140007__T0__vs__130024__T3__9c37ad29f04a62cdb3ce0d02.report,/Users/Aamir/Desktop/rUTIs/outputs/nursing_home_candidate_clusters_20260717/direct_pairwise/dnadiff_cache_sha256_v1/140007__T0__vs__130024__T3__9c37ad29f04a62cdb3ce0d02.provenance.json,e0f0b9920a07ec060224271fbb1771044814e485bf5212a8d792add2c2639859,9c37ad29f04a62cdb3ce0d0237cf51393fe07abdf55e8c36fef76a29896e7380,generated,dnadiff | DNAdiff version 1.3,4.34439e-4,1,92,92,92,NA,NA,NA,Related,ST + partial concordance,FALSE,Above same-strain SNP threshold,Same ST,"Same lineage, not same strain by SNP","Same lineage, not same strain by SNP","Same lineage, not same strain by SNP",FALSE
140007,T2,140007__T2,2449C179601-1,longcycler,/Users/Aamir/Desktop/rUTIs/ont-yellow-routine-fastas/PR0048_barcode28_2449C179601-1-longcycler.fasta,792558e82a36c0477d2bf33b8bc0c89c5d1e75352eac9149d2e7e597b8251572,5408691,2026-05-06T13:21:10.000000Z,TRUE,TRUE,12,provider_qc95,12,12,20084,T6,20084__T6,2536C068701-1,longcycler,/Users/Aamir/Desktop/rUTIs/ont-yellow-routine-fastas/PR0048_barcode81_2536C068701-1-longcycler.fasta,ae9ccca1fe13259c401104efde755363d841ee0539bf4e05c6adc5c02fb7c609,5402871,2026-05-06T13:21:48.000000Z,TRUE,TRUE,12,provider_qc95,12,12,TRUE,99.985,102,/Users/Aamir/Desktop/rUTIs/outputs/nursing_home_candidate_clusters_20260717/direct_pairwise/dnadiff_cache_sha256_v1/140007__T2__vs__20084__T6__0f771db76d3aa69071b07391.report,/Users/Aamir/Desktop/rUTIs/outputs/nursing_home_candidate_clusters_20260717/direct_pairwise/dnadiff_cache_sha256_v1/140007__T2__vs__20084__T6__0f771db76d3aa69071b07391.provenance.json,3ebbd4f536a350a80f197e7f587e0bdf9202f9127bdc3500de800ea1c3e305e8,0f771db76d3aa69071b07391f5a81674d9deeb369ad1d3bdea85c9d55d92bb59,generated,dnadiff | DNAdiff version 1.3,7.15897e-5,1,97,97,97,1,NA,NA,Related,ST + partial concordance,FALSE,Above same-strain SNP threshold,Same ST,"Same lineage, not same strain by SNP","Same lineage, not same strain by SNP","Same lineage, not same strain by SNP",FALSE
40022,T1,40022__T1,24230209101-1,longcycler,/Users/Aamir/Desktop/rUTIs/ont-yellow-routine-fastas/PR0017_barcode30_24230209101-1-longcycler.fasta,0f7393b8813bcf3a5def65eb1061b2ed77c1d5727a159ba4728747f29ab62333,5437724,2025-10-24T09:26:57.949968Z,TRUE,TRUE,12,provider_qc95,12,12,70027,T4,70027__T4,2526C095001-1,longcycler,/Users/Aamir/Desktop/rUTIs/ont-yellow-routine-fastas/PR0042_barcode56_2526C095001-longcycler.fasta,741f4be20d83459f7624734dc147c8fd15e7ed4df99bf88b2fa7d18d5c0a9ac6,5325798,2026-05-06T13:20:30.000000Z,TRUE,TRUE,12,provider_qc95,12,12,TRUE,99.968,906,/Users/Aamir/Desktop/rUTIs/outputs/nursing_home_candidate_clusters_20260717/direct_pairwise/dnadiff_cache_sha256_v1/40022__T1__vs__70027__T4__fc9da1677e171544755856f2.report,/Users/Aamir/Desktop/rUTIs/outputs/nursing_home_candidate_clusters_20260717/direct_pairwise/dnadiff_cache_sha256_v1/40022__T1__vs__70027__T4__fc9da1677e171544755856f2.provenance.json,c8bc6991586ff4a5260461bab15395293854f8288c4dc804bcd5fae072ee75cb,fc9da1677e171544755856f22de11a78b41fb03d77fb2cf5a4f56c1cd570da49,generated,dnadiff | DNAdiff version 1.3,0.00126265,1,106,106,106,0,NA,NA,Related,ST + partial concordance,FALSE,Above same-strain SNP threshold,Same ST,"Same lineage, not same strain by SNP","Same lineage, not same strain by SNP","Same lineage, not same strain by SNP",FALSE
40022,T1,40022__T1,24230209101-1,longcycler,/Users/Aamir/Desktop/rUTIs/ont-yellow-routine-fastas/PR0017_barcode30_24230209101-1-longcycler.fasta,0f7393b8813bcf3a5def65eb1061b2ed77c1d5727a159ba4728747f29ab62333,5437724,2025-10-24T09:26:57.949968Z,TRUE,TRUE,12,provider_qc95,12,12,70027,T5,70027__T5,2539C119201-1,longcycler,/Users/Aamir/Desktop/rUTIs/ont-yellow-routine-fastas/PR0042_barcode79_2539C119201-longcycler.fasta,a0b60ba6254fa246895c9119454bec34b0bc42e850418b050ffe628dc693d08f,5353009,2026-05-06T13:20:42.000000Z,TRUE,TRUE,12,provider_qc95,12,12,TRUE,99.9725,797,/Users/Aamir/Desktop/rUTIs/outputs/nursing_home_candidate_clusters_20260717/direct_pairwise/dnadiff_cache_sha256_v1/40022__T1__vs__70027__T5__8a14909ca679385d1986787d.report,/Users/Aamir/Desktop/rUTIs/outputs/nursing_home_candidate_clusters_20260717/direct_pairwise/dnadiff_cache_sha256_v1/40022__T1__vs__70027__T5__8a14909ca679385d1986787d.provenance.json,ce475cde8536136c5468d5fa03733e49a4cb4de046c7e7d00e3e78dde6fee573,8a14909ca679385d1986787d52c415355f466cea79aa6427c190d40affb3a784,generated,dnadiff | DNAdiff version 1.3,0.00126265,1,106,106,106,0,NA,NA,Related,ST + partial concordance,FALSE,Above same-strain SNP threshold,Same ST,"Same lineage, not same strain by SNP","Same lineage, not same strain by SNP","Same lineage, not same strain by SNP",FALSE
40022,T1,40022__T1,24230209101-1,longcycler,/Users/Aamir/Desktop/rUTIs/ont-yellow-routine-fastas/PR0017_barcode30_24230209101-1-longcycler.fasta,0f7393b8813bcf3a5def65eb1061b2ed77c1d5727a159ba4728747f29ab62333,5437724,2025-10-24T09:26:57.949968Z,TRUE,TRUE,12,provider_qc95,12,12,70027,T6,70027__T6,2549C101801-1,longcycler,/Users/Aamir/Desktop/rUTIs/ont-yellow-routine-fastas/PR0049_barcode21_2549C101801-1-longcycler.fasta,927247d654ab5602d8e2fe61674a6aa3a347cd5cf6ab487f6ad5f83dcbccc9b5,5351360,2026-05-06T13:22:12.000000Z,TRUE,TRUE,12,provider_qc95,12,12,TRUE,99.9667,933,/Users/Aamir/Desktop/rUTIs/outputs/nursing_home_candidate_clusters_20260717/direct_pairwise/dnadiff_cache_sha256_v1/40022__T1__vs__70027__T6__4df141e07ccaba9ebc0d5eae.report,/Users/Aamir/Desktop/rUTIs/outputs/nursing_home_candidate_clusters_20260717/direct_pairwise/dnadiff_cache_sha256_v1/40022__T1__vs__70027__T6__4df141e07ccaba9ebc0d5eae.provenance.json,56d5436758a9ec298bd8dd4f88b239cbe1cc816bcd1b5cd9edb3ee950519de42,4df141e07ccaba9ebc0d5eae460528242201b30497af2a5b6014251666bd1841,generated,dnadiff | DNAdiff version 1.3,0.00134007,1,106,106,106,0,NA,NA,Related,ST + partial concordance,FALSE,Above same-strain SNP threshold,Same ST,"Same lineage, not same strain by SNP","Same lineage, not same strain by SNP","Same lineage, not same strain by SNP",FALSE
80029,T0,80029__T0,24190082801-1,longcycler,/Users/Aamir/Desktop/rUTIs/ont-yellow-routine-fastas/PR0010_barcode34_24190082801-1_longcycler.fasta,d8eda8e096e69adba2b5dc9d27426b45123fab73285c271093c0af41a8333264,5147045,2025-10-24T09:26:59.191249Z,TRUE,TRUE,12,provider_qc95,12,12,140007,T2,140007__T2,2449C179601-1,longcycler,/Users/Aamir/Desktop/rUTIs/ont-yellow-routine-fastas/PR0048_barcode28_2449C179601-1-longcycler.fasta,792558e82a36c0477d2bf33b8bc0c89c5d1e75352eac9149d2e7e597b8251572,5408691,2026-05-06T13:21:10.000000Z,TRUE,TRUE,12,provider_qc95,12,12,TRUE,99.9783,800,/Users/Aamir/Desktop/rUTIs/outputs/nursing_home_candidate_clusters_20260717/direct_pairwise/dnadiff_cache_sha256_v1/80029__T0__vs__140007__T2__8de7d9a1c93b99798a334e87.report,/Users/Aamir/Desktop/rUTIs/outputs/nursing_home_candidate_clusters_20260717/direct_pairwise/dnadiff_cache_sha256_v1/80029__T0__vs__140007__T2__8de7d9a1c93b99798a334e87.provenance.json,be40ecc9d995b6b6f44359ef293ea7872817e0c7cd19c4cf04a59bca3530ce80,8de7d9a1c93b99798a334e878169830ed19e0ca0a94c23a994e0b0930aecd7c4,generated,dnadiff | DNAdiff version 1.3,0.00232584,1,97,97,97,0,NA,NA,Related,ST + partial concordance,FALSE,Above same-strain SNP threshold,Same ST,"Same lineage, not same strain by SNP","Same lineage, not same strain by SNP","Same lineage, not same strain by SNP",FALSE
80029,T2,80029__T2,2444C079201-1,longcycler,/Users/Aamir/Desktop/rUTIs/ont-yellow-routine-fastas/PR0023_barcode50_2444C079201-1-longcycler.fasta,504d1e00541eeea375ac92ff9720098899b5af85ecc7cd5c76f22b21a278ca4c,5145224,2025-06-19T08:56:06.000000Z,TRUE,TRUE,12,provider_qc95,12,12,140007,T2,140007__T2,2449C179601-1,longcycler,/Users/Aamir/Desktop/rUTIs/ont-yellow-routine-fastas/PR0048_barcode28_2449C179601-1-longcycler.fasta,792558e82a36c0477d2bf33b8bc0c89c5d1e75352eac9149d2e7e597b8251572,5408691,2026-05-06T13:21:10.000000Z,TRUE,TRUE,12,provider_qc95,12,12,TRUE,99.9785,808,/Users/Aamir/Desktop/rUTIs/outputs/nursing_home_candidate_clusters_20260717/direct_pairwise/dnadiff_cache_sha256_v1/80029__T2__vs__140007__T2__1c35a9140b186d69389e19e5.report,/Users/Aamir/Desktop/rUTIs/outputs/nursing_home_candidate_clusters_20260717/direct_pairwise/dnadiff_cache_sha256_v1/80029__T2__vs__140007__T2__1c35a9140b186d69389e19e5.provenance.json,87fe221e224673d28f231014e5c7eb18384ca93568098bea95e4dc018194ee93,1c35a9140b186d69389e19e5cdaa92f7d473df3a3005d090193ab0d1ab0f8496,generated,dnadiff | DNAdiff version 1.3,0.00229842,1,97,97,97,0,NA,NA,Related,ST + partial concordance,FALSE,Above same-strain SNP threshold,Same ST,"Same lineage, not same strain by SNP","Same lineage, not same strain by SNP","Same lineage, not same strain by SNP",FALSE
80029,T3,80029__T3,2504C127101-1,longcycler,/Users/Aamir/Desktop/rUTIs/ont-yellow-routine-fastas/PR0023_barcode89_2504C127101-1-longcycler.fasta,7c076b72aab6906175c0e703c36e32e284c6f8b44a2f6043010a84cd818847b6,5146580,2025-06-19T08:56:24.000000Z,TRUE,TRUE,12,provider_qc95,12,12,140007,T2,140007__T2,2449C179601-1,longcycler,/Users/Aamir/Desktop/rUTIs/ont-yellow-routine-fastas/PR0048_barcode28_2449C179601-1-longcycler.fasta,792558e82a36c0477d2bf33b8bc0c89c5d1e75352eac9149d2e7e597b8251572,5408691,2026-05-06T13:21:10.000000Z,TRUE,TRUE,12,provider_qc95,12,12,TRUE,99.9782,816,/Users/Aamir/Desktop/rUTIs/outputs/nursing_home_candidate_clusters_20260717/direct_pairwise/dnadiff_cache_sha256_v1/80029__T3__vs__140007__T2__bddfbb7e671242c714e8246a.report,/Users/Aamir/Desktop/rUTIs/outputs/nursing_home_candidate_clusters_20260717/direct_pairwise/dnadiff_cache_sha256_v1/80029__T3__vs__140007__T2__bddfbb7e671242c714e8246a.provenance.json,b5f04e74dc8f946ce481a82e1eac0a1eda0b0f667b918367402722ce812ad7d6,bddfbb7e671242c714e8246a16c67b34424ef388ff2672918ad7c5412e6e617a,generated,dnadiff | DNAdiff version 1.3,0.00229842,1,97,97,97,0,NA,NA,Related,ST + partial concordance,FALSE,Above same-strain SNP threshold,Same ST,"Same lineage, not same strain by SNP","Same lineage, not same strain by SNP","Same lineage, not same strain by SNP",FALSE
80029,T5,80029__T5,2529C153401-1,longcycler,/Users/Aamir/Desktop/rUTIs/ont-yellow-routine-fastas/PR0042_barcode96_2529C153401-longcycler.fasta,fc857f7cd9d5fcfe98c4cea818610d308fa5e16fea044cb7dcad8b45598fcc22,5145211,2026-05-06T13:20:52.000000Z,TRUE,TRUE,12,provider_qc95,12,12,140007,T2,140007__T2,2449C179601-1,longcycler,/Users/Aamir/Desktop/rUTIs/ont-yellow-routine-fastas/PR0048_barcode28_2449C179601-1-longcycler.fasta,792558e82a36c0477d2bf33b8bc0c89c5d1e75352eac9149d2e7e597b8251572,5408691,2026-05-06T13:21:10.000000Z,TRUE,TRUE,12,provider_qc95,12,12,TRUE,99.9782,821,/Users/Aamir/Desktop/rUTIs/outputs/nursing_home_candidate_clusters_20260717/direct_pairwise/dnadiff_cache_sha256_v1/80029__T5__vs__140007__T2__b6ecea8958d64cbd020a785e.report,/Users/Aamir/Desktop/rUTIs/outputs/nursing_home_candidate_clusters_20260717/direct_pairwise/dnadiff_cache_sha256_v1/80029__T5__vs__140007__T2__b6ecea8958d64cbd020a785e.provenance.json,b5f96209dad6b77b71b8dbe648a34eaab486d79f2c436ad0f5106d146d249373,b6ecea8958d64cbd020a785e648ddd6d51eca0dbe916378633c7269f556240e3,generated,dnadiff | DNAdiff version 1.3,0.00229842,1,97,97,97,0,NA,NA,Related,ST + partial concordance,FALSE,Above same-strain SNP threshold,Same ST,"Same lineage, not same strain by SNP","Same lineage, not same strain by SNP","Same lineage, not same strain by SNP",FALSE
80029,T6,80029__T6,2542C109401-1,longcycler,/Users/Aamir/Desktop/rUTIs/ont-yellow-routine-fastas/PR0042_barcode95_2542C109401-longcycler.fasta,fbea3985062068bc666ba6e865ca2707acaa1920c04d15a6a5330d4237f0c8e3,5145206,2026-05-06T13:20:50.000000Z,TRUE,TRUE,12,provider_qc95,12,12,140007,T2,140007__T2,2449C179601-1,longcycler,/Users/Aamir/Desktop/rUTIs/ont-yellow-routine-fastas/PR0048_barcode28_2449C179601-1-longcycler.fasta,792558e82a36c0477d2bf33b8bc0c89c5d1e75352eac9149d2e7e597b8251572,5408691,2026-05-06T13:21:10.000000Z,TRUE,TRUE,12,provider_qc95,12,12,TRUE,99.9782,827,/Users/Aamir/Desktop/rUTIs/outputs/nursing_home_candidate_clusters_20260717/direct_pairwise/dnadiff_cache_sha256_v1/80029__T6__vs__140007__T2__67b799f5d7ed23a3451bad72.report,/Users/Aamir/Desktop/rUTIs/outputs/nursing_home_candidate_clusters_20260717/direct_pairwise/dnadiff_cache_sha256_v1/80029__T6__vs__140007__T2__67b799f5d7ed23a3451bad72.provenance.json,cd854b4e1de7233d58f9b19094d3ec433d0b1ec16d5747e63830ac971bb50b39,67b799f5d7ed23a3451bad72e75cc211b6a10f70b4189b2fb0fc1618b292f968,generated,dnadiff | DNAdiff version 1.3,0.00229842,1,97,97,97,0,NA,NA,Related,ST + partial concordance,FALSE,Above same-strain SNP threshold,Same ST,"Same lineage, not same strain by SNP","Same lineage, not same strain by SNP","Same lineage, not same strain by SNP",FALSE
100064,T0,100064__T0,24150194901-1,longcycler,/Users/Aamir/Desktop/rUTIs/ont-yellow-routine-fastas/PR0010_barcode38_24150194901-1_longcycler.fasta,cb162a3f3913deffca2c47534bca91fe8e83635b82704197bd94aadf900c8c35,5253901,2025-10-24T09:26:58.368135Z,TRUE,TRUE,131,provider_qc95,131,131,90008,T0,90008__T0,24190038401-1,longcycler,/Users/Aamir/Desktop/rUTIs/ont-yellow-routine-fastas/PR0018_barcode96_24190038401-1-longcycler.fasta,492c0cc4dfa52e225f1e5f3e30ed68dda7ac761672e4eb6e67104b45edeaa257,5197016,2025-10-24T09:26:57.509760Z,TRUE,TRUE,131,provider_qc95,131,131,TRUE,99.9834,188,/Users/Aamir/Desktop/rUTIs/outputs/nursing_home_candidate_clusters_20260717/direct_pairwise/dnadiff_cache_sha256_v1/100064__T0__vs__90008__T0__9e57cb30f5e7ef89a9701a48.report,/Users/Aamir/Desktop/rUTIs/outputs/nursing_home_candidate_clusters_20260717/direct_pairwise/dnadiff_cache_sha256_v1/100064__T0__vs__90008__T0__9e57cb30f5e7ef89a9701a48.provenance.json,1e971e1a0a7844ab10022591867de8bdf7d742939a0d1e05fe199db3ebceb89a,9e57cb30f5e7ef89a9701a48e31a8a08d0dd904fc05f4ee806e4ca105caf5815,generated,dnadiff | DNAdiff version 1.3,9.56583e-4,1,75,75,75,0.6666666666666666,NA,NA,Related,ST + partial concordance,FALSE,Above same-strain SNP threshold,Same ST,"Same lineage, not same strain by SNP","Same lineage, not same strain by SNP","Same lineage, not same strain by SNP",FALSE
100064,T1,100064__T1,24270071701-1,longcycler,/Users/Aamir/Desktop/rUTIs/ont-yellow-routine-fastas/PR0010_barcode76_24270071701-1_longcycler.fasta,6bb8154a894150d6760deb48c391bc7229b15a1fe84bdba846790dbe73a7c4f5,5200358,2025-10-24T09:26:57.394253Z,TRUE,TRUE,131,provider_qc95,131,131,90008,T0,90008__T0,24190038401-1,longcycler,/Users/Aamir/Desktop/rUTIs/ont-yellow-routine-fastas/PR0018_barcode96_24190038401-1-longcycler.fasta,492c0cc4dfa52e225f1e5f3e30ed68dda7ac761672e4eb6e67104b45edeaa257,5197016,2025-10-24T09:26:57.509760Z,TRUE,TRUE,131,provider_qc95,131,131,TRUE,99.9857,154,/Users/Aamir/Desktop/rUTIs/outputs/nursing_home_candidate_clusters_20260717/direct_pairwise/dnadiff_cache_sha256_v1/100064__T1__vs__90008__T0__b58631431358adeaecd512b1.report,/Users/Aamir/Desktop/rUTIs/outputs/nursing_home_candidate_clusters_20260717/direct_pairwise/dnadiff_cache_sha256_v1/100064__T1__vs__90008__T0__b58631431358adeaecd512b1.provenance.json,a1bcf154d0e15a1599de354bb78366296f8788459a8c41ceda20b996519527a0,b58631431358adeaecd512b15107502a80147cf5dd722c90a841dfb7e0dbe28e,generated,dnadiff | DNAdiff version 1.3,9.31334e-4,1,75,75,75,0.6666666666666666,NA,NA,Related,ST + partial concordance,FALSE,Above same-strain SNP threshold,Same ST,"Same lineage, not same strain by SNP","Same lineage, not same strain by SNP","Same lineage, not same strain by SNP",FALSE
110061,T0,110061__T0,24210087001-1,longcycler,/Users/Aamir/Desktop/rUTIs/ont-yellow-routine-fastas/PR0017_barcode05_24210087001-1-longcycler.fasta,3d6e0065294313634e7e3d71da17558c90e5e3dd326bc6332d161c50dcafa75c,5297774,2025-10-24T09:26:57.493905Z,TRUE,TRUE,131,provider_qc95,131,131,20033,T2,20033__T2,24360064101-1,longcycler,/Users/Aamir/Desktop/rUTIs/ont-yellow-routine-fastas/PR0024_barcode57_24360064101-1-longcycler.fasta,53e51f69d481588412f1d26dc249f0f9018f88d2d5ee02263e04415a54b24702,5309019,2026-05-06T13:19:34.000000Z,TRUE,TRUE,131,provider_qc95,131,131,TRUE,99.984,394,/Users/Aamir/Desktop/rUTIs/outputs/nursing_home_candidate_clusters_20260717/direct_pairwise/dnadiff_cache_sha256_v1/110061__T0__vs__20033__T2__7d984e337976756030928118.report,/Users/Aamir/Desktop/rUTIs/outputs/nursing_home_candidate_clusters_20260717/direct_pairwise/dnadiff_cache_sha256_v1/110061__T0__vs__20033__T2__7d984e337976756030928118.provenance.json,fd4820c7d0c91e3f6e6dcf52e1310f340468457756142bc513319d2c7ff9292c,7d984e3379767560309281188870398fa61f597358d3fa057c7ce0e57900025e,generated,dnadiff | DNAdiff version 1.3,9.55247e-5,1,84,84,84,1,NA,NA,Related,ST + partial concordance,FALSE,Above same-strain SNP threshold,Same ST,"Same lineage, not same strain by SNP","Same lineage, not same strain by SNP","Same lineage, not same strain by SNP",FALSE
110061,T1,110061__T1,24340101101-1,longcycler,/Users/Aamir/Desktop/rUTIs/ont-yellow-routine-fastas/PR0022_barcode15_24340101101-1-longcycler.fasta,ec1d2b45dde6fe8796262dbf025233d2c6c3622d666b47dd7bafa59bd1a647b7,5298603,2025-10-24T09:26:56.991956Z,TRUE,TRUE,131,provider_qc95,131,131,20032,T2,20032__T2,24360031301-1,longcycler,/Users/Aamir/Desktop/rUTIs/ont-yellow-routine-fastas/PR0023_barcode33_24360031301-1-longcycler.fasta,7feafc7b3a67dee2228e08fa0a4a1b54877ac3518103eb5260e09c0e5bb66989,5292209,2025-06-19T08:55:59.000000Z,TRUE,TRUE,131,provider_qc95,131,131,TRUE,99.987,288,/Users/Aamir/Desktop/rUTIs/outputs/nursing_home_candidate_clusters_20260717/direct_pairwise/dnadiff_cache_sha256_v1/110061__T1__vs__20032__T2__2c0b6face52385eaa8c3e711.report,/Users/Aamir/Desktop/rUTIs/outputs/nursing_home_candidate_clusters_20260717/direct_pairwise/dnadiff_cache_sha256_v1/110061__T1__vs__20032__T2__2c0b6face52385eaa8c3e711.provenance.json,dfabd70efcc9f9e1331a5ed8c4274547bc331d568568fe7f380278310b7fa59a,2c0b6face52385eaa8c3e7115a4d0f8430aff7ea90da7e8467b7cabcdb4518fd,generated,dnadiff | DNAdiff version 1.3,2.38274e-5,1,84,84,84,1,NA,NA,Related,ST + partial concordance,FALSE,Above same-strain SNP threshold,Same ST,"Same lineage, not same strain by SNP","Same lineage, not same strain by SNP","Same lineage, not same strain by SNP",FALSE
110061,T1,110061__T1,24340101101-1,longcycler,/Users/Aamir/Desktop/rUTIs/ont-yellow-routine-fastas/PR0022_barcode15_24340101101-1-longcycler.fasta,ec1d2b45dde6fe8796262dbf025233d2c6c3622d666b47dd7bafa59bd1a647b7,5298603,2025-10-24T09:26:56.991956Z,TRUE,TRUE,131,provider_qc95,131,131,20032,T4,20032__T4,2510C044501-1,longcycler,/Users/Aamir/Desktop/rUTIs/ont-yellow-routine-fastas/PR0023_barcode41_2510C044501-1-longcycler.fasta,3f786620870341c752a3359b11e5f5080035d5c188b32f978f244976cc9796f5,5292222,2025-06-19T08:56:03.000000Z,TRUE,TRUE,131,provider_qc95,131,131,TRUE,99.9865,289,/Users/Aamir/Desktop/rUTIs/outputs/nursing_home_candidate_clusters_20260717/direct_pairwise/dnadiff_cache_sha256_v1/110061__T1__vs__20032__T4__cde3ebdd4380040d8e2f582c.report,/Users/Aamir/Desktop/rUTIs/outputs/nursing_home_candidate_clusters_20260717/direct_pairwise/dnadiff_cache_sha256_v1/110061__T1__vs__20032__T4__cde3ebdd4380040d8e2f582c.provenance.json,cea566ae942801c4621b6b4117b686b55ef2736a3780bc0091819c099989c004,cde3ebdd4380040d8e2f582c801a9506ddbaacbf6a18fc4b7f26499f0cbd91f8,generated,dnadiff | DNAdiff version 1.3,2.38274e-5,1,84,84,84,1,NA,NA,Related,ST + partial concordance,FALSE,Above same-strain SNP threshold,Same ST,"Same lineage, not same strain by SNP","Same lineage, not same strain by SNP","Same lineage, not same strain by SNP",FALSE
110061,T1,110061__T1,24340101101-1,longcycler,/Users/Aamir/Desktop/rUTIs/ont-yellow-routine-fastas/PR0022_barcode15_24340101101-1-longcycler.fasta,ec1d2b45dde6fe8796262dbf025233d2c6c3622d666b47dd7bafa59bd1a647b7,5298603,2025-10-24T09:26:56.991956Z,TRUE,TRUE,131,provider_qc95,131,131,20032,T5,20032__T5,2521C036501-1,longcycler,/Users/Aamir/Desktop/rUTIs/ont-yellow-routine-fastas/PR0024_barcode39_2521C036501-1-longcycler.fasta,5e36a0780cb416fb9eb56937668dd7d63d41d655110801cde746d408e2284528,5306107,2026-05-06T13:19:22.000000Z,TRUE,TRUE,131,provider_qc95,131,131,TRUE,99.9864,293,/Users/Aamir/Desktop/rUTIs/outputs/nursing_home_candidate_clusters_20260717/direct_pairwise/dnadiff_cache_sha256_v1/110061__T1__vs__20032__T5__0edf2448fd10323ef6d83703.report,/Users/Aamir/Desktop/rUTIs/outputs/nursing_home_candidate_clusters_20260717/direct_pairwise/dnadiff_cache_sha256_v1/110061__T1__vs__20032__T5__0edf2448fd10323ef6d83703.provenance.json,d01837e87851a30d41416421c89aa93d9987c67f29856cb9d785f87ccaa71ed3,0edf2448fd10323ef6d83703258234663140182488342c3ac2109845cd1c9cea,generated,dnadiff | DNAdiff version 1.3,2.38274e-5,1,84,84,84,1,NA,NA,Related,ST + partial concordance,FALSE,Above same-strain SNP threshold,Same ST,"Same lineage, not same strain by SNP","Same lineage, not same strain by SNP","Same lineage, not same strain by SNP",FALSE
110061,T2,110061__T2,2447C152001-1,longcycler,/Users/Aamir/Desktop/rUTIs/ont-yellow-routine-fastas/PR0023_barcode62_2447C152001-1-longcycler.fasta,c54c9b57011f432759e6e30a96cf66b12672ff12d67256f6d74511c34c247cba,5289765,2025-06-19T08:56:11.000000Z,TRUE,TRUE,131,provider_qc95,131,131,20032,T5,20032__T5,2521C036501-1,longcycler,/Users/Aamir/Desktop/rUTIs/ont-yellow-routine-fastas/PR0024_barcode39_2521C036501-1-longcycler.fasta,5e36a0780cb416fb9eb56937668dd7d63d41d655110801cde746d408e2284528,5306107,2026-05-06T13:19:22.000000Z,TRUE,TRUE,131,provider_qc95,131,131,TRUE,99.9864,309,/Users/Aamir/Desktop/rUTIs/outputs/nursing_home_candidate_clusters_20260717/direct_pairwise/dnadiff_cache_sha256_v1/110061__T2__vs__20032__T5__fc9cf3967cf72965f00b6a7d.report,/Users/Aamir/Desktop/rUTIs/outputs/nursing_home_candidate_clusters_20260717/direct_pairwise/dnadiff_cache_sha256_v1/110061__T2__vs__20032__T5__fc9cf3967cf72965f00b6a7d.provenance.json,c33070ecf310da03cc34dd6d9d4a31465c268bf0deb65b79cdc20c13f537dccd,fc9cf3967cf72965f00b6a7df8832a7d45c4d63a670edcb40e6aa2616cd5537b,generated,dnadiff | DNAdiff version 1.3,2.38274e-5,1,84,84,84,1,NA,NA,Related,ST + partial concordance,FALSE,Above same-strain SNP threshold,Same ST,"Same lineage, not same strain by SNP","Same lineage, not same strain by SNP","Same lineage, not same strain by SNP",FALSE
20032,T0,20032__T0,24110180101-1,longcycler,/Users/Aamir/Desktop/rUTIs/ont-yellow-routine-fastas/PR0010_barcode06_24110180101-1_longcycler.fasta,e7866a3b5059dabeedc4131dc1ee86ff0aec8275875fda0640c6e0677e075dd1,5292093,2025-10-24T09:26:57.938041Z,TRUE,TRUE,131,provider_qc95,131,131,110061,T1,110061__T1,24340101101-1,longcycler,/Users/Aamir/Desktop/rUTIs/ont-yellow-routine-fastas/PR0022_barcode15_24340101101-1-longcycler.fasta,ec1d2b45dde6fe8796262dbf025233d2c6c3622d666b47dd7bafa59bd1a647b7,5298603,2025-10-24T09:26:56.991956Z,TRUE,TRUE,131,provider_qc95,131,131,TRUE,99.9851,286,/Users/Aamir/Desktop/rUTIs/outputs/nursing_home_candidate_clusters_20260717/direct_pairwise/dnadiff_cache_sha256_v1/20032__T0__vs__110061__T1__47d2098dbf3b7516c79505e6.report,/Users/Aamir/Desktop/rUTIs/outputs/nursing_home_candidate_clusters_20260717/direct_pairwise/dnadiff_cache_sha256_v1/20032__T0__vs__110061__T1__47d2098dbf3b7516c79505e6.provenance.json,787d4885b49e73c0a46e1b3991d7356915ed476e6dc7aaaf45c853691dcdb3e8,47d2098dbf3b7516c79505e616ee431f360a760e9a2c71d4125b0af4d8e5353b,generated,dnadiff | DNAdiff version 1.3,4.76906e-5,1,84,84,84,1,NA,NA,Related,ST + partial concordance,FALSE,Above same-strain SNP threshold,Same ST,"Same lineage, not same strain by SNP","Same lineage, not same strain by SNP","Same lineage, not same strain by SNP",FALSE
20032,T0,20032__T0,24110180101-1,longcycler,/Users/Aamir/Desktop/rUTIs/ont-yellow-routine-fastas/PR0010_barcode06_24110180101-1_longcycler.fasta,e7866a3b5059dabeedc4131dc1ee86ff0aec8275875fda0640c6e0677e075dd1,5292093,2025-10-24T09:26:57.938041Z,TRUE,TRUE,131,provider_qc95,131,131,110061,T2,110061__T2,2447C152001-1,longcycler,/Users/Aamir/Desktop/rUTIs/ont-yellow-routine-fastas/PR0023_barcode62_2447C152001-1-longcycler.fasta,c54c9b57011f432759e6e30a96cf66b12672ff12d67256f6d74511c34c247cba,5289765,2025-06-19T08:56:11.000000Z,TRUE,TRUE,131,provider_qc95,131,131,TRUE,99.9841,302,/Users/Aamir/Desktop/rUTIs/outputs/nursing_home_candidate_clusters_20260717/direct_pairwise/dnadiff_cache_sha256_v1/20032__T0__vs__110061__T2__1a9b704abbda94529aced62a.report,/Users/Aamir/Desktop/rUTIs/outputs/nursing_home_candidate_clusters_20260717/direct_pairwise/dnadiff_cache_sha256_v1/20032__T0__vs__110061__T2__1a9b704abbda94529aced62a.provenance.json,8c03e4d2a3e0ad08405f005d879c9e4991cc6a858a3b2a975a15bca2184842da,1a9b704abbda94529aced62aa60d540a24c58d62704d6d6ec77a81e12aa26ba4,generated,dnadiff | DNAdiff version 1.3,4.76906e-5,1,84,84,84,1,NA,NA,Related,ST + partial concordance,FALSE,Above same-strain SNP threshold,Same ST,"Same lineage, not same strain by SNP","Same lineage, not same strain by SNP","Same lineage, not same strain by SNP",FALSE
20032,T1,20032__T1,24240064401-1,longcycler,/Users/Aamir/Desktop/rUTIs/ont-yellow-routine-fastas/PR0010_barcode45_24240064401-1_longcycler.fasta,618679d377f1057af9e334c10069b03e090faeb28123b474650f89c8e5b0a3d9,5292167,2025-10-24T09:26:57.944314Z,TRUE,TRUE,131,provider_qc95,131,131,110061,T1,110061__T1,24340101101-1,longcycler,/Users/Aamir/Desktop/rUTIs/ont-yellow-routine-fastas/PR0022_barcode15_24340101101-1-longcycler.fasta,ec1d2b45dde6fe8796262dbf025233d2c6c3622d666b47dd7bafa59bd1a647b7,5298603,2025-10-24T09:26:56.991956Z,TRUE,TRUE,131,provider_qc95,131,131,TRUE,99.9869,282,/Users/Aamir/Desktop/rUTIs/outputs/nursing_home_candidate_clusters_20260717/direct_pairwise/dnadiff_cache_sha256_v1/20032__T1__vs__110061__T1__90cae0ba2538cc29bd527078.report,/Users/Aamir/Desktop/rUTIs/outputs/nursing_home_candidate_clusters_20260717/direct_pairwise/dnadiff_cache_sha256_v1/20032__T1__vs__110061__T1__90cae0ba2538cc29bd527078.provenance.json,792630989f3845f3f2ef5544135926776d4be5c7cd423368a786cac36db67b07,90cae0ba2538cc29bd527078e1f517049b0acbb294be4512e746bd7758011fa3,generated,dnadiff | DNAdiff version 1.3,2.38274e-5,1,84,84,84,1,NA,NA,Related,ST + partial concordance,FALSE,Above same-strain SNP threshold,Same ST,"Same lineage, not same strain by SNP","Same lineage, not same strain by SNP","Same lineage, not same strain by SNP",FALSE
20032,T1,20032__T1,24240064401-1,longcycler,/Users/Aamir/Desktop/rUTIs/ont-yellow-routine-fastas/PR0010_barcode45_24240064401-1_longcycler.fasta,618679d377f1057af9e334c10069b03e090faeb28123b474650f89c8e5b0a3d9,5292167,2025-10-24T09:26:57.944314Z,TRUE,TRUE,131,provider_qc95,131,131,110061,T2,110061__T2,2447C152001-1,longcycler,/Users/Aamir/Desktop/rUTIs/ont-yellow-routine-fastas/PR0023_barcode62_2447C152001-1-longcycler.fasta,c54c9b57011f432759e6e30a96cf66b12672ff12d67256f6d74511c34c247cba,5289765,2025-06-19T08:56:11.000000Z,TRUE,TRUE,131,provider_qc95,131,131,TRUE,99.9852,298,/Users/Aamir/Desktop/rUTIs/outputs/nursing_home_candidate_clusters_20260717/direct_pairwise/dnadiff_cache_sha256_v1/20032__T1__vs__110061__T2__cfc1b0e620eb49e6c712ec0e.report,/Users/Aamir/Desktop/rUTIs/outputs/nursing_home_candidate_clusters_20260717/direct_pairwise/dnadiff_cache_sha256_v1/20032__T1__vs__110061__T2__cfc1b0e620eb49e6c712ec0e.provenance.json,d5cdc74ba19e268ff07791fed5c2725dfb6b3a1e8817d0f37b3e459e10bd1944,cfc1b0e620eb49e6c712ec0ec164ba3788d6fd57b57a13e037844bd295a94c0c,generated,dnadiff | DNAdiff version 1.3,2.38274e-5,1,84,84,84,1,NA,NA,Related,ST + partial concordance,FALSE,Above same-strain SNP threshold,Same ST,"Same lineage, not same strain by SNP","Same lineage, not same strain by SNP","Same lineage, not same strain by SNP",FALSE
20032,T2,20032__T2,24360031301-1,longcycler,/Users/Aamir/Desktop/rUTIs/ont-yellow-routine-fastas/PR0023_barcode33_24360031301-1-longcycler.fasta,7feafc7b3a67dee2228e08fa0a4a1b54877ac3518103eb5260e09c0e5bb66989,5292209,2025-06-19T08:55:59.000000Z,TRUE,TRUE,131,provider_qc95,131,131,110061,T2,110061__T2,2447C152001-1,longcycler,/Users/Aamir/Desktop/rUTIs/ont-yellow-routine-fastas/PR0023_barcode62_2447C152001-1-longcycler.fasta,c54c9b57011f432759e6e30a96cf66b12672ff12d67256f6d74511c34c247cba,5289765,2025-06-19T08:56:11.000000Z,TRUE,TRUE,131,provider_qc95,131,131,TRUE,99.986,304,/Users/Aamir/Desktop/rUTIs/outputs/nursing_home_candidate_clusters_20260717/direct_pairwise/dnadiff_cache_sha256_v1/20032__T2__vs__110061__T2__2d805527fbffbf9f40e654ee.report,/Users/Aamir/Desktop/rUTIs/outputs/nursing_home_candidate_clusters_20260717/direct_pairwise/dnadiff_cache_sha256_v1/20032__T2__vs__110061__T2__2d805527fbffbf9f40e654ee.provenance.json,98cdd86a1af52ff2d5934b73e2820093ca72c19384da6900bbcfde834bfe8e25,2d805527fbffbf9f40e654eea2233f9bede6177249981f29e6cabca1c33ab2d4,generated,dnadiff | DNAdiff version 1.3,2.38274e-5,1,84,84,84,1,NA,NA,Related,ST + partial concordance,FALSE,Above same-strain SNP threshold,Same ST,"Same lineage, not same strain by SNP","Same lineage, not same strain by SNP","Same lineage, not same strain by SNP",FALSE
20032,T4,20032__T4,2510C044501-1,longcycler,/Users/Aamir/Desktop/rUTIs/ont-yellow-routine-fastas/PR0023_barcode41_2510C044501-1-longcycler.fasta,3f786620870341c752a3359b11e5f5080035d5c188b32f978f244976cc9796f5,5292222,2025-06-19T08:56:03.000000Z,TRUE,TRUE,131,provider_qc95,131,131,110061,T2,110061__T2,2447C152001-1,longcycler,/Users/Aamir/Desktop/rUTIs/ont-yellow-routine-fastas/PR0023_barcode62_2447C152001-1-longcycler.fasta,c54c9b57011f432759e6e30a96cf66b12672ff12d67256f6d74511c34c247cba,5289765,2025-06-19T08:56:11.000000Z,TRUE,TRUE,131,provider_qc95,131,131,TRUE,99.9855,305,/Users/Aamir/Desktop/rUTIs/outputs/nursing_home_candidate_clusters_20260717/direct_pairwise/dnadiff_cache_sha256_v1/20032__T4__vs__110061__T2__88f0106f64a7c45f3131f6e4.report,/Users/Aamir/Desktop/rUTIs/outputs/nursing_home_candidate_clusters_20260717/direct_pairwise/dnadiff_cache_sha256_v1/20032__T4__vs__110061__T2__88f0106f64a7c45f3131f6e4.provenance.json,3ef877d7c82afda190f0b7087f5d209d380973931b096a41f53775f424422cda,88f0106f64a7c45f3131f6e4799fdef0fc50d2435e31a0e56e86f96ce230756a,generated,dnadiff | DNAdiff version 1.3,2.38274e-5,1,84,84,84,1,NA,NA,Related,ST + partial concordance,FALSE,Above same-strain SNP threshold,Same ST,"Same lineage, not same strain by SNP","Same lineage, not same strain by SNP","Same lineage, not same strain by SNP",FALSE
40001,T0,40001__T0,24100220001-1,longcycler,/Users/Aamir/Desktop/rUTIs/ont-yellow-routine-fastas/PR0010_barcode20_24100220001-1_longcycler.fasta,749e871d72d2e2d6e4c57bfa76e1f1c07b1fc3e73e4c079d831983eddb5c09bc,5153598,2025-10-24T09:26:57.103109Z,TRUE,TRUE,131,provider_qc95,131,131,90008,T1,90008__T1,24350118501-1,longcycler,/Users/Aamir/Desktop/rUTIs/ont-yellow-routine-fastas/PR0018_barcode65_24350118501-1-longcycler.fasta,c5f8e5b858282d452fc275e2027dd5a78d5ff3dd2037b86bd59f200c9dcb1c38,5157822,2025-10-24T09:26:58.254869Z,TRUE,TRUE,131,provider_qc95,131,131,TRUE,99.9809,169,/Users/Aamir/Desktop/rUTIs/outputs/nursing_home_candidate_clusters_20260717/direct_pairwise/dnadiff_cache_sha256_v1/40001__T0__vs__90008__T1__cb8c283abc80855419f67671.report,/Users/Aamir/Desktop/rUTIs/outputs/nursing_home_candidate_clusters_20260717/direct_pairwise/dnadiff_cache_sha256_v1/40001__T0__vs__90008__T1__cb8c283abc80855419f67671.provenance.json,04c64266c561357a2fa87061621938b0b2d6315be9c96a2b83ad6b4e5c847f79,cb8c283abc80855419f67671e8a7ec0f72d1d493aaf5e785b11a2c2f1d95e38b,generated,dnadiff | DNAdiff version 1.3,8.55821e-4,1,76,76,76,0.75,NA,NA,Related,ST + partial concordance,FALSE,Above same-strain SNP threshold,Same ST,"Same lineage, not same strain by SNP","Same lineage, not same strain by SNP","Same lineage, not same strain by SNP",FALSE
40001,T1,40001__T1,24230207401-1,longcycler,/Users/Aamir/Desktop/rUTIs/ont-yellow-routine-fastas/PR0022_barcode08_24230207401-1-longcycler.fasta,6c4303b67ccc5037423621232d12d3701edfb9cc5f76785b38a0b4adeed8e66d,5383323,2025-10-24T09:26:59.015162Z,TRUE,TRUE,131,local_fallback_provider_missing,NA,131,90008,T1,90008__T1,24350118501-1,longcycler,/Users/Aamir/Desktop/rUTIs/ont-yellow-routine-fastas/PR0018_barcode65_24350118501-1-longcycler.fasta,c5f8e5b858282d452fc275e2027dd5a78d5ff3dd2037b86bd59f200c9dcb1c38,5157822,2025-10-24T09:26:58.254869Z,TRUE,TRUE,131,provider_qc95,131,131,TRUE,99.9793,228,/Users/Aamir/Desktop/rUTIs/outputs/nursing_home_candidate_clusters_20260717/direct_pairwise/dnadiff_cache_sha256_v1/40001__T1__vs__90008__T1__6519fe14673333cf4a6bd0c2.report,/Users/Aamir/Desktop/rUTIs/outputs/nursing_home_candidate_clusters_20260717/direct_pairwise/dnadiff_cache_sha256_v1/40001__T1__vs__90008__T1__6519fe14673333cf4a6bd0c2.provenance.json,0aaee3c12c8b12582326bb7fab6f087d1d224e437c38e3c7f83e23f6aebc5912,6519fe14673333cf4a6bd0c2a4e055746b7cae6ad996bcb19b69d04536166247,generated,dnadiff | DNAdiff version 1.3,8.55821e-4,1,76,76,76,0.75,NA,NA,Related,ST + partial concordance,FALSE,Above same-strain SNP threshold,Same ST,"Same lineage, not same strain by SNP","Same lineage, not same strain by SNP","Same lineage, not same strain by SNP",FALSE
90008,T0,90008__T0,24190038401-1,longcycler,/Users/Aamir/Desktop/rUTIs/ont-yellow-routine-fastas/PR0018_barcode96_24190038401-1-longcycler.fasta,492c0cc4dfa52e225f1e5f3e30ed68dda7ac761672e4eb6e67104b45edeaa257,5197016,2025-10-24T09:26:57.509760Z,TRUE,TRUE,131,provider_qc95,131,131,100064,T2,100064__T2,2440C043601-1,longcycler,/Users/Aamir/Desktop/rUTIs/ont-yellow-routine-fastas/PR0023_barcode43_2440C043601-1-longcycler.fasta,82a939de748264d9c8d0c94a35f8a1c68d3662dc35967713e6d09066d91a2c4a,5294313,2025-06-19T08:56:03.000000Z,TRUE,TRUE,131,provider_qc95,131,131,TRUE,99.9827,193,/Users/Aamir/Desktop/rUTIs/outputs/nursing_home_candidate_clusters_20260717/direct_pairwise/dnadiff_cache_sha256_v1/90008__T0__vs__100064__T2__ce7688bb794fca4801b328bf.report,/Users/Aamir/Desktop/rUTIs/outputs/nursing_home_candidate_clusters_20260717/direct_pairwise/dnadiff_cache_sha256_v1/90008__T0__vs__100064__T2__ce7688bb794fca4801b328bf.provenance.json,b76e26c22f7adf839229142dbbbbfa179812dd4b94662907da35e2a246e14533,ce7688bb794fca4801b328bf84dc094f65b3de3bca850b69e1134c5b1687bdef,generated,dnadiff | DNAdiff version 1.3,0.00105797,1,75,75,75,1,NA,NA,Related,ST + partial concordance,FALSE,Above same-strain SNP threshold,Same ST,"Same lineage, not same strain by SNP","Same lineage, not same strain by SNP","Same lineage, not same strain by SNP",FALSE
90008,T0,90008__T0,24190038401-1,longcycler,/Users/Aamir/Desktop/rUTIs/ont-yellow-routine-fastas/PR0018_barcode96_24190038401-1-longcycler.fasta,492c0cc4dfa52e225f1e5f3e30ed68dda7ac761672e4eb6e67104b45edeaa257,5197016,2025-10-24T09:26:57.509760Z,TRUE,TRUE,131,provider_qc95,131,131,100064,T3,100064__T3,2502C122301-1,longcycler,/Users/Aamir/Desktop/rUTIs/ont-yellow-routine-fastas/PR0023_barcode11_2502C122301-1-longcycler.fasta,d84eb43aa15b9d082f9fc267d3b130cdf67fe958f85250f9f6d7eb3716eeb4e3,5248876,2025-06-19T08:55:49.000000Z,TRUE,TRUE,131,provider_qc95,131,131,TRUE,99.9861,159,/Users/Aamir/Desktop/rUTIs/outputs/nursing_home_candidate_clusters_20260717/direct_pairwise/dnadiff_cache_sha256_v1/90008__T0__vs__100064__T3__30247e710cc6c2caa2bc51a1.report,/Users/Aamir/Desktop/rUTIs/outputs/nursing_home_candidate_clusters_20260717/direct_pairwise/dnadiff_cache_sha256_v1/90008__T0__vs__100064__T3__30247e710cc6c2caa2bc51a1.provenance.json,f9b25ef21f92bc5addc6d2083720e3a4ad2cd669e179822cc89f0e541a891db0,30247e710cc6c2caa2bc51a19dcc86a0fc91e0ce3e3a34cf9aa54896cc69d532,generated,dnadiff | DNAdiff version 1.3,9.31334e-4,1,75,75,75,0.6666666666666666,NA,NA,Related,ST + partial concordance,FALSE,Above same-strain SNP threshold,Same ST,"Same lineage, not same strain by SNP","Same lineage, not same strain by SNP","Same lineage, not same strain by SNP",FALSE
90008,T1,90008__T1,24350118501-1,longcycler,/Users/Aamir/Desktop/rUTIs/ont-yellow-routine-fastas/PR0018_barcode65_24350118501-1-longcycler.fasta,c5f8e5b858282d452fc275e2027dd5a78d5ff3dd2037b86bd59f200c9dcb1c38,5157822,2025-10-24T09:26:58.254869Z,TRUE,TRUE,131,provider_qc95,131,131,40001,T1,40001__T1,24230207401-1,longcycler,/Users/Aamir/Desktop/rUTIs/ont-yellow-routine-fastas/PR0022_barcode08_24230207401-1-longcycler.fasta,6c4303b67ccc5037423621232d12d3701edfb9cc5f76785b38a0b4adeed8e66d,5383323,2025-10-24T09:26:59.015162Z,TRUE,TRUE,131,local_fallback_provider_missing,NA,131,TRUE,99.9793,228,/Users/Aamir/Desktop/rUTIs/outputs/nursing_home_candidate_clusters_20260717/direct_pairwise/dnadiff_cache_sha256_v1/90008__T1__vs__40001__T1__85bd5476052e36d4932bd4b5.report,/Users/Aamir/Desktop/rUTIs/outputs/nursing_home_candidate_clusters_20260717/direct_pairwise/dnadiff_cache_sha256_v1/90008__T1__vs__40001__T1__85bd5476052e36d4932bd4b5.provenance.json,32b04e4ddfb2f46edc6666351d1839856a6b11797ff56c5f2dedf62cfabe9316,85bd5476052e36d4932bd4b5cb9c2b656e4b8c75ff72c997544fc0d35ba0676c,generated,dnadiff | DNAdiff version 1.3,8.55821e-4,1,76,76,76,0.75,NA,NA,Related,ST + partial concordance,FALSE,Above same-strain SNP threshold,Same ST,"Same lineage, not same strain by SNP","Same lineage, not same strain by SNP","Same lineage, not same strain by SNP",FALSE
90008,T1,90008__T1,24350118501-1,longcycler,/Users/Aamir/Desktop/rUTIs/ont-yellow-routine-fastas/PR0018_barcode65_24350118501-1-longcycler.fasta,c5f8e5b858282d452fc275e2027dd5a78d5ff3dd2037b86bd59f200c9dcb1c38,5157822,2025-10-24T09:26:58.254869Z,TRUE,TRUE,131,provider_qc95,131,131,40001,T2,40001__T2,24380201601-1,longcycler,/Users/Aamir/Desktop/rUTIs/ont-yellow-routine-fastas/PR0048_barcode18_24380201601-1-longcycler.fasta,d1d73b172d0ca97972b90ea19a2c42c9a322f5f61fc24057a1ba92da82b4f9ca,5163857,2026-05-06T13:21:06.000000Z,TRUE,TRUE,131,provider_qc95,131,131,TRUE,99.9808,174,/Users/Aamir/Desktop/rUTIs/outputs/nursing_home_candidate_clusters_20260717/direct_pairwise/dnadiff_cache_sha256_v1/90008__T1__vs__40001__T2__43bcc62c993e639ea4972437.report,/Users/Aamir/Desktop/rUTIs/outputs/nursing_home_candidate_clusters_20260717/direct_pairwise/dnadiff_cache_sha256_v1/90008__T1__vs__40001__T2__43bcc62c993e639ea4972437.provenance.json,977498f0806140c1b9dbc2654dd0873f30a07cc97f384e537636b57bc57f2ba4,43bcc62c993e639ea49724379a48b7d6bee653f759edcaf0d331615c4151b5dc,generated,dnadiff | DNAdiff version 1.3,8.05673e-4,1,76,76,76,0.75,NA,NA,Related,ST + partial concordance,FALSE,Above same-strain SNP threshold,Same ST,"Same lineage, not same strain by SNP","Same lineage, not same strain by SNP","Same lineage, not same strain by SNP",FALSE
40004,T1,40004__T1,24230208601-1,longcycler,/Users/Aamir/Desktop/rUTIs/ont-yellow-routine-fastas/PR0010_barcode59_24230208601-1_longcycler.fasta,1789f83b6062be02017b63d3c4bb07c16a9f2d14f235dcab35bd82e40927245e,5304302,2025-10-24T09:26:59.059324Z,TRUE,TRUE,141,provider_qc95,141,141,50033,T4,50033__T4,2525C104801-1,longcycler,/Users/Aamir/Desktop/rUTIs/ont-yellow-routine-fastas/PR0048_barcode55_2525C104801-1-longcycler.fasta,44189087c0e6dfa0138742c52cd9d6016972b2a1cff9b4dc37b875cb044ef40d,5526025,2026-05-06T13:21:32.000000Z,TRUE,TRUE,141,provider_qc95,141,141,TRUE,99.949700000000007,1683,/Users/Aamir/Desktop/rUTIs/outputs/nursing_home_candidate_clusters_20260717/direct_pairwise/dnadiff_cache_sha256_v1/40004__T1__vs__50033__T4__ad5d75c82a04d06011c188e0.report,/Users/Aamir/Desktop/rUTIs/outputs/nursing_home_candidate_clusters_20260717/direct_pairwise/dnadiff_cache_sha256_v1/40004__T1__vs__50033__T4__ad5d75c82a04d06011c188e0.provenance.json,4b91074e5d1254fa7f1981ae5b65e60556fc9947149369bd5a88583fc9dadf12,ad5d75c82a04d06011c188e036d60b9e25dca805e203dc11ff59cb7ea971429e,generated,dnadiff | DNAdiff version 1.3,0.0024636,1,101,101,101,0,NA,NA,Related,ST + partial concordance,FALSE,Above same-strain SNP threshold,Same ST,"Same lineage, not same strain by SNP","Same lineage, not same strain by SNP","Same lineage, not same strain by SNP",FALSE
40004,T1,40004__T1,24230208601-1,longcycler,/Users/Aamir/Desktop/rUTIs/ont-yellow-routine-fastas/PR0010_barcode59_24230208601-1_longcycler.fasta,1789f83b6062be02017b63d3c4bb07c16a9f2d14f235dcab35bd82e40927245e,5304302,2025-10-24T09:26:59.059324Z,TRUE,TRUE,141,provider_qc95,141,141,50033,T5,50033__T5,2536C104901-1,longcycler,/Users/Aamir/Desktop/rUTIs/ont-yellow-routine-fastas/PR0048_barcode83_2536C104901-1-longcycler.fasta,100e154f92e02bf7e9a54084af6a88a3bd308a2610bf435b4eb21c7828a88574,5484395,2026-05-06T13:21:50.000000Z,TRUE,TRUE,141,provider_qc95,141,141,TRUE,99.949700000000007,1652,/Users/Aamir/Desktop/rUTIs/outputs/nursing_home_candidate_clusters_20260717/direct_pairwise/dnadiff_cache_sha256_v1/40004__T1__vs__50033__T5__1ef24ba1e51a36c5411d42bf.report,/Users/Aamir/Desktop/rUTIs/outputs/nursing_home_candidate_clusters_20260717/direct_pairwise/dnadiff_cache_sha256_v1/40004__T1__vs__50033__T5__1ef24ba1e51a36c5411d42bf.provenance.json,444b01d77ee7677ed8fdc7b6b1035c8f0c82df0bfedda017d063528ccf697e02,1ef24ba1e51a36c5411d42bfa3f20d128a4436b64eb81330e82d3e93a88ae0e3,generated,dnadiff | DNAdiff version 1.3,0.0024636,1,101,101,101,0,NA,NA,Related,ST + partial concordance,FALSE,Above same-strain SNP threshold,Same ST,"Same lineage, not same strain by SNP","Same lineage, not same strain by SNP","Same lineage, not same strain by SNP",FALSE
120003,T0,120003__T0,24220034901-1,longcycler,/Users/Aamir/Desktop/rUTIs/ont-yellow-routine-fastas/PR0010_barcode40_24220034901-1_longcycler.fasta,30bfe9335b7d3b2b1c144f3c155a79aaa41729f5d6348bf77ef6db0f7e6d63a5,5148216,2025-10-24T09:26:58.445183Z,TRUE,TRUE,2015,provider_qc95,2015,2015,120007,T1,120007__T1,24350041601-1,longcycler,/Users/Aamir/Desktop/rUTIs/ont-yellow-routine-fastas/PR0018_barcode59_24350041601-1-longcycler.fasta,1ccc02e9a8589f94c950656165b51c873cf9a3b7975c520e3304b4f2b2ea99f9,5058188,2025-10-24T09:26:58.068746Z,TRUE,TRUE,2015,provider_qc95,2015,2015,TRUE,99.9865,175,/Users/Aamir/Desktop/rUTIs/outputs/nursing_home_candidate_clusters_20260717/direct_pairwise/dnadiff_cache_sha256_v1/120003__T0__vs__120007__T1__a62c5704069856414581adeb.report,/Users/Aamir/Desktop/rUTIs/outputs/nursing_home_candidate_clusters_20260717/direct_pairwise/dnadiff_cache_sha256_v1/120003__T0__vs__120007__T1__a62c5704069856414581adeb.provenance.json,815b57b738606d4ebb31c335792d0ea748658c52d46d168c7dc07d75ee3d5bdc,a62c5704069856414581adebf90a1a52929b8fe7350e194d0ee11910f668e2a7,generated,dnadiff | DNAdiff version 1.3,4.83446e-4,1,97,97,97,NA,NA,NA,Related,ST + partial concordance,FALSE,Above same-strain SNP threshold,Same ST,"Same lineage, not same strain by SNP","Same lineage, not same strain by SNP","Same lineage, not same strain by SNP",FALSE
20037,T0,20037__T0,24110181201-1,longcycler,/Users/Aamir/Desktop/rUTIs/ont-yellow-routine-fastas/PR0022_barcode32_24110181201-1-longcycler.fasta,f0d853082db98053b874557edf54afb76ade128d87276bc7616c5dff66d58833,5290217,2025-10-24T09:26:59.389600Z,TRUE,TRUE,69,provider_qc95,69,69,130037,T3,130037__T3,2509C210601-2,longcycler,/Users/Aamir/Desktop/rUTIs/ont-yellow-routine-fastas/PR0048_barcode34_2509C210601-2-longcycler.fasta,c8bb1e5ee57b1ec595398d3f538f2d904b5d74d58e3649879b90671bcdf81425,5460961,2026-05-06T13:21:14.000000Z,TRUE,TRUE,69,provider_qc95,69,69,TRUE,99.9862,230,/Users/Aamir/Desktop/rUTIs/outputs/nursing_home_candidate_clusters_20260717/direct_pairwise/dnadiff_cache_sha256_v1/20037__T0__vs__130037__T3__406752eee387a5161810d343.report,/Users/Aamir/Desktop/rUTIs/outputs/nursing_home_candidate_clusters_20260717/direct_pairwise/dnadiff_cache_sha256_v1/20037__T0__vs__130037__T3__406752eee387a5161810d343.provenance.json,15f65e7e46bda373546fa548ef88a23dc0f0527ca1c7f8fe63a55ebf47d8ce8a,406752eee387a5161810d3435e9036b384d94db92c903c69ab49c65084d16046,generated,dnadiff | DNAdiff version 1.3,7.15897e-5,1,86,86,86,0.75,NA,NA,Related,ST + partial concordance,FALSE,Above same-strain SNP threshold,Same ST,"Same lineage, not same strain by SNP","Same lineage, not same strain by SNP","Same lineage, not same strain by SNP",FALSE
110064,T1,110064__T1,24340138401-1,longcycler,/Users/Aamir/Desktop/rUTIs/ont-yellow-routine-fastas/PR0024_barcode51_24340138401-1-longcycler.fasta,50c26bde17da2ef6aa42cea82c8973c93d65d11d5dd279ce0315bbe474fb5384,5364569,2026-05-06T13:19:30.000000Z,TRUE,TRUE,80,provider_qc95,80,80,20054,T5,20054__T5,2521C039001-1,longcycler,/Users/Aamir/Desktop/rUTIs/ont-yellow-routine-fastas/PR0042_barcode34_2521C039001-longcycler.fasta,5d7e28864d9167c65a95d60b74a7d61e938beeb55e73bcae5028aa8155611c4f,5380967,2026-05-06T13:20:16.000000Z,TRUE,TRUE,80,provider_qc95,80,80,TRUE,99.9465,2115,/Users/Aamir/Desktop/rUTIs/outputs/nursing_home_candidate_clusters_20260717/direct_pairwise/dnadiff_cache_sha256_v1/110064__T1__vs__20054__T5__09f06eae5642bba8ca35c571.report,/Users/Aamir/Desktop/rUTIs/outputs/nursing_home_candidate_clusters_20260717/direct_pairwise/dnadiff_cache_sha256_v1/110064__T1__vs__20054__T5__09f06eae5642bba8ca35c571.provenance.json,b10a1d8e253874ae4f1081013d641fa22f0e43639baa6dc0f05d43900a66f3ee,09f06eae5642bba8ca35c571c0b8ab14c135e78ae072434e07ade7cddba8138b,generated,dnadiff | DNAdiff version 1.3,0.00175922,1,91,91,91,0,NA,NA,Related,ST + partial concordance,FALSE,Above same-strain SNP threshold,Same ST,"Same lineage, not same strain by SNP","Same lineage, not same strain by SNP","Same lineage, not same strain by SNP",FALSE
110064,T2,110064__T2,2447C151701-1,longcycler,/Users/Aamir/Desktop/rUTIs/ont-yellow-routine-fastas/PR0024_barcode68_2447C151701-1-longcycler.fasta,b7442873a885d4efc395d0014b19cf861ee1a8176d2749112b57b3964fc50009,5363918,2026-05-06T13:19:38.000000Z,TRUE,TRUE,80,provider_qc95,80,80,20054,T5,20054__T5,2521C039001-1,longcycler,/Users/Aamir/Desktop/rUTIs/ont-yellow-routine-fastas/PR0042_barcode34_2521C039001-longcycler.fasta,5d7e28864d9167c65a95d60b74a7d61e938beeb55e73bcae5028aa8155611c4f,5380967,2026-05-06T13:20:16.000000Z,TRUE,TRUE,80,provider_qc95,80,80,TRUE,99.9478,2118,/Users/Aamir/Desktop/rUTIs/outputs/nursing_home_candidate_clusters_20260717/direct_pairwise/dnadiff_cache_sha256_v1/110064__T2__vs__20054__T5__dae5178897abe0bc272b22eb.report,/Users/Aamir/Desktop/rUTIs/outputs/nursing_home_candidate_clusters_20260717/direct_pairwise/dnadiff_cache_sha256_v1/110064__T2__vs__20054__T5__dae5178897abe0bc272b22eb.provenance.json,954f38764cd2d1b9d8c4412cd22cf68d639c88c9f49d03a6d21537e6884276f8,dae5178897abe0bc272b22eba0f2e26794064b591ce2674656561867ac6490fd,generated,dnadiff | DNAdiff version 1.3,0.00175922,1,91,91,91,0,NA,NA,Related,ST + partial concordance,FALSE,Above same-strain SNP threshold,Same ST,"Same lineage, not same strain by SNP","Same lineage, not same strain by SNP","Same lineage, not same strain by SNP",FALSE
20034,T2,20034__T2,24360035101-1,longcycler,/Users/Aamir/Desktop/rUTIs/ont-yellow-routine-fastas/PR0022_barcode22_24360035101-1-longcycler.fasta,fd6ec0d5072876643dd2ec300e93870c350fc2236ae9c464925975705e0fd7a8,5179276,2025-10-24T09:26:58.721641Z,TRUE,TRUE,12,provider_qc95,12,12,20084,T6,20084__T6,2536C068701-1,longcycler,/Users/Aamir/Desktop/rUTIs/ont-yellow-routine-fastas/PR0048_barcode81_2536C068701-1-longcycler.fasta,ae9ccca1fe13259c401104efde755363d841ee0539bf4e05c6adc5c02fb7c609,5402871,2026-05-06T13:21:48.000000Z,TRUE,TRUE,12,provider_qc95,12,12,TRUE,99.9743,745,/Users/Aamir/Desktop/rUTIs/outputs/nursing_home_candidate_clusters_20260717/direct_pairwise/dnadiff_cache_sha256_v1/20034__T2__vs__20084__T6__02110633513d4743a601519f.report,/Users/Aamir/Desktop/rUTIs/outputs/nursing_home_candidate_clusters_20260717/direct_pairwise/dnadiff_cache_sha256_v1/20034__T2__vs__20084__T6__02110633513d4743a601519f.provenance.json,8fc638d67bfb8f3f88434a2cd98db08ee165f7b834076697e2c6de48aec69123,02110633513d4743a601519f4c726150a7bf948b58e02abd2ff70ee4387837b7,generated,dnadiff | DNAdiff version 1.3,0.00251903,1,97,97,97,0,NA,NA,Related,ST + partial concordance,FALSE,Above same-strain SNP threshold,Same ST,"Same lineage, not same strain by SNP","Same lineage, not same strain by SNP","Same lineage, not same strain by SNP",FALSE
20034,T2,20034__T2,24360035101-1,longcycler,/Users/Aamir/Desktop/rUTIs/ont-yellow-routine-fastas/PR0022_barcode22_24360035101-1-longcycler.fasta,fd6ec0d5072876643dd2ec300e93870c350fc2236ae9c464925975705e0fd7a8,5179276,2025-10-24T09:26:58.721641Z,TRUE,TRUE,12,provider_qc95,12,12,80029,T2,80029__T2,2444C079201-1,longcycler,/Users/Aamir/Desktop/rUTIs/ont-yellow-routine-fastas/PR0023_barcode50_2444C079201-1-longcycler.fasta,504d1e00541eeea375ac92ff9720098899b5af85ecc7cd5c76f22b21a278ca4c,5145224,2025-06-19T08:56:06.000000Z,TRUE,TRUE,12,provider_qc95,12,12,TRUE,99.9825,420,/Users/Aamir/Desktop/rUTIs/outputs/nursing_home_candidate_clusters_20260717/direct_pairwise/dnadiff_cache_sha256_v1/20034__T2__vs__80029__T2__1b7392240422b896b705ed6e.report,/Users/Aamir/Desktop/rUTIs/outputs/nursing_home_candidate_clusters_20260717/direct_pairwise/dnadiff_cache_sha256_v1/20034__T2__vs__80029__T2__1b7392240422b896b705ed6e.provenance.json,0a57fe1ee6e4b208059931e0c15c13807116f286b084c59eaf00c520bb033f76,1b7392240422b896b705ed6e0b2bdbed61a4a3ae20c10cc8ac5bb53074ef8c90,generated,dnadiff | DNAdiff version 1.3,0.00113443,1,97,97,97,NA,NA,NA,Related,ST + partial concordance,FALSE,Above same-strain SNP threshold,Same ST,"Same lineage, not same strain by SNP","Same lineage, not same strain by SNP","Same lineage, not same strain by SNP",FALSE
20034,T2,20034__T2,24360035101-1,longcycler,/Users/Aamir/Desktop/rUTIs/ont-yellow-routine-fastas/PR0022_barcode22_24360035101-1-longcycler.fasta,fd6ec0d5072876643dd2ec300e93870c350fc2236ae9c464925975705e0fd7a8,5179276,2025-10-24T09:26:58.721641Z,TRUE,TRUE,12,provider_qc95,12,12,80029,T3,80029__T3,2504C127101-1,longcycler,/Users/Aamir/Desktop/rUTIs/ont-yellow-routine-fastas/PR0023_barcode89_2504C127101-1-longcycler.fasta,7c076b72aab6906175c0e703c36e32e284c6f8b44a2f6043010a84cd818847b6,5146580,2025-06-19T08:56:24.000000Z,TRUE,TRUE,12,provider_qc95,12,12,TRUE,99.9821,427,/Users/Aamir/Desktop/rUTIs/outputs/nursing_home_candidate_clusters_20260717/direct_pairwise/dnadiff_cache_sha256_v1/20034__T2__vs__80029__T3__0e310b333f390728bdecc244.report,/Users/Aamir/Desktop/rUTIs/outputs/nursing_home_candidate_clusters_20260717/direct_pairwise/dnadiff_cache_sha256_v1/20034__T2__vs__80029__T3__0e310b333f390728bdecc244.provenance.json,39d0085f34218aff79008a97352c554e07f122ac4e4d4800e63e1bec776d71e4,0e310b333f390728bdecc244d7ddaa8907970c5774b84a774ce7a2e97b65dedd,generated,dnadiff | DNAdiff version 1.3,0.00113443,1,97,97,97,NA,NA,NA,Related,ST + partial concordance,FALSE,Above same-strain SNP threshold,Same ST,"Same lineage, not same strain by SNP","Same lineage, not same strain by SNP","Same lineage, not same strain by SNP",FALSE
20034,T2,20034__T2,24360035101-1,longcycler,/Users/Aamir/Desktop/rUTIs/ont-yellow-routine-fastas/PR0022_barcode22_24360035101-1-longcycler.fasta,fd6ec0d5072876643dd2ec300e93870c350fc2236ae9c464925975705e0fd7a8,5179276,2025-10-24T09:26:58.721641Z,TRUE,TRUE,12,provider_qc95,12,12,80029,T5,80029__T5,2529C153401-1,longcycler,/Users/Aamir/Desktop/rUTIs/ont-yellow-routine-fastas/PR0042_barcode96_2529C153401-longcycler.fasta,fc857f7cd9d5fcfe98c4cea818610d308fa5e16fea044cb7dcad8b45598fcc22,5145211,2026-05-06T13:20:52.000000Z,TRUE,TRUE,12,provider_qc95,12,12,TRUE,99.9821,432,/Users/Aamir/Desktop/rUTIs/outputs/nursing_home_candidate_clusters_20260717/direct_pairwise/dnadiff_cache_sha256_v1/20034__T2__vs__80029__T5__a936b9163a092b842e95bf65.report,/Users/Aamir/Desktop/rUTIs/outputs/nursing_home_candidate_clusters_20260717/direct_pairwise/dnadiff_cache_sha256_v1/20034__T2__vs__80029__T5__a936b9163a092b842e95bf65.provenance.json,0fe8cc8e12bbfcc9994a6bf041d390b46d3dcb6d024ba56462b59d0b48168f5c,a936b9163a092b842e95bf659c820398d6bd170b825d58f2e06bff07d27037b2,generated,dnadiff | DNAdiff version 1.3,0.00113443,1,97,97,97,NA,NA,NA,Related,ST + partial concordance,FALSE,Above same-strain SNP threshold,Same ST,"Same lineage, not same strain by SNP","Same lineage, not same strain by SNP","Same lineage, not same strain by SNP",FALSE
20034,T2,20034__T2,24360035101-1,longcycler,/Users/Aamir/Desktop/rUTIs/ont-yellow-routine-fastas/PR0022_barcode22_24360035101-1-longcycler.fasta,fd6ec0d5072876643dd2ec300e93870c350fc2236ae9c464925975705e0fd7a8,5179276,2025-10-24T09:26:58.721641Z,TRUE,TRUE,12,provider_qc95,12,12,80029,T6,80029__T6,2542C109401-1,longcycler,/Users/Aamir/Desktop/rUTIs/ont-yellow-routine-fastas/PR0042_barcode95_2542C109401-longcycler.fasta,fbea3985062068bc666ba6e865ca2707acaa1920c04d15a6a5330d4237f0c8e3,5145206,2026-05-06T13:20:50.000000Z,TRUE,TRUE,12,provider_qc95,12,12,TRUE,99.9821,438,/Users/Aamir/Desktop/rUTIs/outputs/nursing_home_candidate_clusters_20260717/direct_pairwise/dnadiff_cache_sha256_v1/20034__T2__vs__80029__T6__cae55f0d3338013d7e9b51b5.report,/Users/Aamir/Desktop/rUTIs/outputs/nursing_home_candidate_clusters_20260717/direct_pairwise/dnadiff_cache_sha256_v1/20034__T2__vs__80029__T6__cae55f0d3338013d7e9b51b5.provenance.json,3b96d1448965eeb218f5a6c712aa7fef73a09b7d334e32a32027b9d7ae76a5e3,cae55f0d3338013d7e9b51b5f17627f4aa3f28b12239b3bf1fa89a5e3926dbe8,generated,dnadiff | DNAdiff version 1.3,0.00113443,1,97,97,97,NA,NA,NA,Related,ST + partial concordance,FALSE,Above same-strain SNP threshold,Same ST,"Same lineage, not same strain by SNP","Same lineage, not same strain by SNP","Same lineage, not same strain by SNP",FALSE
20034,T3,20034__T3,2449C049801-2,longcycler,/Users/Aamir/Desktop/rUTIs/ont-yellow-routine-fastas/PR0023_barcode73_2449C049801-2-longcycler.fasta,f849214212b179a91a300d04b13f0fe5c4da3d94eb8111c3430d039b59441467,5067187,2025-06-19T08:56:17.000000Z,TRUE,TRUE,12,provider_qc95,12,12,20084,T6,20084__T6,2536C068701-1,longcycler,/Users/Aamir/Desktop/rUTIs/ont-yellow-routine-fastas/PR0048_barcode81_2536C068701-1-longcycler.fasta,ae9ccca1fe13259c401104efde755363d841ee0539bf4e05c6adc5c02fb7c609,5402871,2026-05-06T13:21:48.000000Z,TRUE,TRUE,12,provider_qc95,12,12,TRUE,99.9754,820,/Users/Aamir/Desktop/rUTIs/outputs/nursing_home_candidate_clusters_20260717/direct_pairwise/dnadiff_cache_sha256_v1/20034__T3__vs__20084__T6__a808980d713d87fa09e8a14f.report,/Users/Aamir/Desktop/rUTIs/outputs/nursing_home_candidate_clusters_20260717/direct_pairwise/dnadiff_cache_sha256_v1/20034__T3__vs__20084__T6__a808980d713d87fa09e8a14f.provenance.json,dd199aa41bb0911c24da7ba87e8449f841d5207e480b666f01ac7caef846b129,a808980d713d87fa09e8a14f5bb8ce3e979fc49032a7dbaf5162378e05b9e962,generated,dnadiff | DNAdiff version 1.3,0.00240836,1,97,97,97,0,NA,NA,Related,ST + partial concordance,FALSE,Above same-strain SNP threshold,Same ST,"Same lineage, not same strain by SNP","Same lineage, not same strain by SNP","Same lineage, not same strain by SNP",FALSE
20034,T3,20034__T3,2449C049801-2,longcycler,/Users/Aamir/Desktop/rUTIs/ont-yellow-routine-fastas/PR0023_barcode73_2449C049801-2-longcycler.fasta,f849214212b179a91a300d04b13f0fe5c4da3d94eb8111c3430d039b59441467,5067187,2025-06-19T08:56:17.000000Z,TRUE,TRUE,12,provider_qc95,12,12,80029,T3,80029__T3,2504C127101-1,longcycler,/Users/Aamir/Desktop/rUTIs/ont-yellow-routine-fastas/PR0023_barcode89_2504C127101-1-longcycler.fasta,7c076b72aab6906175c0e703c36e32e284c6f8b44a2f6043010a84cd818847b6,5146580,2025-06-19T08:56:24.000000Z,TRUE,TRUE,12,provider_qc95,12,12,TRUE,99.9827,462,/Users/Aamir/Desktop/rUTIs/outputs/nursing_home_candidate_clusters_20260717/direct_pairwise/dnadiff_cache_sha256_v1/20034__T3__vs__80029__T3__868581de03cf53a704f6f89b.report,/Users/Aamir/Desktop/rUTIs/outputs/nursing_home_candidate_clusters_20260717/direct_pairwise/dnadiff_cache_sha256_v1/20034__T3__vs__80029__T3__868581de03cf53a704f6f89b.provenance.json,cf466f88dd922a859f5cdd6a8055e7f38daec6b1efd826f604b45cea128c240f,868581de03cf53a704f6f89baf2ede522cfd2b19640f421082973b890a4c5977,generated,dnadiff | DNAdiff version 1.3,0.00103256,1,97,97,97,NA,NA,NA,Related,ST + partial concordance,FALSE,Above same-strain SNP threshold,Same ST,"Same lineage, not same strain by SNP","Same lineage, not same strain by SNP","Same lineage, not same strain by SNP",FALSE
20034,T3,20034__T3,2449C049801-2,longcycler,/Users/Aamir/Desktop/rUTIs/ont-yellow-routine-fastas/PR0023_barcode73_2449C049801-2-longcycler.fasta,f849214212b179a91a300d04b13f0fe5c4da3d94eb8111c3430d039b59441467,5067187,2025-06-19T08:56:17.000000Z,TRUE,TRUE,12,provider_qc95,12,12,80029,T5,80029__T5,2529C153401-1,longcycler,/Users/Aamir/Desktop/rUTIs/ont-yellow-routine-fastas/PR0042_barcode96_2529C153401-longcycler.fasta,fc857f7cd9d5fcfe98c4cea818610d308fa5e16fea044cb7dcad8b45598fcc22,5145211,2026-05-06T13:20:52.000000Z,TRUE,TRUE,12,provider_qc95,12,12,TRUE,99.9827,467,/Users/Aamir/Desktop/rUTIs/outputs/nursing_home_candidate_clusters_20260717/direct_pairwise/dnadiff_cache_sha256_v1/20034__T3__vs__80029__T5__26b03aca3854ae82bc733fec.report,/Users/Aamir/Desktop/rUTIs/outputs/nursing_home_candidate_clusters_20260717/direct_pairwise/dnadiff_cache_sha256_v1/20034__T3__vs__80029__T5__26b03aca3854ae82bc733fec.provenance.json,612e1df02f38a12771cfb27fbf04dc8e608b49a7e44a43ad368fa0abaf702438,26b03aca3854ae82bc733fecc200544196bb0b95e81961ce54f4bbd5d4711772,generated,dnadiff | DNAdiff version 1.3,0.00103256,1,97,97,97,NA,NA,NA,Related,ST + partial concordance,FALSE,Above same-strain SNP threshold,Same ST,"Same lineage, not same strain by SNP","Same lineage, not same strain by SNP","Same lineage, not same strain by SNP",FALSE
20034,T3,20034__T3,2449C049801-2,longcycler,/Users/Aamir/Desktop/rUTIs/ont-yellow-routine-fastas/PR0023_barcode73_2449C049801-2-longcycler.fasta,f849214212b179a91a300d04b13f0fe5c4da3d94eb8111c3430d039b59441467,5067187,2025-06-19T08:56:17.000000Z,TRUE,TRUE,12,provider_qc95,12,12,80029,T6,80029__T6,2542C109401-1,longcycler,/Users/Aamir/Desktop/rUTIs/ont-yellow-routine-fastas/PR0042_barcode95_2542C109401-longcycler.fasta,fbea3985062068bc666ba6e865ca2707acaa1920c04d15a6a5330d4237f0c8e3,5145206,2026-05-06T13:20:50.000000Z,TRUE,TRUE,12,provider_qc95,12,12,TRUE,99.9824,473,/Users/Aamir/Desktop/rUTIs/outputs/nursing_home_candidate_clusters_20260717/direct_pairwise/dnadiff_cache_sha256_v1/20034__T3__vs__80029__T6__6f13a1dcc30261c9c66df2db.report,/Users/Aamir/Desktop/rUTIs/outputs/nursing_home_candidate_clusters_20260717/direct_pairwise/dnadiff_cache_sha256_v1/20034__T3__vs__80029__T6__6f13a1dcc30261c9c66df2db.provenance.json,13686a0bebfb0aad39a242ccf7dc263e7c0fe1d3582f15a137c4195fe4c68a57,6f13a1dcc30261c9c66df2dbaec00c187d1cd05666c706df616b0c9d2090318c,generated,dnadiff | DNAdiff version 1.3,0.00103256,1,97,97,97,NA,NA,NA,Related,ST + partial concordance,FALSE,Above same-strain SNP threshold,Same ST,"Same lineage, not same strain by SNP","Same lineage, not same strain by SNP","Same lineage, not same strain by SNP",FALSE
80029,T0,80029__T0,24190082801-1,longcycler,/Users/Aamir/Desktop/rUTIs/ont-yellow-routine-fastas/PR0010_barcode34_24190082801-1_longcycler.fasta,d8eda8e096e69adba2b5dc9d27426b45123fab73285c271093c0af41a8333264,5147045,2025-10-24T09:26:59.191249Z,TRUE,TRUE,12,provider_qc95,12,12,20034,T2,20034__T2,24360035101-1,longcycler,/Users/Aamir/Desktop/rUTIs/ont-yellow-routine-fastas/PR0022_barcode22_24360035101-1-longcycler.fasta,fd6ec0d5072876643dd2ec300e93870c350fc2236ae9c464925975705e0fd7a8,5179276,2025-10-24T09:26:58.721641Z,TRUE,TRUE,12,provider_qc95,12,12,TRUE,99.9825,414,/Users/Aamir/Desktop/rUTIs/outputs/nursing_home_candidate_clusters_20260717/direct_pairwise/dnadiff_cache_sha256_v1/80029__T0__vs__20034__T2__a3a6b9508b6918bdd20de8d8.report,/Users/Aamir/Desktop/rUTIs/outputs/nursing_home_candidate_clusters_20260717/direct_pairwise/dnadiff_cache_sha256_v1/80029__T0__vs__20034__T2__a3a6b9508b6918bdd20de8d8.provenance.json,57e4ee27579efd7566181f559ddad475c5fc630a40eb5dccf6eae23bd7846f5c,a3a6b9508b6918bdd20de8d86d0bb09c1137653c3f3e9d6d2b3df865703213ef,generated,dnadiff | DNAdiff version 1.3,0.00115999,1,97,97,97,NA,NA,NA,Related,ST + partial concordance,FALSE,Above same-strain SNP threshold,Same ST,"Same lineage, not same strain by SNP","Same lineage, not same strain by SNP","Same lineage, not same strain by SNP",FALSE
80029,T0,80029__T0,24190082801-1,longcycler,/Users/Aamir/Desktop/rUTIs/ont-yellow-routine-fastas/PR0010_barcode34_24190082801-1_longcycler.fasta,d8eda8e096e69adba2b5dc9d27426b45123fab73285c271093c0af41a8333264,5147045,2025-10-24T09:26:59.191249Z,TRUE,TRUE,12,provider_qc95,12,12,20034,T3,20034__T3,2449C049801-2,longcycler,/Users/Aamir/Desktop/rUTIs/ont-yellow-routine-fastas/PR0023_barcode73_2449C049801-2-longcycler.fasta,f849214212b179a91a300d04b13f0fe5c4da3d94eb8111c3430d039b59441467,5067187,2025-06-19T08:56:17.000000Z,TRUE,TRUE,12,provider_qc95,12,12,TRUE,99.983,449,/Users/Aamir/Desktop/rUTIs/outputs/nursing_home_candidate_clusters_20260717/direct_pairwise/dnadiff_cache_sha256_v1/80029__T0__vs__20034__T3__dffe16ba6b236f53bd091a19.report,/Users/Aamir/Desktop/rUTIs/outputs/nursing_home_candidate_clusters_20260717/direct_pairwise/dnadiff_cache_sha256_v1/80029__T0__vs__20034__T3__dffe16ba6b236f53bd091a19.provenance.json,c9b5f4fb9e7ed4ac454bf0d791f5eb0da314cb9f9f548a2d7dc74ef130f7fcc0,dffe16ba6b236f53bd091a194d634c20d6fcb4033a70a4828b8873f4b75e086f,generated,dnadiff | DNAdiff version 1.3,0.00103256,1,97,97,97,NA,NA,NA,Related,ST + partial concordance,FALSE,Above same-strain SNP threshold,Same ST,"Same lineage, not same strain by SNP","Same lineage, not same strain by SNP","Same lineage, not same strain by SNP",FALSE
80029,T1,80029__T1,24310131001-1,longcycler,/Users/Aamir/Desktop/rUTIs/ont-yellow-routine-fastas/PR0010_barcode72_24310131001-1_longcycler.fasta,c0e03f0134b6926e1ea95f7eed556d294e1f232b069d39d8a82e1993aca3d398,5146931,2025-10-24T09:26:57.354923Z,TRUE,TRUE,12,provider_qc95,12,12,140007,T2,140007__T2,2449C179601-1,longcycler,/Users/Aamir/Desktop/rUTIs/ont-yellow-routine-fastas/PR0048_barcode28_2449C179601-1-longcycler.fasta,792558e82a36c0477d2bf33b8bc0c89c5d1e75352eac9149d2e7e597b8251572,5408691,2026-05-06T13:21:10.000000Z,TRUE,TRUE,12,provider_qc95,12,12,TRUE,99.9779,807,/Users/Aamir/Desktop/rUTIs/outputs/nursing_home_candidate_clusters_20260717/direct_pairwise/dnadiff_cache_sha256_v1/80029__T1__vs__140007__T2__d2c4fb8a9286d23c5b8167d3.report,/Users/Aamir/Desktop/rUTIs/outputs/nursing_home_candidate_clusters_20260717/direct_pairwise/dnadiff_cache_sha256_v1/80029__T1__vs__140007__T2__d2c4fb8a9286d23c5b8167d3.provenance.json,9a5fa3e39fcd55bcbed2d6a196c6c5587e818df7aaefc1adcc9b3c65f625a128,d2c4fb8a9286d23c5b8167d335865c33b9812c0f8585fa72320c3268dfdd9ca0,generated,dnadiff | DNAdiff version 1.3,0.00232584,1,97,97,97,0,NA,NA,Related,ST + partial concordance,FALSE,Above same-strain SNP threshold,Same ST,"Same lineage, not same strain by SNP","Same lineage, not same strain by SNP","Same lineage, not same strain by SNP",FALSE
80029,T2,80029__T2,2444C079201-1,longcycler,/Users/Aamir/Desktop/rUTIs/ont-yellow-routine-fastas/PR0023_barcode50_2444C079201-1-longcycler.fasta,504d1e00541eeea375ac92ff9720098899b5af85ecc7cd5c76f22b21a278ca4c,5145224,2025-06-19T08:56:06.000000Z,TRUE,TRUE,12,provider_qc95,12,12,20034,T3,20034__T3,2449C049801-2,longcycler,/Users/Aamir/Desktop/rUTIs/ont-yellow-routine-fastas/PR0023_barcode73_2449C049801-2-longcycler.fasta,f849214212b179a91a300d04b13f0fe5c4da3d94eb8111c3430d039b59441467,5067187,2025-06-19T08:56:17.000000Z,TRUE,TRUE,12,provider_qc95,12,12,TRUE,99.9831,455,/Users/Aamir/Desktop/rUTIs/outputs/nursing_home_candidate_clusters_20260717/direct_pairwise/dnadiff_cache_sha256_v1/80029__T2__vs__20034__T3__8468d50da1b159c4e30e9367.report,/Users/Aamir/Desktop/rUTIs/outputs/nursing_home_candidate_clusters_20260717/direct_pairwise/dnadiff_cache_sha256_v1/80029__T2__vs__20034__T3__8468d50da1b159c4e30e9367.provenance.json,0c71e2407ede6b22727b621c67912467429808ea23c58d29eb7ae7ee33080772,8468d50da1b159c4e30e93678fdcc822fba5eb54b968a9b2715c4ca1ce22e20e,generated,dnadiff | DNAdiff version 1.3,0.00103256,1,97,97,97,NA,NA,NA,Related,ST + partial concordance,FALSE,Above same-strain SNP threshold,Same ST,"Same lineage, not same strain by SNP","Same lineage, not same strain by SNP","Same lineage, not same strain by SNP",FALSE
110061,T1,110061__T1,24340101101-1,longcycler,/Users/Aamir/Desktop/rUTIs/ont-yellow-routine-fastas/PR0022_barcode15_24340101101-1-longcycler.fasta,ec1d2b45dde6fe8796262dbf025233d2c6c3622d666b47dd7bafa59bd1a647b7,5298603,2025-10-24T09:26:56.991956Z,TRUE,TRUE,131,provider_qc95,131,131,20033,T2,20033__T2,24360064101-1,longcycler,/Users/Aamir/Desktop/rUTIs/ont-yellow-routine-fastas/PR0024_barcode57_24360064101-1-longcycler.fasta,53e51f69d481588412f1d26dc249f0f9018f88d2d5ee02263e04415a54b24702,5309019,2026-05-06T13:19:34.000000Z,TRUE,TRUE,131,provider_qc95,131,131,TRUE,99.984,417,/Users/Aamir/Desktop/rUTIs/outputs/nursing_home_candidate_clusters_20260717/direct_pairwise/dnadiff_cache_sha256_v1/110061__T1__vs__20033__T2__66ff3bb5335239a2a2e26c8d.report,/Users/Aamir/Desktop/rUTIs/outputs/nursing_home_candidate_clusters_20260717/direct_pairwise/dnadiff_cache_sha256_v1/110061__T1__vs__20033__T2__66ff3bb5335239a2a2e26c8d.provenance.json,524972266539bbae08e786d40d55c45f18c149cf32c7318d90b9a8208624817d,66ff3bb5335239a2a2e26c8d57160e647ac61b134ac2ccd4a240aafc14a3c881,generated,dnadiff | DNAdiff version 1.3,9.55247e-5,1,84,84,84,1,NA,NA,Related,ST + partial concordance,FALSE,Above same-strain SNP threshold,Same ST,"Same lineage, not same strain by SNP","Same lineage, not same strain by SNP","Same lineage, not same strain by SNP",FALSE
110061,T2,110061__T2,2447C152001-1,longcycler,/Users/Aamir/Desktop/rUTIs/ont-yellow-routine-fastas/PR0023_barcode62_2447C152001-1-longcycler.fasta,c54c9b57011f432759e6e30a96cf66b12672ff12d67256f6d74511c34c247cba,5289765,2025-06-19T08:56:11.000000Z,TRUE,TRUE,131,provider_qc95,131,131,20033,T2,20033__T2,24360064101-1,longcycler,/Users/Aamir/Desktop/rUTIs/ont-yellow-routine-fastas/PR0024_barcode57_24360064101-1-longcycler.fasta,53e51f69d481588412f1d26dc249f0f9018f88d2d5ee02263e04415a54b24702,5309019,2026-05-06T13:19:34.000000Z,TRUE,TRUE,131,provider_qc95,131,131,TRUE,99.9842,433,/Users/Aamir/Desktop/rUTIs/outputs/nursing_home_candidate_clusters_20260717/direct_pairwise/dnadiff_cache_sha256_v1/110061__T2__vs__20033__T2__4d0cf997e519b91276d81a6b.report,/Users/Aamir/Desktop/rUTIs/outputs/nursing_home_candidate_clusters_20260717/direct_pairwise/dnadiff_cache_sha256_v1/110061__T2__vs__20033__T2__4d0cf997e519b91276d81a6b.provenance.json,e7e6eabfd1ab501882ac528019133546dac7da23e945b9448bfc83805e55a6d6,4d0cf997e519b91276d81a6ba23abfa60599704eb23f3c3450187f60f818f6ff,generated,dnadiff | DNAdiff version 1.3,9.55247e-5,1,84,84,84,1,NA,NA,Related,ST + partial concordance,FALSE,Above same-strain SNP threshold,Same ST,"Same lineage, not same strain by SNP","Same lineage, not same strain by SNP","Same lineage, not same strain by SNP",FALSE
141018,T0,141018__T0,24230070101-1,longcycler,/Users/Aamir/Desktop/rUTIs/ont-yellow-routine-fastas/PR0024_barcode36_24230070101-1-longcycler.fasta,09c219aa518a12aa210480a548760fc2ed4c6c3d9b5953b70049b8879140c25e,5268191,2026-05-06T13:19:20.000000Z,TRUE,TRUE,131,provider_qc95,131,131,20032,T5,20032__T5,2521C036501-1,longcycler,/Users/Aamir/Desktop/rUTIs/ont-yellow-routine-fastas/PR0024_barcode39_2521C036501-1-longcycler.fasta,5e36a0780cb416fb9eb56937668dd7d63d41d655110801cde746d408e2284528,5306107,2026-05-06T13:19:22.000000Z,TRUE,TRUE,131,provider_qc95,131,131,TRUE,99.9877,216,/Users/Aamir/Desktop/rUTIs/outputs/nursing_home_candidate_clusters_20260717/direct_pairwise/dnadiff_cache_sha256_v1/141018__T0__vs__20032__T5__ede805dc6d39bd3b5483cdf6.report,/Users/Aamir/Desktop/rUTIs/outputs/nursing_home_candidate_clusters_20260717/direct_pairwise/dnadiff_cache_sha256_v1/141018__T0__vs__20032__T5__ede805dc6d39bd3b5483cdf6.provenance.json,e4bff21e8c3e7e1aa8e872e221616f9c231e2830f9601ae49da7743ec63010be,ede805dc6d39bd3b5483cdf63374c7664837e63aa6bd5b749ef747db2610b079,generated,dnadiff | DNAdiff version 1.3,4.58924e-4,1,84,84,84,1,NA,NA,Related,ST + partial concordance,FALSE,Above same-strain SNP threshold,Same ST,"Same lineage, not same strain by SNP","Same lineage, not same strain by SNP","Same lineage, not same strain by SNP",FALSE
20032,T0,20032__T0,24110180101-1,longcycler,/Users/Aamir/Desktop/rUTIs/ont-yellow-routine-fastas/PR0010_barcode06_24110180101-1_longcycler.fasta,e7866a3b5059dabeedc4131dc1ee86ff0aec8275875fda0640c6e0677e075dd1,5292093,2025-10-24T09:26:57.938041Z,TRUE,TRUE,131,provider_qc95,131,131,141018,T0,141018__T0,24230070101-1,longcycler,/Users/Aamir/Desktop/rUTIs/ont-yellow-routine-fastas/PR0024_barcode36_24230070101-1-longcycler.fasta,09c219aa518a12aa210480a548760fc2ed4c6c3d9b5953b70049b8879140c25e,5268191,2026-05-06T13:19:20.000000Z,TRUE,TRUE,131,provider_qc95,131,131,TRUE,99.9845,206,/Users/Aamir/Desktop/rUTIs/outputs/nursing_home_candidate_clusters_20260717/direct_pairwise/dnadiff_cache_sha256_v1/20032__T0__vs__141018__T0__ada367fce1c79d29dc0d26b8.report,/Users/Aamir/Desktop/rUTIs/outputs/nursing_home_candidate_clusters_20260717/direct_pairwise/dnadiff_cache_sha256_v1/20032__T0__vs__141018__T0__ada367fce1c79d29dc0d26b8.provenance.json,8c502b48b52f72db7ded1ae002f4ce65719968f3fa9b904ba7580b83bfb64014,ada367fce1c79d29dc0d26b8c70b84e7625201500f278be4a69dca1743765617,generated,dnadiff | DNAdiff version 1.3,4.83446e-4,1,84,84,84,1,NA,NA,Related,ST + partial concordance,FALSE,Above same-strain SNP threshold,Same ST,"Same lineage, not same strain by SNP","Same lineage, not same strain by SNP","Same lineage, not same strain by SNP",FALSE
20032,T0,20032__T0,24110180101-1,longcycler,/Users/Aamir/Desktop/rUTIs/ont-yellow-routine-fastas/PR0010_barcode06_24110180101-1_longcycler.fasta,e7866a3b5059dabeedc4131dc1ee86ff0aec8275875fda0640c6e0677e075dd1,5292093,2025-10-24T09:26:57.938041Z,TRUE,TRUE,131,provider_qc95,131,131,141018,T2,141018__T2,2449C177701-2,longcycler,/Users/Aamir/Desktop/rUTIs/ont-yellow-routine-fastas/PR0024_barcode81_2449C177701-2-longcycler.fasta,484ea1d57122b29e07b1cf4c8d9cc919dfea987b8daf75b9c37bb3a5b35d62d0,5240246,2026-05-06T13:19:46.000000Z,TRUE,TRUE,131,provider_qc95,131,131,TRUE,99.9839,201,/Users/Aamir/Desktop/rUTIs/outputs/nursing_home_candidate_clusters_20260717/direct_pairwise/dnadiff_cache_sha256_v1/20032__T0__vs__141018__T2__7be871031a4990b2ba998d9f.report,/Users/Aamir/Desktop/rUTIs/outputs/nursing_home_candidate_clusters_20260717/direct_pairwise/dnadiff_cache_sha256_v1/20032__T0__vs__141018__T2__7be871031a4990b2ba998d9f.provenance.json,34cda9f6c87cf4bf21f9d1cf47bb07674dd0c34d85334dda6e0d1ca9e4ff1806,7be871031a4990b2ba998d9f10a2c004b375a6735b8ded9fbd2b336ec92486b8,generated,dnadiff | DNAdiff version 1.3,7.05841e-4,1,84,84,84,1,NA,NA,Related,ST + partial concordance,FALSE,Above same-strain SNP threshold,Same ST,"Same lineage, not same strain by SNP","Same lineage, not same strain by SNP","Same lineage, not same strain by SNP",FALSE
20032,T1,20032__T1,24240064401-1,longcycler,/Users/Aamir/Desktop/rUTIs/ont-yellow-routine-fastas/PR0010_barcode45_24240064401-1_longcycler.fasta,618679d377f1057af9e334c10069b03e090faeb28123b474650f89c8e5b0a3d9,5292167,2025-10-24T09:26:57.944314Z,TRUE,TRUE,131,provider_qc95,131,131,141018,T0,141018__T0,24230070101-1,longcycler,/Users/Aamir/Desktop/rUTIs/ont-yellow-routine-fastas/PR0024_barcode36_24230070101-1-longcycler.fasta,09c219aa518a12aa210480a548760fc2ed4c6c3d9b5953b70049b8879140c25e,5268191,2026-05-06T13:19:20.000000Z,TRUE,TRUE,131,provider_qc95,131,131,TRUE,99.9885,204,/Users/Aamir/Desktop/rUTIs/outputs/nursing_home_candidate_clusters_20260717/direct_pairwise/dnadiff_cache_sha256_v1/20032__T1__vs__141018__T0__d2fe00ed9be88e9abe509017.report,/Users/Aamir/Desktop/rUTIs/outputs/nursing_home_candidate_clusters_20260717/direct_pairwise/dnadiff_cache_sha256_v1/20032__T1__vs__141018__T0__d2fe00ed9be88e9abe509017.provenance.json,564628724a0eb940b417b395f22dcb545014b838f5e1826ec34a372f80f2981d,d2fe00ed9be88e9abe50901789c325dc0f8160e20650f0e261977fe274a24d5f,generated,dnadiff | DNAdiff version 1.3,4.58924e-4,1,84,84,84,1,NA,NA,Related,ST + partial concordance,FALSE,Above same-strain SNP threshold,Same ST,"Same lineage, not same strain by SNP","Same lineage, not same strain by SNP","Same lineage, not same strain by SNP",FALSE
20032,T1,20032__T1,24240064401-1,longcycler,/Users/Aamir/Desktop/rUTIs/ont-yellow-routine-fastas/PR0010_barcode45_24240064401-1_longcycler.fasta,618679d377f1057af9e334c10069b03e090faeb28123b474650f89c8e5b0a3d9,5292167,2025-10-24T09:26:57.944314Z,TRUE,TRUE,131,provider_qc95,131,131,141018,T2,141018__T2,2449C177701-2,longcycler,/Users/Aamir/Desktop/rUTIs/ont-yellow-routine-fastas/PR0024_barcode81_2449C177701-2-longcycler.fasta,484ea1d57122b29e07b1cf4c8d9cc919dfea987b8daf75b9c37bb3a5b35d62d0,5240246,2026-05-06T13:19:46.000000Z,TRUE,TRUE,131,provider_qc95,131,131,TRUE,99.9885,199,/Users/Aamir/Desktop/rUTIs/outputs/nursing_home_candidate_clusters_20260717/direct_pairwise/dnadiff_cache_sha256_v1/20032__T1__vs__141018__T2__8bf827b979a5041247b5e7a3.report,/Users/Aamir/Desktop/rUTIs/outputs/nursing_home_candidate_clusters_20260717/direct_pairwise/dnadiff_cache_sha256_v1/20032__T1__vs__141018__T2__8bf827b979a5041247b5e7a3.provenance.json,84d4132856e7881275b332fed55a9d89c3216ad7f20e44892646be45c5b0a4fe,8bf827b979a5041247b5e7a3ae35d137988d15cdf0bb29bf7d152873c44d39b6,generated,dnadiff | DNAdiff version 1.3,6.80979e-4,1,84,84,84,1,NA,NA,Related,ST + partial concordance,FALSE,Above same-strain SNP threshold,Same ST,"Same lineage, not same strain by SNP","Same lineage, not same strain by SNP","Same lineage, not same strain by SNP",FALSE
20032,T2,20032__T2,24360031301-1,longcycler,/Users/Aamir/Desktop/rUTIs/ont-yellow-routine-fastas/PR0023_barcode33_24360031301-1-longcycler.fasta,7feafc7b3a67dee2228e08fa0a4a1b54877ac3518103eb5260e09c0e5bb66989,5292209,2025-06-19T08:55:59.000000Z,TRUE,TRUE,131,provider_qc95,131,131,141018,T0,141018__T0,24230070101-1,longcycler,/Users/Aamir/Desktop/rUTIs/ont-yellow-routine-fastas/PR0024_barcode36_24230070101-1-longcycler.fasta,09c219aa518a12aa210480a548760fc2ed4c6c3d9b5953b70049b8879140c25e,5268191,2026-05-06T13:19:20.000000Z,TRUE,TRUE,131,provider_qc95,131,131,TRUE,99.9888,211,/Users/Aamir/Desktop/rUTIs/outputs/nursing_home_candidate_clusters_20260717/direct_pairwise/dnadiff_cache_sha256_v1/20032__T2__vs__141018__T0__b5c550e0605a1cd73db37f6b.report,/Users/Aamir/Desktop/rUTIs/outputs/nursing_home_candidate_clusters_20260717/direct_pairwise/dnadiff_cache_sha256_v1/20032__T2__vs__141018__T0__b5c550e0605a1cd73db37f6b.provenance.json,11bade07fb0f0b8febe3ee9f384e1d40a82898519bd53d8b0d61ab363be3ae0b,b5c550e0605a1cd73db37f6b9dc11dbfe29a6a1a4ab5e98e13e8b6d430e5a50b,generated,dnadiff | DNAdiff version 1.3,4.58924e-4,1,84,84,84,1,NA,NA,Related,ST + partial concordance,FALSE,Above same-strain SNP threshold,Same ST,"Same lineage, not same strain by SNP","Same lineage, not same strain by SNP","Same lineage, not same strain by SNP",FALSE
20032,T2,20032__T2,24360031301-1,longcycler,/Users/Aamir/Desktop/rUTIs/ont-yellow-routine-fastas/PR0023_barcode33_24360031301-1-longcycler.fasta,7feafc7b3a67dee2228e08fa0a4a1b54877ac3518103eb5260e09c0e5bb66989,5292209,2025-06-19T08:55:59.000000Z,TRUE,TRUE,131,provider_qc95,131,131,141018,T2,141018__T2,2449C177701-2,longcycler,/Users/Aamir/Desktop/rUTIs/ont-yellow-routine-fastas/PR0024_barcode81_2449C177701-2-longcycler.fasta,484ea1d57122b29e07b1cf4c8d9cc919dfea987b8daf75b9c37bb3a5b35d62d0,5240246,2026-05-06T13:19:46.000000Z,TRUE,TRUE,131,provider_qc95,131,131,TRUE,99.9888,206,/Users/Aamir/Desktop/rUTIs/outputs/nursing_home_candidate_clusters_20260717/direct_pairwise/dnadiff_cache_sha256_v1/20032__T2__vs__141018__T2__cdece8c955c37f99bc2266df.report,/Users/Aamir/Desktop/rUTIs/outputs/nursing_home_candidate_clusters_20260717/direct_pairwise/dnadiff_cache_sha256_v1/20032__T2__vs__141018__T2__cdece8c955c37f99bc2266df.provenance.json,bbc0f7a3aa5cc62c0ae31d7986cc285dc9b435dca86791d9b998168a473d3dc6,cdece8c955c37f99bc2266df038af82df882acbe852116eb225897a18782e097,generated,dnadiff | DNAdiff version 1.3,6.80979e-4,1,84,84,84,1,NA,NA,Related,ST + partial concordance,FALSE,Above same-strain SNP threshold,Same ST,"Same lineage, not same strain by SNP","Same lineage, not same strain by SNP","Same lineage, not same strain by SNP",FALSE
20032,T4,20032__T4,2510C044501-1,longcycler,/Users/Aamir/Desktop/rUTIs/ont-yellow-routine-fastas/PR0023_barcode41_2510C044501-1-longcycler.fasta,3f786620870341c752a3359b11e5f5080035d5c188b32f978f244976cc9796f5,5292222,2025-06-19T08:56:03.000000Z,TRUE,TRUE,131,provider_qc95,131,131,141018,T0,141018__T0,24230070101-1,longcycler,/Users/Aamir/Desktop/rUTIs/ont-yellow-routine-fastas/PR0024_barcode36_24230070101-1-longcycler.fasta,09c219aa518a12aa210480a548760fc2ed4c6c3d9b5953b70049b8879140c25e,5268191,2026-05-06T13:19:20.000000Z,TRUE,TRUE,131,provider_qc95,131,131,TRUE,99.9878,212,/Users/Aamir/Desktop/rUTIs/outputs/nursing_home_candidate_clusters_20260717/direct_pairwise/dnadiff_cache_sha256_v1/20032__T4__vs__141018__T0__b68b1a6be3d3c76e7fbc53a1.report,/Users/Aamir/Desktop/rUTIs/outputs/nursing_home_candidate_clusters_20260717/direct_pairwise/dnadiff_cache_sha256_v1/20032__T4__vs__141018__T0__b68b1a6be3d3c76e7fbc53a1.provenance.json,ee143360d6444aff34f4653bccaf0c99ada4d07dd2a614fd564b968b6c8dd987,b68b1a6be3d3c76e7fbc53a101e8fd0116e1a71c74f9e2c7f7f440557f778384,generated,dnadiff | DNAdiff version 1.3,4.58924e-4,1,84,84,84,1,NA,NA,Related,ST + partial concordance,FALSE,Above same-strain SNP threshold,Same ST,"Same lineage, not same strain by SNP","Same lineage, not same strain by SNP","Same lineage, not same strain by SNP",FALSE
20032,T4,20032__T4,2510C044501-1,longcycler,/Users/Aamir/Desktop/rUTIs/ont-yellow-routine-fastas/PR0023_barcode41_2510C044501-1-longcycler.fasta,3f786620870341c752a3359b11e5f5080035d5c188b32f978f244976cc9796f5,5292222,2025-06-19T08:56:03.000000Z,TRUE,TRUE,131,provider_qc95,131,131,141018,T2,141018__T2,2449C177701-2,longcycler,/Users/Aamir/Desktop/rUTIs/ont-yellow-routine-fastas/PR0024_barcode81_2449C177701-2-longcycler.fasta,484ea1d57122b29e07b1cf4c8d9cc919dfea987b8daf75b9c37bb3a5b35d62d0,5240246,2026-05-06T13:19:46.000000Z,TRUE,TRUE,131,provider_qc95,131,131,TRUE,99.9881,206,/Users/Aamir/Desktop/rUTIs/outputs/nursing_home_candidate_clusters_20260717/direct_pairwise/dnadiff_cache_sha256_v1/20032__T4__vs__141018__T2__1bfc1548d2b01a678c96052b.report,/Users/Aamir/Desktop/rUTIs/outputs/nursing_home_candidate_clusters_20260717/direct_pairwise/dnadiff_cache_sha256_v1/20032__T4__vs__141018__T2__1bfc1548d2b01a678c96052b.provenance.json,aa923f743da4d387f57a6134c5e574e8bf99c052df7ea9f1a476e4165f250efd,1bfc1548d2b01a678c96052bf4ab40ceecd558fe4c8fcc1dd55de9538ec4b4f2,generated,dnadiff | DNAdiff version 1.3,6.80979e-4,1,84,84,84,1,NA,NA,Related,ST + partial concordance,FALSE,Above same-strain SNP threshold,Same ST,"Same lineage, not same strain by SNP","Same lineage, not same strain by SNP","Same lineage, not same strain by SNP",FALSE
20032,T5,20032__T5,2521C036501-1,longcycler,/Users/Aamir/Desktop/rUTIs/ont-yellow-routine-fastas/PR0024_barcode39_2521C036501-1-longcycler.fasta,5e36a0780cb416fb9eb56937668dd7d63d41d655110801cde746d408e2284528,5306107,2026-05-06T13:19:22.000000Z,TRUE,TRUE,131,provider_qc95,131,131,141018,T2,141018__T2,2449C177701-2,longcycler,/Users/Aamir/Desktop/rUTIs/ont-yellow-routine-fastas/PR0024_barcode81_2449C177701-2-longcycler.fasta,484ea1d57122b29e07b1cf4c8d9cc919dfea987b8daf75b9c37bb3a5b35d62d0,5240246,2026-05-06T13:19:46.000000Z,TRUE,TRUE,131,provider_qc95,131,131,TRUE,99.9864,209,/Users/Aamir/Desktop/rUTIs/outputs/nursing_home_candidate_clusters_20260717/direct_pairwise/dnadiff_cache_sha256_v1/20032__T5__vs__141018__T2__0acdda18bc11ac5a7c9f03e0.report,/Users/Aamir/Desktop/rUTIs/outputs/nursing_home_candidate_clusters_20260717/direct_pairwise/dnadiff_cache_sha256_v1/20032__T5__vs__141018__T2__0acdda18bc11ac5a7c9f03e0.provenance.json,646c37fe767498b82938993e5a5c649a8f48a58675a13de12dab168669d7adc6,0acdda18bc11ac5a7c9f03e0e525ca9523944038c71de940c2e7357b55a6093e,generated,dnadiff | DNAdiff version 1.3,6.80979e-4,1,84,84,84,1,NA,NA,Related,ST + partial concordance,FALSE,Above same-strain SNP threshold,Same ST,"Same lineage, not same strain by SNP","Same lineage, not same strain by SNP","Same lineage, not same strain by SNP",FALSE
100061,T3,100061__T3,2502C118901-1,longcycler,/Users/Aamir/Desktop/rUTIs/ont-yellow-routine-fastas/PR0048_barcode31_2502C118901-1-longcycler.fasta,d662dc8c78ba3ddb773ee055b5a1cc9af11f2a75b3b8a6a0e6d8640c3ff5d5e7,5355925,2026-05-06T13:21:14.000000Z,TRUE,TRUE,141,provider_qc95,141,141,50033,T4,50033__T4,2525C104801-1,longcycler,/Users/Aamir/Desktop/rUTIs/ont-yellow-routine-fastas/PR0048_barcode55_2525C104801-1-longcycler.fasta,44189087c0e6dfa0138742c52cd9d6016972b2a1cff9b4dc37b875cb044ef40d,5526025,2026-05-06T13:21:32.000000Z,TRUE,TRUE,141,provider_qc95,141,141,TRUE,99.9218,2511,/Users/Aamir/Desktop/rUTIs/outputs/nursing_home_candidate_clusters_20260717/direct_pairwise/dnadiff_cache_sha256_v1/100061__T3__vs__50033__T4__a6e78b31afab6f3cae653687.report,/Users/Aamir/Desktop/rUTIs/outputs/nursing_home_candidate_clusters_20260717/direct_pairwise/dnadiff_cache_sha256_v1/100061__T3__vs__50033__T4__a6e78b31afab6f3cae653687.provenance.json,e7680e1222c4a17e4af6cc68533f2d437cf7179f613620d25f19a5f102307708,a6e78b31afab6f3cae6536873ec9b0015f50263c0ea918f2176d47721b0a33aa,generated,dnadiff | DNAdiff version 1.3,0.0018924,1,101,101,101,0,NA,NA,Related,ST + partial concordance,FALSE,Above same-strain SNP threshold,Same ST,"Same lineage, not same strain by SNP","Same lineage, not same strain by SNP","Same lineage, not same strain by SNP",FALSE
100061,T3,100061__T3,2502C118901-1,longcycler,/Users/Aamir/Desktop/rUTIs/ont-yellow-routine-fastas/PR0048_barcode31_2502C118901-1-longcycler.fasta,d662dc8c78ba3ddb773ee055b5a1cc9af11f2a75b3b8a6a0e6d8640c3ff5d5e7,5355925,2026-05-06T13:21:14.000000Z,TRUE,TRUE,141,provider_qc95,141,141,50033,T5,50033__T5,2536C104901-1,longcycler,/Users/Aamir/Desktop/rUTIs/ont-yellow-routine-fastas/PR0048_barcode83_2536C104901-1-longcycler.fasta,100e154f92e02bf7e9a54084af6a88a3bd308a2610bf435b4eb21c7828a88574,5484395,2026-05-06T13:21:50.000000Z,TRUE,TRUE,141,provider_qc95,141,141,TRUE,99.9208,2527,/Users/Aamir/Desktop/rUTIs/outputs/nursing_home_candidate_clusters_20260717/direct_pairwise/dnadiff_cache_sha256_v1/100061__T3__vs__50033__T5__93bb2b4805851dbf364b6116.report,/Users/Aamir/Desktop/rUTIs/outputs/nursing_home_candidate_clusters_20260717/direct_pairwise/dnadiff_cache_sha256_v1/100061__T3__vs__50033__T5__93bb2b4805851dbf364b6116.provenance.json,1d8ceb29932e426e64651be35164df8d6fce8a2e716bfa71cc9d1dc607d95d56,93bb2b4805851dbf364b611677ca654850cda0b50e2cc1588de6531e2c716087,generated,dnadiff | DNAdiff version 1.3,0.0018924,1,101,101,101,0,NA,NA,Related,ST + partial concordance,FALSE,Above same-strain SNP threshold,Same ST,"Same lineage, not same strain by SNP","Same lineage, not same strain by SNP","Same lineage, not same strain by SNP",FALSE
40004,T1,40004__T1,24230208601-1,longcycler,/Users/Aamir/Desktop/rUTIs/ont-yellow-routine-fastas/PR0010_barcode59_24230208601-1_longcycler.fasta,1789f83b6062be02017b63d3c4bb07c16a9f2d14f235dcab35bd82e40927245e,5304302,2025-10-24T09:26:59.059324Z,TRUE,TRUE,141,provider_qc95,141,141,50033,T0,50033__T0,24240141501-1,longcycler,/Users/Aamir/Desktop/rUTIs/ont-yellow-routine-fastas/PR0017_barcode33_24240141501-1-longcycler.fasta,36aa91db660522081470da206fdbaf80ee98d991e73c34a2c685a813ab789488,5422541,2025-10-24T09:26:58.481512Z,TRUE,TRUE,141,provider_qc95,141,141,TRUE,99.942,1343,/Users/Aamir/Desktop/rUTIs/outputs/nursing_home_candidate_clusters_20260717/direct_pairwise/dnadiff_cache_sha256_v1/40004__T1__vs__50033__T0__8b4547411592a5b217297f09.report,/Users/Aamir/Desktop/rUTIs/outputs/nursing_home_candidate_clusters_20260717/direct_pairwise/dnadiff_cache_sha256_v1/40004__T1__vs__50033__T0__8b4547411592a5b217297f09.provenance.json,2e107d3d7d4dbb7a133ae3e1d03c14280c5be5ff7182bf9680633cfb5bddc7b4,8b4547411592a5b217297f0918c8b8d604dd3bf2f16da182fd5fc1515e8348f6,generated,dnadiff | DNAdiff version 1.3,0.00263042,1,101,101,101,0,NA,NA,Related,ST + partial concordance,FALSE,Above same-strain SNP threshold,Same ST,"Same lineage, not same strain by SNP","Same lineage, not same strain by SNP","Same lineage, not same strain by SNP",FALSE
40004,T1,40004__T1,24230208601-1,longcycler,/Users/Aamir/Desktop/rUTIs/ont-yellow-routine-fastas/PR0010_barcode59_24230208601-1_longcycler.fasta,1789f83b6062be02017b63d3c4bb07c16a9f2d14f235dcab35bd82e40927245e,5304302,2025-10-24T09:26:59.059324Z,TRUE,TRUE,141,provider_qc95,141,141,50033,T1,50033__T1,24360130301-1,longcycler,/Users/Aamir/Desktop/rUTIs/ont-yellow-routine-fastas/PR0022_barcode24_24360130301-1-longcycler.fasta,1760bf44da1a110aa93b762cd94f85f47dfeb1cb283f20f7a733a75e7b9f54c2,5469763,2025-10-24T09:26:57.974442Z,TRUE,TRUE,141,provider_qc95,141,141,TRUE,99.9454,1774,/Users/Aamir/Desktop/rUTIs/outputs/nursing_home_candidate_clusters_20260717/direct_pairwise/dnadiff_cache_sha256_v1/40004__T1__vs__50033__T1__bafeb6cf2f633fea213a2492.report,/Users/Aamir/Desktop/rUTIs/outputs/nursing_home_candidate_clusters_20260717/direct_pairwise/dnadiff_cache_sha256_v1/40004__T1__vs__50033__T1__bafeb6cf2f633fea213a2492.provenance.json,809ae257883e95b9529067e8afb0ca514a2d182ddb4eb4367ac29d8aa869955d,bafeb6cf2f633fea213a249249afc8c8da19d97230d99770815e1760a4cc90fa,generated,dnadiff | DNAdiff version 1.3,0.0024636,1,101,101,101,0,NA,NA,Related,ST + partial concordance,FALSE,Above same-strain SNP threshold,Same ST,"Same lineage, not same strain by SNP","Same lineage, not same strain by SNP","Same lineage, not same strain by SNP",FALSE
80011,T0,80011__T0,24190081201-1,longcycler,/Users/Aamir/Desktop/rUTIs/ont-yellow-routine-fastas/PR0024_barcode26_24190081201-1-longcycler.fasta,7c12cb3f907b10297ac599d632eb150f5f4625b94d646a890fef6d95fcd25c4e,5266913,2026-05-06T13:19:14.000000Z,TRUE,TRUE,141,provider_qc95,141,141,50033,T4,50033__T4,2525C104801-1,longcycler,/Users/Aamir/Desktop/rUTIs/ont-yellow-routine-fastas/PR0048_barcode55_2525C104801-1-longcycler.fasta,44189087c0e6dfa0138742c52cd9d6016972b2a1cff9b4dc37b875cb044ef40d,5526025,2026-05-06T13:21:32.000000Z,TRUE,TRUE,141,provider_qc95,141,141,TRUE,99.9166,2715,/Users/Aamir/Desktop/rUTIs/outputs/nursing_home_candidate_clusters_20260717/direct_pairwise/dnadiff_cache_sha256_v1/80011__T0__vs__50033__T4__086d7e25232845d48b12c988.report,/Users/Aamir/Desktop/rUTIs/outputs/nursing_home_candidate_clusters_20260717/direct_pairwise/dnadiff_cache_sha256_v1/80011__T0__vs__50033__T4__086d7e25232845d48b12c988.provenance.json,3dc5374c5f3cea95feb21e0cb097eed80865efa5428240b501d7da9ba8128eab,086d7e25232845d48b12c988e740e36c8e17ccdafcc89303ff10a0dc6755e340,generated,dnadiff | DNAdiff version 1.3,0.0018924,1,101,101,101,0,NA,NA,Related,ST + partial concordance,FALSE,Above same-strain SNP threshold,Same ST,"Same lineage, not same strain by SNP","Same lineage, not same strain by SNP","Same lineage, not same strain by SNP",FALSE
80011,T0,80011__T0,24190081201-1,longcycler,/Users/Aamir/Desktop/rUTIs/ont-yellow-routine-fastas/PR0024_barcode26_24190081201-1-longcycler.fasta,7c12cb3f907b10297ac599d632eb150f5f4625b94d646a890fef6d95fcd25c4e,5266913,2026-05-06T13:19:14.000000Z,TRUE,TRUE,141,provider_qc95,141,141,50033,T5,50033__T5,2536C104901-1,longcycler,/Users/Aamir/Desktop/rUTIs/ont-yellow-routine-fastas/PR0048_barcode83_2536C104901-1-longcycler.fasta,100e154f92e02bf7e9a54084af6a88a3bd308a2610bf435b4eb21c7828a88574,5484395,2026-05-06T13:21:50.000000Z,TRUE,TRUE,141,provider_qc95,141,141,TRUE,99.917,2684,/Users/Aamir/Desktop/rUTIs/outputs/nursing_home_candidate_clusters_20260717/direct_pairwise/dnadiff_cache_sha256_v1/80011__T0__vs__50033__T5__b913f16dcd6665f2f6e38fee.report,/Users/Aamir/Desktop/rUTIs/outputs/nursing_home_candidate_clusters_20260717/direct_pairwise/dnadiff_cache_sha256_v1/80011__T0__vs__50033__T5__b913f16dcd6665f2f6e38fee.provenance.json,2c5c1e10bdf4faf44817eb8ed3f9933484000eb8ec2dce170d6d6543dd64a974,b913f16dcd6665f2f6e38fee542211e2a15aecb336d777b3b7f556cd183c7632,generated,dnadiff | DNAdiff version 1.3,0.0018924,1,101,101,101,0,NA,NA,Related,ST + partial concordance,FALSE,Above same-strain SNP threshold,Same ST,"Same lineage, not same strain by SNP","Same lineage, not same strain by SNP","Same lineage, not same strain by SNP",FALSE
80011,T4,80011__T4,2516C158401-1,longcycler,/Users/Aamir/Desktop/rUTIs/ont-yellow-routine-fastas/PR0042_barcode10_2516C158401-longcycler.fasta,3c51253bda0070e35a441abafda5890d986d2ec75c185b5fb35bf1479efb126c,5296037,2026-05-06T13:20:00.000000Z,TRUE,TRUE,141,provider_qc95,141,141,50033,T4,50033__T4,2525C104801-1,longcycler,/Users/Aamir/Desktop/rUTIs/ont-yellow-routine-fastas/PR0048_barcode55_2525C104801-1-longcycler.fasta,44189087c0e6dfa0138742c52cd9d6016972b2a1cff9b4dc37b875cb044ef40d,5526025,2026-05-06T13:21:32.000000Z,TRUE,TRUE,141,provider_qc95,141,141,TRUE,99.9315,2054,/Users/Aamir/Desktop/rUTIs/outputs/nursing_home_candidate_clusters_20260717/direct_pairwise/dnadiff_cache_sha256_v1/80011__T4__vs__50033__T4__af7c9a88fc0c47efe24f3f05.report,/Users/Aamir/Desktop/rUTIs/outputs/nursing_home_candidate_clusters_20260717/direct_pairwise/dnadiff_cache_sha256_v1/80011__T4__vs__50033__T4__af7c9a88fc0c47efe24f3f05.provenance.json,69f9fde31e4c8fb2712682edadc2dbc04fb567261227878f4ea923b61c2fea6b,af7c9a88fc0c47efe24f3f05739f5a9a162973bd5a78000a056773c0d8f90ce1,generated,dnadiff | DNAdiff version 1.3,0.00194597,1,101,101,101,0,NA,NA,Related,ST + partial concordance,FALSE,Above same-strain SNP threshold,Same ST,"Same lineage, not same strain by SNP","Same lineage, not same strain by SNP","Same lineage, not same strain by SNP",FALSE
80011,T4,80011__T4,2516C158401-1,longcycler,/Users/Aamir/Desktop/rUTIs/ont-yellow-routine-fastas/PR0042_barcode10_2516C158401-longcycler.fasta,3c51253bda0070e35a441abafda5890d986d2ec75c185b5fb35bf1479efb126c,5296037,2026-05-06T13:20:00.000000Z,TRUE,TRUE,141,provider_qc95,141,141,50033,T5,50033__T5,2536C104901-1,longcycler,/Users/Aamir/Desktop/rUTIs/ont-yellow-routine-fastas/PR0048_barcode83_2536C104901-1-longcycler.fasta,100e154f92e02bf7e9a54084af6a88a3bd308a2610bf435b4eb21c7828a88574,5484395,2026-05-06T13:21:50.000000Z,TRUE,TRUE,141,provider_qc95,141,141,TRUE,99.9314,2026,/Users/Aamir/Desktop/rUTIs/outputs/nursing_home_candidate_clusters_20260717/direct_pairwise/dnadiff_cache_sha256_v1/80011__T4__vs__50033__T5__2264e8827cd9c725fd1d4dec.report,/Users/Aamir/Desktop/rUTIs/outputs/nursing_home_candidate_clusters_20260717/direct_pairwise/dnadiff_cache_sha256_v1/80011__T4__vs__50033__T5__2264e8827cd9c725fd1d4dec.provenance.json,37f37df2acec6749eb53fd452ce4f058b5839ece6f95f77e5a9f4f17db8b1207,2264e8827cd9c725fd1d4deccb857d787b6a94499c7a537cffd396fb24c49eaf,generated,dnadiff | DNAdiff version 1.3,0.00194597,1,101,101,101,0,NA,NA,Related,ST + partial concordance,FALSE,Above same-strain SNP threshold,Same ST,"Same lineage, not same strain by SNP","Same lineage, not same strain by SNP","Same lineage, not same strain by SNP",FALSE
120003,T0,120003__T0,24220034901-1,longcycler,/Users/Aamir/Desktop/rUTIs/ont-yellow-routine-fastas/PR0010_barcode40_24220034901-1_longcycler.fasta,30bfe9335b7d3b2b1c144f3c155a79aaa41729f5d6348bf77ef6db0f7e6d63a5,5148216,2025-10-24T09:26:58.445183Z,TRUE,TRUE,2015,provider_qc95,2015,2015,120007,T0,120007__T0,24220035301-1,longcycler,/Users/Aamir/Desktop/rUTIs/ont-yellow-routine-fastas/PR0017_barcode20_24220035301-1-longcycler.fasta,0a395300bc2e3eb03451c8cd8ca04cbcb049aac3bbef8eb442e8d7659209e795,5450583,2025-10-24T09:26:57.804491Z,TRUE,TRUE,2015,provider_qc95,2015,2015,TRUE,99.9852,187,/Users/Aamir/Desktop/rUTIs/outputs/nursing_home_candidate_clusters_20260717/direct_pairwise/dnadiff_cache_sha256_v1/120003__T0__vs__120007__T0__7944046b89e6cd88f123ff56.report,/Users/Aamir/Desktop/rUTIs/outputs/nursing_home_candidate_clusters_20260717/direct_pairwise/dnadiff_cache_sha256_v1/120003__T0__vs__120007__T0__7944046b89e6cd88f123ff56.provenance.json,8fd80d03d1e44424b126851385e7a6f1e80a582f73c98d9dac1bd266d859417d,7944046b89e6cd88f123ff56655b9428669e28b2a593e6bf815fce7ab0df45b9,generated,dnadiff | DNAdiff version 1.3,0.0025468,1,97,97,97,NA,NA,NA,Related,ST + partial concordance,FALSE,Above same-strain SNP threshold,Same ST,"Same lineage, not same strain by SNP","Same lineage, not same strain by SNP","Same lineage, not same strain by SNP",FALSE
120012,T3,120012__T3,2506C045801-1,longcycler,/Users/Aamir/Desktop/rUTIs/ont-yellow-routine-fastas/PR0042_barcode30_2506C045801-longcycler.fasta,fe755bb2132fa4efb400e60a8ebb519dfb67f26e60474db747aca3d80a90b66e,5331349,2026-05-06T13:20:14.000000Z,TRUE,TRUE,73,provider_qc95,73,73,20028,T6,20028__T6,2536C066501-1,longcycler,/Users/Aamir/Desktop/rUTIs/ont-yellow-routine-fastas/PR0042_barcode75_2536C066501-longcycler.fasta,c0c5d8f02542942147f685d6580795bdec99551ae80bf8c778a4f2544d74e7c0,5387643,2026-05-06T13:20:40.000000Z,TRUE,TRUE,73,provider_qc95,73,73,TRUE,99.989,146,/Users/Aamir/Desktop/rUTIs/outputs/nursing_home_candidate_clusters_20260717/direct_pairwise/dnadiff_cache_sha256_v1/120012__T3__vs__20028__T6__0098580bd8d6d2342d02ef73.report,/Users/Aamir/Desktop/rUTIs/outputs/nursing_home_candidate_clusters_20260717/direct_pairwise/dnadiff_cache_sha256_v1/120012__T3__vs__20028__T6__0098580bd8d6d2342d02ef73.provenance.json,8dc961138cd9865a3d6a06f1366ffc35be1f507e5bfd98cfa5a16bcfa3c73f0e,0098580bd8d6d2342d02ef738de230bb7747ffd6f4097643bde9ac745a982817,generated,dnadiff | DNAdiff version 1.3,0.0011089,1,101,101,101,0,NA,NA,Related,ST + partial concordance,FALSE,Above same-strain SNP threshold,Same ST,"Same lineage, not same strain by SNP","Same lineage, not same strain by SNP","Same lineage, not same strain by SNP",FALSE
120012,T5,120012__T5,2533C025701-1,longcycler,/Users/Aamir/Desktop/rUTIs/ont-yellow-routine-fastas/PR0042_barcode67_2533C025701-longcycler.fasta,e58670820eaa8b6b1531e405a3791ce1d81a6c205cccd01281d64c58d2aeeefa,5240404,2026-05-06T13:20:36.000000Z,TRUE,TRUE,73,provider_qc95,73,73,20028,T6,20028__T6,2536C066501-1,longcycler,/Users/Aamir/Desktop/rUTIs/ont-yellow-routine-fastas/PR0042_barcode75_2536C066501-longcycler.fasta,c0c5d8f02542942147f685d6580795bdec99551ae80bf8c778a4f2544d74e7c0,5387643,2026-05-06T13:20:40.000000Z,TRUE,TRUE,73,provider_qc95,73,73,TRUE,99.9889,154,/Users/Aamir/Desktop/rUTIs/outputs/nursing_home_candidate_clusters_20260717/direct_pairwise/dnadiff_cache_sha256_v1/120012__T5__vs__20028__T6__1efac3c662e3c29e73cb5526.report,/Users/Aamir/Desktop/rUTIs/outputs/nursing_home_candidate_clusters_20260717/direct_pairwise/dnadiff_cache_sha256_v1/120012__T5__vs__20028__T6__1efac3c662e3c29e73cb5526.provenance.json,04d5bf70301a4a18e24d7868b3227948a9d926eb9ccf1390385ccde906373e13,1efac3c662e3c29e73cb552619a5b1c50a086f36208e7b47f5d1a280ef5639a8,generated,dnadiff | DNAdiff version 1.3,0.00121124,1,101,101,101,0,NA,NA,Related,ST + partial concordance,FALSE,Above same-strain SNP threshold,Same ST,"Same lineage, not same strain by SNP","Same lineage, not same strain by SNP","Same lineage, not same strain by SNP",FALSE
62015,T6,62015__T6,2542C170401-1,longcycler,/Users/Aamir/Desktop/rUTIs/ont-yellow-routine-fastas/PR0042_barcode85_2542C170401-longcycler.fasta,feb6731241624727fa4c77c0bd3cec86b86a7a567a959769ad2c3cc8e45e1fea,5410971,2026-05-06T13:20:46.000000Z,TRUE,TRUE,1193,provider_qc95,1193,1193,110046,T1,110046__T1,24340100501-1,longcycler,/Users/Aamir/Desktop/rUTIs/ont-yellow-routine-fastas/PR0048_barcode10_24340100501-1-longcycler.fasta,b14edd44d39ae0c5da7c19b4442f3a14b3313bfc559a6370a49a012a892b420f,5244421,2026-05-06T13:21:00.000000Z,TRUE,TRUE,1193,provider_qc95,1193,1193,TRUE,99.9488,2027,/Users/Aamir/Desktop/rUTIs/outputs/nursing_home_candidate_clusters_20260717/direct_pairwise/dnadiff_cache_sha256_v1/62015__T6__vs__110046__T1__06c265e6078dedff7c181022.report,/Users/Aamir/Desktop/rUTIs/outputs/nursing_home_candidate_clusters_20260717/direct_pairwise/dnadiff_cache_sha256_v1/62015__T6__vs__110046__T1__06c265e6078dedff7c181022.provenance.json,fbe711b854986204f32f8814e2b21cd59348e37b43685b2a7b843a2fe8c4628d,06c265e6078dedff7c1810220fed5b1836c70400b7482be693fafd3640fc1951,generated,dnadiff | DNAdiff version 1.3,0.0023533,1,79,79,79,0.4,NA,NA,Related,ST + partial concordance,FALSE,Above same-strain SNP threshold,Same ST,"Same lineage, not same strain by SNP","Same lineage, not same strain by SNP","Same lineage, not same strain by SNP",FALSE
80029,T0,80029__T0,24190082801-1,longcycler,/Users/Aamir/Desktop/rUTIs/ont-yellow-routine-fastas/PR0010_barcode34_24190082801-1_longcycler.fasta,d8eda8e096e69adba2b5dc9d27426b45123fab73285c271093c0af41a8333264,5147045,2025-10-24T09:26:59.191249Z,TRUE,TRUE,12,provider_qc95,12,12,20084,T6,20084__T6,2536C068701-1,longcycler,/Users/Aamir/Desktop/rUTIs/ont-yellow-routine-fastas/PR0048_barcode81_2536C068701-1-longcycler.fasta,ae9ccca1fe13259c401104efde755363d841ee0539bf4e05c6adc5c02fb7c609,5402871,2026-05-06T13:21:48.000000Z,TRUE,TRUE,12,provider_qc95,12,12,TRUE,99.9782,806,/Users/Aamir/Desktop/rUTIs/outputs/nursing_home_candidate_clusters_20260717/direct_pairwise/dnadiff_cache_sha256_v1/80029__T0__vs__20084__T6__53bcbae58cff0cdf745b8602.report,/Users/Aamir/Desktop/rUTIs/outputs/nursing_home_candidate_clusters_20260717/direct_pairwise/dnadiff_cache_sha256_v1/80029__T0__vs__20084__T6__53bcbae58cff0cdf745b8602.provenance.json,2586db4673bd3105ec585776673216aed6bd9f2db9a73022cce14f5b437f3636,53bcbae58cff0cdf745b8602290f5c6d756d6711cfb07a466f2bd6342cad29f3,generated,dnadiff | DNAdiff version 1.3,0.00238081,1,97,97,97,0,NA,NA,Related,ST + partial concordance,FALSE,Above same-strain SNP threshold,Same ST,"Same lineage, not same strain by SNP","Same lineage, not same strain by SNP","Same lineage, not same strain by SNP",FALSE
80029,T1,80029__T1,24310131001-1,longcycler,/Users/Aamir/Desktop/rUTIs/ont-yellow-routine-fastas/PR0010_barcode72_24310131001-1_longcycler.fasta,c0e03f0134b6926e1ea95f7eed556d294e1f232b069d39d8a82e1993aca3d398,5146931,2025-10-24T09:26:57.354923Z,TRUE,TRUE,12,provider_qc95,12,12,20034,T2,20034__T2,24360035101-1,longcycler,/Users/Aamir/Desktop/rUTIs/ont-yellow-routine-fastas/PR0022_barcode22_24360035101-1-longcycler.fasta,fd6ec0d5072876643dd2ec300e93870c350fc2236ae9c464925975705e0fd7a8,5179276,2025-10-24T09:26:58.721641Z,TRUE,TRUE,12,provider_qc95,12,12,TRUE,99.9819,421,/Users/Aamir/Desktop/rUTIs/outputs/nursing_home_candidate_clusters_20260717/direct_pairwise/dnadiff_cache_sha256_v1/80029__T1__vs__20034__T2__4c3dac0262ea8983621eb242.report,/Users/Aamir/Desktop/rUTIs/outputs/nursing_home_candidate_clusters_20260717/direct_pairwise/dnadiff_cache_sha256_v1/80029__T1__vs__20034__T2__4c3dac0262ea8983621eb242.provenance.json,f980205732843fc0a79eb4ae9978c6b7350a6093f517ad726a3ad6e687c74f4e,4c3dac0262ea8983621eb242a132ff07ebe499f500334617d0468a4a60a62518,generated,dnadiff | DNAdiff version 1.3,0.00115999,1,97,97,97,NA,NA,NA,Related,ST + partial concordance,FALSE,Above same-strain SNP threshold,Same ST,"Same lineage, not same strain by SNP","Same lineage, not same strain by SNP","Same lineage, not same strain by SNP",FALSE
80029,T1,80029__T1,24310131001-1,longcycler,/Users/Aamir/Desktop/rUTIs/ont-yellow-routine-fastas/PR0010_barcode72_24310131001-1_longcycler.fasta,c0e03f0134b6926e1ea95f7eed556d294e1f232b069d39d8a82e1993aca3d398,5146931,2025-10-24T09:26:57.354923Z,TRUE,TRUE,12,provider_qc95,12,12,20034,T3,20034__T3,2449C049801-2,longcycler,/Users/Aamir/Desktop/rUTIs/ont-yellow-routine-fastas/PR0023_barcode73_2449C049801-2-longcycler.fasta,f849214212b179a91a300d04b13f0fe5c4da3d94eb8111c3430d039b59441467,5067187,2025-06-19T08:56:17.000000Z,TRUE,TRUE,12,provider_qc95,12,12,TRUE,99.9825,456,/Users/Aamir/Desktop/rUTIs/outputs/nursing_home_candidate_clusters_20260717/direct_pairwise/dnadiff_cache_sha256_v1/80029__T1__vs__20034__T3__e3ff30957e9e4a1da84bec03.report,/Users/Aamir/Desktop/rUTIs/outputs/nursing_home_candidate_clusters_20260717/direct_pairwise/dnadiff_cache_sha256_v1/80029__T1__vs__20034__T3__e3ff30957e9e4a1da84bec03.provenance.json,c640a673901921c1d4b035e68986dc6fee4108057e5c32885cddbfc20825d032,e3ff30957e9e4a1da84bec03ab2295baf7f00a2c11ded487f5c3e25e9800df52,generated,dnadiff | DNAdiff version 1.3,0.00103256,1,97,97,97,NA,NA,NA,Related,ST + partial concordance,FALSE,Above same-strain SNP threshold,Same ST,"Same lineage, not same strain by SNP","Same lineage, not same strain by SNP","Same lineage, not same strain by SNP",FALSE
80029,T2,80029__T2,2444C079201-1,longcycler,/Users/Aamir/Desktop/rUTIs/ont-yellow-routine-fastas/PR0023_barcode50_2444C079201-1-longcycler.fasta,504d1e00541eeea375ac92ff9720098899b5af85ecc7cd5c76f22b21a278ca4c,5145224,2025-06-19T08:56:06.000000Z,TRUE,TRUE,12,provider_qc95,12,12,20084,T6,20084__T6,2536C068701-1,longcycler,/Users/Aamir/Desktop/rUTIs/ont-yellow-routine-fastas/PR0048_barcode81_2536C068701-1-longcycler.fasta,ae9ccca1fe13259c401104efde755363d841ee0539bf4e05c6adc5c02fb7c609,5402871,2026-05-06T13:21:48.000000Z,TRUE,TRUE,12,provider_qc95,12,12,TRUE,99.9784,814,/Users/Aamir/Desktop/rUTIs/outputs/nursing_home_candidate_clusters_20260717/direct_pairwise/dnadiff_cache_sha256_v1/80029__T2__vs__20084__T6__9f92c0a8061432184a64a449.report,/Users/Aamir/Desktop/rUTIs/outputs/nursing_home_candidate_clusters_20260717/direct_pairwise/dnadiff_cache_sha256_v1/80029__T2__vs__20084__T6__9f92c0a8061432184a64a449.provenance.json,2d3a8835d28abd82cf200c6f52c404ae12e198d3d7185a500d9b962341034e1a,9f92c0a8061432184a64a44917b7db14a7dcb8bb0191964dac19b99e0538eb94,generated,dnadiff | DNAdiff version 1.3,0.0023533,1,97,97,97,0,NA,NA,Related,ST + partial concordance,FALSE,Above same-strain SNP threshold,Same ST,"Same lineage, not same strain by SNP","Same lineage, not same strain by SNP","Same lineage, not same strain by SNP",FALSE
80029,T3,80029__T3,2504C127101-1,longcycler,/Users/Aamir/Desktop/rUTIs/ont-yellow-routine-fastas/PR0023_barcode89_2504C127101-1-longcycler.fasta,7c076b72aab6906175c0e703c36e32e284c6f8b44a2f6043010a84cd818847b6,5146580,2025-06-19T08:56:24.000000Z,TRUE,TRUE,12,provider_qc95,12,12,20084,T6,20084__T6,2536C068701-1,longcycler,/Users/Aamir/Desktop/rUTIs/ont-yellow-routine-fastas/PR0048_barcode81_2536C068701-1-longcycler.fasta,ae9ccca1fe13259c401104efde755363d841ee0539bf4e05c6adc5c02fb7c609,5402871,2026-05-06T13:21:48.000000Z,TRUE,TRUE,12,provider_qc95,12,12,TRUE,99.9781,822,/Users/Aamir/Desktop/rUTIs/outputs/nursing_home_candidate_clusters_20260717/direct_pairwise/dnadiff_cache_sha256_v1/80029__T3__vs__20084__T6__1cde9cc48a7dd91b27585831.report,/Users/Aamir/Desktop/rUTIs/outputs/nursing_home_candidate_clusters_20260717/direct_pairwise/dnadiff_cache_sha256_v1/80029__T3__vs__20084__T6__1cde9cc48a7dd91b27585831.provenance.json,0a349d3ca3474fa5d236ba6906c9c88f5b6b4af387cb5d2d37a3886b8fef5379,1cde9cc48a7dd91b27585831bfaa89cbc19f5e128b5671abb0c9fa169dda393f,generated,dnadiff | DNAdiff version 1.3,0.0023533,1,97,97,97,0,NA,NA,Related,ST + partial concordance,FALSE,Above same-strain SNP threshold,Same ST,"Same lineage, not same strain by SNP","Same lineage, not same strain by SNP","Same lineage, not same strain by SNP",FALSE
80029,T5,80029__T5,2529C153401-1,longcycler,/Users/Aamir/Desktop/rUTIs/ont-yellow-routine-fastas/PR0042_barcode96_2529C153401-longcycler.fasta,fc857f7cd9d5fcfe98c4cea818610d308fa5e16fea044cb7dcad8b45598fcc22,5145211,2026-05-06T13:20:52.000000Z,TRUE,TRUE,12,provider_qc95,12,12,20084,T6,20084__T6,2536C068701-1,longcycler,/Users/Aamir/Desktop/rUTIs/ont-yellow-routine-fastas/PR0048_barcode81_2536C068701-1-longcycler.fasta,ae9ccca1fe13259c401104efde755363d841ee0539bf4e05c6adc5c02fb7c609,5402871,2026-05-06T13:21:48.000000Z,TRUE,TRUE,12,provider_qc95,12,12,TRUE,99.9781,827,/Users/Aamir/Desktop/rUTIs/outputs/nursing_home_candidate_clusters_20260717/direct_pairwise/dnadiff_cache_sha256_v1/80029__T5__vs__20084__T6__e9a119c5701f859da692a01c.report,/Users/Aamir/Desktop/rUTIs/outputs/nursing_home_candidate_clusters_20260717/direct_pairwise/dnadiff_cache_sha256_v1/80029__T5__vs__20084__T6__e9a119c5701f859da692a01c.provenance.json,64d9acda49903991dd803a5f222bcd5322a5414fa0db7950296a19b5a739d720,e9a119c5701f859da692a01c6519ac743f583faf1e2afe2ba10d58a627dac025,generated,dnadiff | DNAdiff version 1.3,0.0023533,1,97,97,97,0,NA,NA,Related,ST + partial concordance,FALSE,Above same-strain SNP threshold,Same ST,"Same lineage, not same strain by SNP","Same lineage, not same strain by SNP","Same lineage, not same strain by SNP",FALSE
80029,T6,80029__T6,2542C109401-1,longcycler,/Users/Aamir/Desktop/rUTIs/ont-yellow-routine-fastas/PR0042_barcode95_2542C109401-longcycler.fasta,fbea3985062068bc666ba6e865ca2707acaa1920c04d15a6a5330d4237f0c8e3,5145206,2026-05-06T13:20:50.000000Z,TRUE,TRUE,12,provider_qc95,12,12,20084,T6,20084__T6,2536C068701-1,longcycler,/Users/Aamir/Desktop/rUTIs/ont-yellow-routine-fastas/PR0048_barcode81_2536C068701-1-longcycler.fasta,ae9ccca1fe13259c401104efde755363d841ee0539bf4e05c6adc5c02fb7c609,5402871,2026-05-06T13:21:48.000000Z,TRUE,TRUE,12,provider_qc95,12,12,TRUE,99.9781,833,/Users/Aamir/Desktop/rUTIs/outputs/nursing_home_candidate_clusters_20260717/direct_pairwise/dnadiff_cache_sha256_v1/80029__T6__vs__20084__T6__c6f7d2f3139bff8f98fa5f93.report,/Users/Aamir/Desktop/rUTIs/outputs/nursing_home_candidate_clusters_20260717/direct_pairwise/dnadiff_cache_sha256_v1/80029__T6__vs__20084__T6__c6f7d2f3139bff8f98fa5f93.provenance.json,363e3241512cd54b8b4b513c808f3bf0985ff5780bcbc8fc04d2e2c31ad87410,c6f7d2f3139bff8f98fa5f936bdaa1eeb32b0d82062b45d431a4afe694f7b970,generated,dnadiff | DNAdiff version 1.3,0.0023533,1,97,97,97,0,NA,NA,Related,ST + partial concordance,FALSE,Above same-strain SNP threshold,Same ST,"Same lineage, not same strain by SNP","Same lineage, not same strain by SNP","Same lineage, not same strain by SNP",FALSE
110061,T0,110061__T0,24210087001-1,longcycler,/Users/Aamir/Desktop/rUTIs/ont-yellow-routine-fastas/PR0017_barcode05_24210087001-1-longcycler.fasta,3d6e0065294313634e7e3d71da17558c90e5e3dd326bc6332d161c50dcafa75c,5297774,2025-10-24T09:26:57.493905Z,TRUE,TRUE,131,provider_qc95,131,131,141018,T0,141018__T0,24230070101-1,longcycler,/Users/Aamir/Desktop/rUTIs/ont-yellow-routine-fastas/PR0024_barcode36_24230070101-1-longcycler.fasta,09c219aa518a12aa210480a548760fc2ed4c6c3d9b5953b70049b8879140c25e,5268191,2026-05-06T13:19:20.000000Z,TRUE,TRUE,131,provider_qc95,131,131,TRUE,99.9849,359,/Users/Aamir/Desktop/rUTIs/outputs/nursing_home_candidate_clusters_20260717/direct_pairwise/dnadiff_cache_sha256_v1/110061__T0__vs__141018__T0__9bf0e39e8f46157b9625408e.report,/Users/Aamir/Desktop/rUTIs/outputs/nursing_home_candidate_clusters_20260717/direct_pairwise/dnadiff_cache_sha256_v1/110061__T0__vs__141018__T0__9bf0e39e8f46157b9625408e.provenance.json,bbdad770668c90de14a34c58ab758d9cd580d621bf50c89b250c063465015054,9bf0e39e8f46157b9625408e6b198416eed8333213942f9285ce191bf7e54d49,generated,dnadiff | DNAdiff version 1.3,4.34439e-4,1,84,84,84,1,NA,NA,Related,ST + partial concordance,FALSE,Above same-strain SNP threshold,Same ST,"Same lineage, not same strain by SNP","Same lineage, not same strain by SNP","Same lineage, not same strain by SNP",FALSE
110061,T0,110061__T0,24210087001-1,longcycler,/Users/Aamir/Desktop/rUTIs/ont-yellow-routine-fastas/PR0017_barcode05_24210087001-1-longcycler.fasta,3d6e0065294313634e7e3d71da17558c90e5e3dd326bc6332d161c50dcafa75c,5297774,2025-10-24T09:26:57.493905Z,TRUE,TRUE,131,provider_qc95,131,131,141018,T2,141018__T2,2449C177701-2,longcycler,/Users/Aamir/Desktop/rUTIs/ont-yellow-routine-fastas/PR0024_barcode81_2449C177701-2-longcycler.fasta,484ea1d57122b29e07b1cf4c8d9cc919dfea987b8daf75b9c37bb3a5b35d62d0,5240246,2026-05-06T13:19:46.000000Z,TRUE,TRUE,131,provider_qc95,131,131,TRUE,99.9844,355,/Users/Aamir/Desktop/rUTIs/outputs/nursing_home_candidate_clusters_20260717/direct_pairwise/dnadiff_cache_sha256_v1/110061__T0__vs__141018__T2__67fd51d680ddd13ad81f0651.report,/Users/Aamir/Desktop/rUTIs/outputs/nursing_home_candidate_clusters_20260717/direct_pairwise/dnadiff_cache_sha256_v1/110061__T0__vs__141018__T2__67fd51d680ddd13ad81f0651.provenance.json,e9e494b2e336e91e867ffcb0165c9b8045211a4d3f5a03e7411b7cd896c6ee9c,67fd51d680ddd13ad81f06515fa4aeb685e5cc8be02a29573aeacc59c3044bb4,generated,dnadiff | DNAdiff version 1.3,6.56154e-4,1,84,84,84,1,NA,NA,Related,ST + partial concordance,FALSE,Above same-strain SNP threshold,Same ST,"Same lineage, not same strain by SNP","Same lineage, not same strain by SNP","Same lineage, not same strain by SNP",FALSE
141018,T0,141018__T0,24230070101-1,longcycler,/Users/Aamir/Desktop/rUTIs/ont-yellow-routine-fastas/PR0024_barcode36_24230070101-1-longcycler.fasta,09c219aa518a12aa210480a548760fc2ed4c6c3d9b5953b70049b8879140c25e,5268191,2026-05-06T13:19:20.000000Z,TRUE,TRUE,131,provider_qc95,131,131,20033,T2,20033__T2,24360064101-1,longcycler,/Users/Aamir/Desktop/rUTIs/ont-yellow-routine-fastas/PR0024_barcode57_24360064101-1-longcycler.fasta,53e51f69d481588412f1d26dc249f0f9018f88d2d5ee02263e04415a54b24702,5309019,2026-05-06T13:19:34.000000Z,TRUE,TRUE,131,provider_qc95,131,131,TRUE,99.9835,341,/Users/Aamir/Desktop/rUTIs/outputs/nursing_home_candidate_clusters_20260717/direct_pairwise/dnadiff_cache_sha256_v1/141018__T0__vs__20033__T2__7ab03e4b738c72032c47f8dc.report,/Users/Aamir/Desktop/rUTIs/outputs/nursing_home_candidate_clusters_20260717/direct_pairwise/dnadiff_cache_sha256_v1/141018__T0__vs__20033__T2__7ab03e4b738c72032c47f8dc.provenance.json,e5b99aefbaf6252c61e728dad11e6251da95a155727871a4fb31ba5c10cc111a,7ab03e4b738c72032c47f8dccb1850eae559b8474eff3f4d005d5dbfb52c7891,generated,dnadiff | DNAdiff version 1.3,5.32603e-4,1,84,84,84,1,NA,NA,Related,ST + partial concordance,FALSE,Above same-strain SNP threshold,Same ST,"Same lineage, not same strain by SNP","Same lineage, not same strain by SNP","Same lineage, not same strain by SNP",FALSE
20032,T0,20032__T0,24110180101-1,longcycler,/Users/Aamir/Desktop/rUTIs/ont-yellow-routine-fastas/PR0010_barcode06_24110180101-1_longcycler.fasta,e7866a3b5059dabeedc4131dc1ee86ff0aec8275875fda0640c6e0677e075dd1,5292093,2025-10-24T09:26:57.938041Z,TRUE,TRUE,131,provider_qc95,131,131,130024,T6,130024__T6,2547C235601-1,longcycler,/Users/Aamir/Desktop/rUTIs/ont-yellow-routine-fastas/PR0049_barcode10_2547C235601-1-longcycler.fasta,57e16f9b806060b9862b0a26ba74f4c981eebc8c6b9fdf95a4df052054f4cb34,5346983,2026-05-06T13:22:04.000000Z,TRUE,TRUE,131,provider_qc95,131,131,TRUE,99.9797,499,/Users/Aamir/Desktop/rUTIs/outputs/nursing_home_candidate_clusters_20260717/direct_pairwise/dnadiff_cache_sha256_v1/20032__T0__vs__130024__T6__242b5ad45ccc7ac45a1a0463.report,/Users/Aamir/Desktop/rUTIs/outputs/nursing_home_candidate_clusters_20260717/direct_pairwise/dnadiff_cache_sha256_v1/20032__T0__vs__130024__T6__242b5ad45ccc7ac45a1a0463.provenance.json,b47959841f5d5954122690c3b779158f912d9a9652c4fa2427ab02ffed113690,242b5ad45ccc7ac45a1a04636804071242ed35f17159c31e02c646c8818386a9,generated,dnadiff | DNAdiff version 1.3,6.31368e-4,1,84,84,84,0.75,NA,NA,Related,ST + partial concordance,FALSE,Above same-strain SNP threshold,Same ST,"Same lineage, not same strain by SNP","Same lineage, not same strain by SNP","Same lineage, not same strain by SNP",FALSE
20032,T1,20032__T1,24240064401-1,longcycler,/Users/Aamir/Desktop/rUTIs/ont-yellow-routine-fastas/PR0010_barcode45_24240064401-1_longcycler.fasta,618679d377f1057af9e334c10069b03e090faeb28123b474650f89c8e5b0a3d9,5292167,2025-10-24T09:26:57.944314Z,TRUE,TRUE,131,provider_qc95,131,131,130024,T6,130024__T6,2547C235601-1,longcycler,/Users/Aamir/Desktop/rUTIs/ont-yellow-routine-fastas/PR0049_barcode10_2547C235601-1-longcycler.fasta,57e16f9b806060b9862b0a26ba74f4c981eebc8c6b9fdf95a4df052054f4cb34,5346983,2026-05-06T13:22:04.000000Z,TRUE,TRUE,131,provider_qc95,131,131,TRUE,99.9817,497,/Users/Aamir/Desktop/rUTIs/outputs/nursing_home_candidate_clusters_20260717/direct_pairwise/dnadiff_cache_sha256_v1/20032__T1__vs__130024__T6__b4785c6c0e40fa0a31976724.report,/Users/Aamir/Desktop/rUTIs/outputs/nursing_home_candidate_clusters_20260717/direct_pairwise/dnadiff_cache_sha256_v1/20032__T1__vs__130024__T6__b4785c6c0e40fa0a31976724.provenance.json,8034e2a522c8f1e6f1103509183a908ea6d3475dc5f913ff8225a2f4d591bed3,b4785c6c0e40fa0a3197672478a4ce19b0acc3334cf87a24f1f3838591cf87d4,generated,dnadiff | DNAdiff version 1.3,6.0662e-4,1,84,84,84,0.75,NA,NA,Related,ST + partial concordance,FALSE,Above same-strain SNP threshold,Same ST,"Same lineage, not same strain by SNP","Same lineage, not same strain by SNP","Same lineage, not same strain by SNP",FALSE
20032,T2,20032__T2,24360031301-1,longcycler,/Users/Aamir/Desktop/rUTIs/ont-yellow-routine-fastas/PR0023_barcode33_24360031301-1-longcycler.fasta,7feafc7b3a67dee2228e08fa0a4a1b54877ac3518103eb5260e09c0e5bb66989,5292209,2025-06-19T08:55:59.000000Z,TRUE,TRUE,131,provider_qc95,131,131,130024,T6,130024__T6,2547C235601-1,longcycler,/Users/Aamir/Desktop/rUTIs/ont-yellow-routine-fastas/PR0049_barcode10_2547C235601-1-longcycler.fasta,57e16f9b806060b9862b0a26ba74f4c981eebc8c6b9fdf95a4df052054f4cb34,5346983,2026-05-06T13:22:04.000000Z,TRUE,TRUE,131,provider_qc95,131,131,TRUE,99.9819,503,/Users/Aamir/Desktop/rUTIs/outputs/nursing_home_candidate_clusters_20260717/direct_pairwise/dnadiff_cache_sha256_v1/20032__T2__vs__130024__T6__d3f66e05d9849da5f32dfaa8.report,/Users/Aamir/Desktop/rUTIs/outputs/nursing_home_candidate_clusters_20260717/direct_pairwise/dnadiff_cache_sha256_v1/20032__T2__vs__130024__T6__d3f66e05d9849da5f32dfaa8.provenance.json,8578de6ed92f69d1f701ab101b7b0d47f6b7b379ee30632867ef966064040ecc,d3f66e05d9849da5f32dfaa89e436ebfc3de18dbf9b55d874bf5bd0ece63e3c4,generated,dnadiff | DNAdiff version 1.3,6.0662e-4,1,84,84,84,0.75,NA,NA,Related,ST + partial concordance,FALSE,Above same-strain SNP threshold,Same ST,"Same lineage, not same strain by SNP","Same lineage, not same strain by SNP","Same lineage, not same strain by SNP",FALSE
20032,T4,20032__T4,2510C044501-1,longcycler,/Users/Aamir/Desktop/rUTIs/ont-yellow-routine-fastas/PR0023_barcode41_2510C044501-1-longcycler.fasta,3f786620870341c752a3359b11e5f5080035d5c188b32f978f244976cc9796f5,5292222,2025-06-19T08:56:03.000000Z,TRUE,TRUE,131,provider_qc95,131,131,130024,T6,130024__T6,2547C235601-1,longcycler,/Users/Aamir/Desktop/rUTIs/ont-yellow-routine-fastas/PR0049_barcode10_2547C235601-1-longcycler.fasta,57e16f9b806060b9862b0a26ba74f4c981eebc8c6b9fdf95a4df052054f4cb34,5346983,2026-05-06T13:22:04.000000Z,TRUE,TRUE,131,provider_qc95,131,131,TRUE,99.9814,500,/Users/Aamir/Desktop/rUTIs/outputs/nursing_home_candidate_clusters_20260717/direct_pairwise/dnadiff_cache_sha256_v1/20032__T4__vs__130024__T6__4f1f50232912be497df9f73d.report,/Users/Aamir/Desktop/rUTIs/outputs/nursing_home_candidate_clusters_20260717/direct_pairwise/dnadiff_cache_sha256_v1/20032__T4__vs__130024__T6__4f1f50232912be497df9f73d.provenance.json,8ea8a87ec65bf8e4173633c5f761c39d7fbbd9df925fd5c553e2b199251eee46,4f1f50232912be497df9f73d8d14f4ebaa7e4e3146e0dbc269f4853cd0e54a3e,generated,dnadiff | DNAdiff version 1.3,6.0662e-4,1,84,84,84,0.75,NA,NA,Related,ST + partial concordance,FALSE,Above same-strain SNP threshold,Same ST,"Same lineage, not same strain by SNP","Same lineage, not same strain by SNP","Same lineage, not same strain by SNP",FALSE
20032,T5,20032__T5,2521C036501-1,longcycler,/Users/Aamir/Desktop/rUTIs/ont-yellow-routine-fastas/PR0024_barcode39_2521C036501-1-longcycler.fasta,5e36a0780cb416fb9eb56937668dd7d63d41d655110801cde746d408e2284528,5306107,2026-05-06T13:19:22.000000Z,TRUE,TRUE,131,provider_qc95,131,131,130024,T6,130024__T6,2547C235601-1,longcycler,/Users/Aamir/Desktop/rUTIs/ont-yellow-routine-fastas/PR0049_barcode10_2547C235601-1-longcycler.fasta,57e16f9b806060b9862b0a26ba74f4c981eebc8c6b9fdf95a4df052054f4cb34,5346983,2026-05-06T13:22:04.000000Z,TRUE,TRUE,131,provider_qc95,131,131,TRUE,99.982,504,/Users/Aamir/Desktop/rUTIs/outputs/nursing_home_candidate_clusters_20260717/direct_pairwise/dnadiff_cache_sha256_v1/20032__T5__vs__130024__T6__2e24e0a83ad97e7fcf644d51.report,/Users/Aamir/Desktop/rUTIs/outputs/nursing_home_candidate_clusters_20260717/direct_pairwise/dnadiff_cache_sha256_v1/20032__T5__vs__130024__T6__2e24e0a83ad97e7fcf644d51.provenance.json,964284ec8af2d646d655b015fab55facdbc73bc1a4a8b76e02066947a1c751a8,2e24e0a83ad97e7fcf644d51dcb3abf3056452da26e5fcdd6b50e6a341bbadc5,generated,dnadiff | DNAdiff version 1.3,6.0662e-4,1,84,84,84,0.75,NA,NA,Related,ST + partial concordance,FALSE,Above same-strain SNP threshold,Same ST,"Same lineage, not same strain by SNP","Same lineage, not same strain by SNP","Same lineage, not same strain by SNP",FALSE
20033,T2,20033__T2,24360064101-1,longcycler,/Users/Aamir/Desktop/rUTIs/ont-yellow-routine-fastas/PR0024_barcode57_24360064101-1-longcycler.fasta,53e51f69d481588412f1d26dc249f0f9018f88d2d5ee02263e04415a54b24702,5309019,2026-05-06T13:19:34.000000Z,TRUE,TRUE,131,provider_qc95,131,131,141018,T2,141018__T2,2449C177701-2,longcycler,/Users/Aamir/Desktop/rUTIs/ont-yellow-routine-fastas/PR0024_barcode81_2449C177701-2-longcycler.fasta,484ea1d57122b29e07b1cf4c8d9cc919dfea987b8daf75b9c37bb3a5b35d62d0,5240246,2026-05-06T13:19:46.000000Z,TRUE,TRUE,131,provider_qc95,131,131,TRUE,99.9842,337,/Users/Aamir/Desktop/rUTIs/outputs/nursing_home_candidate_clusters_20260717/direct_pairwise/dnadiff_cache_sha256_v1/20033__T2__vs__141018__T2__aa3723485dbc1dcd9cbda074.report,/Users/Aamir/Desktop/rUTIs/outputs/nursing_home_candidate_clusters_20260717/direct_pairwise/dnadiff_cache_sha256_v1/20033__T2__vs__141018__T2__aa3723485dbc1dcd9cbda074.provenance.json,f1a95daf0f30744319ab76efd8a690f1093893f8c0e643bfa400f9fb8466d37d,aa3723485dbc1dcd9cbda0748e780fb956b8fb742a18bf75b44df3e7d3ba9085,generated,dnadiff | DNAdiff version 1.3,7.5568e-4,1,84,84,84,1,NA,NA,Related,ST + partial concordance,FALSE,Above same-strain SNP threshold,Same ST,"Same lineage, not same strain by SNP","Same lineage, not same strain by SNP","Same lineage, not same strain by SNP",FALSE
90008,T0,90008__T0,24190038401-1,longcycler,/Users/Aamir/Desktop/rUTIs/ont-yellow-routine-fastas/PR0018_barcode96_24190038401-1-longcycler.fasta,492c0cc4dfa52e225f1e5f3e30ed68dda7ac761672e4eb6e67104b45edeaa257,5197016,2025-10-24T09:26:57.509760Z,TRUE,TRUE,131,provider_qc95,131,131,110035,T2,110035__T2,2447C149401-1,longcycler,/Users/Aamir/Desktop/rUTIs/ont-yellow-routine-fastas/PR0024_barcode69_2447C149401-1-longcycler.fasta,92da8c55cc3912afdf49475c575f50e3952a984a7760908d2e23b7d3bd8f9205,5380840,2026-05-06T13:19:40.000000Z,TRUE,TRUE,131,provider_qc95,131,131,TRUE,99.9403,2081,/Users/Aamir/Desktop/rUTIs/outputs/nursing_home_candidate_clusters_20260717/direct_pairwise/dnadiff_cache_sha256_v1/90008__T0__vs__110035__T2__ec95fcbe32d398059f16966c.report,/Users/Aamir/Desktop/rUTIs/outputs/nursing_home_candidate_clusters_20260717/direct_pairwise/dnadiff_cache_sha256_v1/90008__T0__vs__110035__T2__ec95fcbe32d398059f16966c.provenance.json,40928b979699be6ed12e35f2e74e02877ee2877a1176e55ac26f46f05f893d5c,ec95fcbe32d398059f16966ca25ec7978808b6f2ffa3405905c79fea23b5a173,generated,dnadiff | DNAdiff version 1.3,0.00162709,1,75,75,75,0,NA,NA,Related,ST + partial concordance,FALSE,Above same-strain SNP threshold,Same ST,"Same lineage, not same strain by SNP","Same lineage, not same strain by SNP","Same lineage, not same strain by SNP",FALSE
90008,T0,90008__T0,24190038401-1,longcycler,/Users/Aamir/Desktop/rUTIs/ont-yellow-routine-fastas/PR0018_barcode96_24190038401-1-longcycler.fasta,492c0cc4dfa52e225f1e5f3e30ed68dda7ac761672e4eb6e67104b45edeaa257,5197016,2025-10-24T09:26:57.509760Z,TRUE,TRUE,131,provider_qc95,131,131,110035,T3,110035__T3,2508C147001-1,longcycler,/Users/Aamir/Desktop/rUTIs/ont-yellow-routine-fastas/PR0024_barcode47_2508C147001-1-longcycler.fasta,1cfbf903511c721a8677830e5497a758cc9d75e84db8d22cce669a06fad719cb,5529019,2026-05-06T13:19:26.000000Z,TRUE,TRUE,131,provider_qc95,131,131,TRUE,99.9512,1701,/Users/Aamir/Desktop/rUTIs/outputs/nursing_home_candidate_clusters_20260717/direct_pairwise/dnadiff_cache_sha256_v1/90008__T0__vs__110035__T3__4f8625d2c495f446130c665c.report,/Users/Aamir/Desktop/rUTIs/outputs/nursing_home_candidate_clusters_20260717/direct_pairwise/dnadiff_cache_sha256_v1/90008__T0__vs__110035__T3__4f8625d2c495f446130c665c.provenance.json,bf98f402284cb05a67c37aa5a14293305cae288ddaf8864aa2c5bcb34463477b,4f8625d2c495f446130c665cfe9182301b3b637ed0ebf09572c367daa8aaa47e,generated,dnadiff | DNAdiff version 1.3,0.00154832,1,75,75,75,0.2,NA,NA,Related,ST + partial concordance,FALSE,Above same-strain SNP threshold,Same ST,"Same lineage, not same strain by SNP","Same lineage, not same strain by SNP","Same lineage, not same strain by SNP",FALSE
90008,T0,90008__T0,24190038401-1,longcycler,/Users/Aamir/Desktop/rUTIs/ont-yellow-routine-fastas/PR0018_barcode96_24190038401-1-longcycler.fasta,492c0cc4dfa52e225f1e5f3e30ed68dda7ac761672e4eb6e67104b45edeaa257,5197016,2025-10-24T09:26:57.509760Z,TRUE,TRUE,131,provider_qc95,131,131,110035,T4,110035__T4,2521C147301-1,longcycler,/Users/Aamir/Desktop/rUTIs/ont-yellow-routine-fastas/PR0042_barcode17_2521C147301-longcycler.fasta,7c58ce5cd1dc318c07add62565a4f5af29b7b1cebdbe4d90155958de8422cb06,5533053,2026-05-06T13:20:04.000000Z,TRUE,TRUE,131,provider_qc95,131,131,TRUE,99.9502,1718,/Users/Aamir/Desktop/rUTIs/outputs/nursing_home_candidate_clusters_20260717/direct_pairwise/dnadiff_cache_sha256_v1/90008__T0__vs__110035__T4__89aa792e452e4f1a4bb44ba2.report,/Users/Aamir/Desktop/rUTIs/outputs/nursing_home_candidate_clusters_20260717/direct_pairwise/dnadiff_cache_sha256_v1/90008__T0__vs__110035__T4__89aa792e452e4f1a4bb44ba2.provenance.json,2cfe02fe89ed18b9a53a8e36f385619407a0c0c49c19dabdb40d386128245627,89aa792e452e4f1a4bb44ba28f9de7dff96274fa61c14ad7562890edc784a537,generated,dnadiff | DNAdiff version 1.3,0.00154832,1,75,75,75,0.2,NA,NA,Related,ST + partial concordance,FALSE,Above same-strain SNP threshold,Same ST,"Same lineage, not same strain by SNP","Same lineage, not same strain by SNP","Same lineage, not same strain by SNP",FALSE
50033,T0,50033__T0,24240141501-1,longcycler,/Users/Aamir/Desktop/rUTIs/ont-yellow-routine-fastas/PR0017_barcode33_24240141501-1-longcycler.fasta,36aa91db660522081470da206fdbaf80ee98d991e73c34a2c685a813ab789488,5422541,2025-10-24T09:26:58.481512Z,TRUE,TRUE,141,provider_qc95,141,141,100061,T3,100061__T3,2502C118901-1,longcycler,/Users/Aamir/Desktop/rUTIs/ont-yellow-routine-fastas/PR0048_barcode31_2502C118901-1-longcycler.fasta,d662dc8c78ba3ddb773ee055b5a1cc9af11f2a75b3b8a6a0e6d8640c3ff5d5e7,5355925,2026-05-06T13:21:14.000000Z,TRUE,TRUE,141,provider_qc95,141,141,TRUE,99.913,2612,/Users/Aamir/Desktop/rUTIs/outputs/nursing_home_candidate_clusters_20260717/direct_pairwise/dnadiff_cache_sha256_v1/50033__T0__vs__100061__T3__6b558ddc3b3d238cb7a0908b.report,/Users/Aamir/Desktop/rUTIs/outputs/nursing_home_candidate_clusters_20260717/direct_pairwise/dnadiff_cache_sha256_v1/50033__T0__vs__100061__T3__6b558ddc3b3d238cb7a0908b.provenance.json,fe3dbaac7fb4a7e12337178d99c54563ce587233d37f5507151bb2a2fe42b745,6b558ddc3b3d238cb7a0908b3ab7854c0866cbbcaec0df1b0597e5a87675fffe,generated,dnadiff | DNAdiff version 1.3,0.00205363,1,101,101,101,0,NA,NA,Related,ST + partial concordance,FALSE,Above same-strain SNP threshold,Same ST,"Same lineage, not same strain by SNP","Same lineage, not same strain by SNP","Same lineage, not same strain by SNP",FALSE
50033,T0,50033__T0,24240141501-1,longcycler,/Users/Aamir/Desktop/rUTIs/ont-yellow-routine-fastas/PR0017_barcode33_24240141501-1-longcycler.fasta,36aa91db660522081470da206fdbaf80ee98d991e73c34a2c685a813ab789488,5422541,2025-10-24T09:26:58.481512Z,TRUE,TRUE,141,provider_qc95,141,141,80011,T0,80011__T0,24190081201-1,longcycler,/Users/Aamir/Desktop/rUTIs/ont-yellow-routine-fastas/PR0024_barcode26_24190081201-1-longcycler.fasta,7c12cb3f907b10297ac599d632eb150f5f4625b94d646a890fef6d95fcd25c4e,5266913,2026-05-06T13:19:14.000000Z,TRUE,TRUE,141,provider_qc95,141,141,TRUE,99.9143,2808,/Users/Aamir/Desktop/rUTIs/outputs/nursing_home_candidate_clusters_20260717/direct_pairwise/dnadiff_cache_sha256_v1/50033__T0__vs__80011__T0__5e4c9d17c26edb08a0b594ea.report,/Users/Aamir/Desktop/rUTIs/outputs/nursing_home_candidate_clusters_20260717/direct_pairwise/dnadiff_cache_sha256_v1/50033__T0__vs__80011__T0__5e4c9d17c26edb08a0b594ea.provenance.json,77dca28de571d65e727993092814c77a18719a69883d2eeb659af766d877c694,5e4c9d17c26edb08a0b594ea947c4f32a88deec41932a41ff5f91413429b0bc8,generated,dnadiff | DNAdiff version 1.3,0.00205363,1,101,101,101,0,NA,NA,Related,ST + partial concordance,FALSE,Above same-strain SNP threshold,Same ST,"Same lineage, not same strain by SNP","Same lineage, not same strain by SNP","Same lineage, not same strain by SNP",FALSE
50033,T0,50033__T0,24240141501-1,longcycler,/Users/Aamir/Desktop/rUTIs/ont-yellow-routine-fastas/PR0017_barcode33_24240141501-1-longcycler.fasta,36aa91db660522081470da206fdbaf80ee98d991e73c34a2c685a813ab789488,5422541,2025-10-24T09:26:58.481512Z,TRUE,TRUE,141,provider_qc95,141,141,80011,T4,80011__T4,2516C158401-1,longcycler,/Users/Aamir/Desktop/rUTIs/ont-yellow-routine-fastas/PR0042_barcode10_2516C158401-longcycler.fasta,3c51253bda0070e35a441abafda5890d986d2ec75c185b5fb35bf1479efb126c,5296037,2026-05-06T13:20:00.000000Z,TRUE,TRUE,141,provider_qc95,141,141,TRUE,99.924,2181,/Users/Aamir/Desktop/rUTIs/outputs/nursing_home_candidate_clusters_20260717/direct_pairwise/dnadiff_cache_sha256_v1/50033__T0__vs__80011__T4__af67e34b7723a5b95b30a0ea.report,/Users/Aamir/Desktop/rUTIs/outputs/nursing_home_candidate_clusters_20260717/direct_pairwise/dnadiff_cache_sha256_v1/50033__T0__vs__80011__T4__af67e34b7723a5b95b30a0ea.provenance.json,9e0aaab724b15b81bef7b0177646dcfbd94c5a9d3b060a1e7997202543226100,af67e34b7723a5b95b30a0ea84a111a935203dd11da06a89046224be1a13348c,generated,dnadiff | DNAdiff version 1.3,0.00210772,1,101,101,101,0,NA,NA,Related,ST + partial concordance,FALSE,Above same-strain SNP threshold,Same ST,"Same lineage, not same strain by SNP","Same lineage, not same strain by SNP","Same lineage, not same strain by SNP",FALSE
50033,T1,50033__T1,24360130301-1,longcycler,/Users/Aamir/Desktop/rUTIs/ont-yellow-routine-fastas/PR0022_barcode24_24360130301-1-longcycler.fasta,1760bf44da1a110aa93b762cd94f85f47dfeb1cb283f20f7a733a75e7b9f54c2,5469763,2025-10-24T09:26:57.974442Z,TRUE,TRUE,141,provider_qc95,141,141,100061,T3,100061__T3,2502C118901-1,longcycler,/Users/Aamir/Desktop/rUTIs/ont-yellow-routine-fastas/PR0048_barcode31_2502C118901-1-longcycler.fasta,d662dc8c78ba3ddb773ee055b5a1cc9af11f2a75b3b8a6a0e6d8640c3ff5d5e7,5355925,2026-05-06T13:21:14.000000Z,TRUE,TRUE,141,provider_qc95,141,141,TRUE,99.914,2597,/Users/Aamir/Desktop/rUTIs/outputs/nursing_home_candidate_clusters_20260717/direct_pairwise/dnadiff_cache_sha256_v1/50033__T1__vs__100061__T3__30737dc5373d86f78f693f11.report,/Users/Aamir/Desktop/rUTIs/outputs/nursing_home_candidate_clusters_20260717/direct_pairwise/dnadiff_cache_sha256_v1/50033__T1__vs__100061__T3__30737dc5373d86f78f693f11.provenance.json,4ce7345929fbfcd2a651132a035ef677a4a27d468d8eb90fba22c4404fa5271d,30737dc5373d86f78f693f1141f31b8e147185d66a4a49d35e621b99c9c4c67c,generated,dnadiff | DNAdiff version 1.3,0.0018924,1,101,101,101,0,NA,NA,Related,ST + partial concordance,FALSE,Above same-strain SNP threshold,Same ST,"Same lineage, not same strain by SNP","Same lineage, not same strain by SNP","Same lineage, not same strain by SNP",FALSE
50033,T1,50033__T1,24360130301-1,longcycler,/Users/Aamir/Desktop/rUTIs/ont-yellow-routine-fastas/PR0022_barcode24_24360130301-1-longcycler.fasta,1760bf44da1a110aa93b762cd94f85f47dfeb1cb283f20f7a733a75e7b9f54c2,5469763,2025-10-24T09:26:57.974442Z,TRUE,TRUE,141,provider_qc95,141,141,80011,T0,80011__T0,24190081201-1,longcycler,/Users/Aamir/Desktop/rUTIs/ont-yellow-routine-fastas/PR0024_barcode26_24190081201-1-longcycler.fasta,7c12cb3f907b10297ac599d632eb150f5f4625b94d646a890fef6d95fcd25c4e,5266913,2026-05-06T13:19:14.000000Z,TRUE,TRUE,141,provider_qc95,141,141,TRUE,99.9129,2805,/Users/Aamir/Desktop/rUTIs/outputs/nursing_home_candidate_clusters_20260717/direct_pairwise/dnadiff_cache_sha256_v1/50033__T1__vs__80011__T0__5f098fd496dc7f8631f17e73.report,/Users/Aamir/Desktop/rUTIs/outputs/nursing_home_candidate_clusters_20260717/direct_pairwise/dnadiff_cache_sha256_v1/50033__T1__vs__80011__T0__5f098fd496dc7f8631f17e73.provenance.json,ae59fc913a606bdb7d1f461d424d430a8dbcf90feab31ad005abb19731c55b40,5f098fd496dc7f8631f17e73c9afa998368da197832ede9e8ac30e5a2bb46b8e,generated,dnadiff | DNAdiff version 1.3,0.0018924,1,101,101,101,0,NA,NA,Related,ST + partial concordance,FALSE,Above same-strain SNP threshold,Same ST,"Same lineage, not same strain by SNP","Same lineage, not same strain by SNP","Same lineage, not same strain by SNP",FALSE
50033,T1,50033__T1,24360130301-1,longcycler,/Users/Aamir/Desktop/rUTIs/ont-yellow-routine-fastas/PR0022_barcode24_24360130301-1-longcycler.fasta,1760bf44da1a110aa93b762cd94f85f47dfeb1cb283f20f7a733a75e7b9f54c2,5469763,2025-10-24T09:26:57.974442Z,TRUE,TRUE,141,provider_qc95,141,141,80011,T4,80011__T4,2516C158401-1,longcycler,/Users/Aamir/Desktop/rUTIs/ont-yellow-routine-fastas/PR0042_barcode10_2516C158401-longcycler.fasta,3c51253bda0070e35a441abafda5890d986d2ec75c185b5fb35bf1479efb126c,5296037,2026-05-06T13:20:00.000000Z,TRUE,TRUE,141,provider_qc95,141,141,TRUE,99.9222,2147,/Users/Aamir/Desktop/rUTIs/outputs/nursing_home_candidate_clusters_20260717/direct_pairwise/dnadiff_cache_sha256_v1/50033__T1__vs__80011__T4__e1e6c2f7a0ab9891fe5030d0.report,/Users/Aamir/Desktop/rUTIs/outputs/nursing_home_candidate_clusters_20260717/direct_pairwise/dnadiff_cache_sha256_v1/50033__T1__vs__80011__T4__e1e6c2f7a0ab9891fe5030d0.provenance.json,7fa2c58ef945aea321d8212ee36ec19950e8656810be5fc9029881aeac5fac36,e1e6c2f7a0ab9891fe5030d060009799557677a1fea12855d15e56d4fcde4c97,generated,dnadiff | DNAdiff version 1.3,0.00194597,1,101,101,101,0,NA,NA,Related,ST + partial concordance,FALSE,Above same-strain SNP threshold,Same ST,"Same lineage, not same strain by SNP","Same lineage, not same strain by SNP","Same lineage, not same strain by SNP",FALSE
20037,T1,20037__T1,24240065901-1,longcycler,/Users/Aamir/Desktop/rUTIs/ont-yellow-routine-fastas/PR0022_barcode13_24240065901-1-longcycler.fasta,5c0c09c1ec6aeef551e6c4ed577cba432e0a10d7c69e3918a28a56250978fe74,5290859,2025-10-24T09:26:57.835793Z,TRUE,TRUE,69,provider_qc95,69,69,130037,T3,130037__T3,2509C210601-2,longcycler,/Users/Aamir/Desktop/rUTIs/ont-yellow-routine-fastas/PR0048_barcode34_2509C210601-2-longcycler.fasta,c8bb1e5ee57b1ec595398d3f538f2d904b5d74d58e3649879b90671bcdf81425,5460961,2026-05-06T13:21:14.000000Z,TRUE,TRUE,69,provider_qc95,69,69,TRUE,99.9766,211,/Users/Aamir/Desktop/rUTIs/outputs/nursing_home_candidate_clusters_20260717/direct_pairwise/dnadiff_cache_sha256_v1/20037__T1__vs__130037__T3__2cb0748fa1437f7eae9c4e08.report,/Users/Aamir/Desktop/rUTIs/outputs/nursing_home_candidate_clusters_20260717/direct_pairwise/dnadiff_cache_sha256_v1/20037__T1__vs__130037__T3__2cb0748fa1437f7eae9c4e08.provenance.json,5fd2d9d570275c23e119fadd3cbb7028b4894213aa01cf4242369d81395685b8,2cb0748fa1437f7eae9c4e08761aea7138685e1c6e71eefa2c892898397f6373,generated,dnadiff | DNAdiff version 1.3,4.76906e-5,1,86,86,86,0.75,NA,NA,Related,ST + partial concordance,FALSE,Above same-strain SNP threshold,Same ST,"Same lineage, not same strain by SNP","Same lineage, not same strain by SNP","Same lineage, not same strain by SNP",FALSE
20037,T2,20037__T2,24360034901-1,longcycler,/Users/Aamir/Desktop/rUTIs/ont-yellow-routine-fastas/PR0023_barcode38_24360034901-1-longcycler.fasta,09b0d2294843a1de001e5ecd7223cc675140b305463b8baf16d2eb2492043968,5408236,2025-06-19T08:56:01.000000Z,TRUE,TRUE,69,provider_qc95,69,69,130037,T3,130037__T3,2509C210601-2,longcycler,/Users/Aamir/Desktop/rUTIs/ont-yellow-routine-fastas/PR0048_barcode34_2509C210601-2-longcycler.fasta,c8bb1e5ee57b1ec595398d3f538f2d904b5d74d58e3649879b90671bcdf81425,5460961,2026-05-06T13:21:14.000000Z,TRUE,TRUE,69,provider_qc95,69,69,TRUE,99.9852,439,/Users/Aamir/Desktop/rUTIs/outputs/nursing_home_candidate_clusters_20260717/direct_pairwise/dnadiff_cache_sha256_v1/20037__T2__vs__130037__T3__24e1a4e20c7fa0b6af0609fa.report,/Users/Aamir/Desktop/rUTIs/outputs/nursing_home_candidate_clusters_20260717/direct_pairwise/dnadiff_cache_sha256_v1/20037__T2__vs__130037__T3__24e1a4e20c7fa0b6af0609fa.provenance.json,41c4dc2bd911f4c19454446915917da7f8014e9fc02ab6be9b9662355fc96fef,24e1a4e20c7fa0b6af0609fa3a8665662d6ec35a5c0cec72c7a63dddef1defb2,generated,dnadiff | DNAdiff version 1.3,2.38274e-5,1,86,86,86,1,NA,NA,Related,ST + partial concordance,FALSE,Above same-strain SNP threshold,Same ST,"Same lineage, not same strain by SNP","Same lineage, not same strain by SNP","Same lineage, not same strain by SNP",FALSE
80029,T1,80029__T1,24310131001-1,longcycler,/Users/Aamir/Desktop/rUTIs/ont-yellow-routine-fastas/PR0010_barcode72_24310131001-1_longcycler.fasta,c0e03f0134b6926e1ea95f7eed556d294e1f232b069d39d8a82e1993aca3d398,5146931,2025-10-24T09:26:57.354923Z,TRUE,TRUE,12,provider_qc95,12,12,20084,T6,20084__T6,2536C068701-1,longcycler,/Users/Aamir/Desktop/rUTIs/ont-yellow-routine-fastas/PR0048_barcode81_2536C068701-1-longcycler.fasta,ae9ccca1fe13259c401104efde755363d841ee0539bf4e05c6adc5c02fb7c609,5402871,2026-05-06T13:21:48.000000Z,TRUE,TRUE,12,provider_qc95,12,12,TRUE,99.9778,813,/Users/Aamir/Desktop/rUTIs/outputs/nursing_home_candidate_clusters_20260717/direct_pairwise/dnadiff_cache_sha256_v1/80029__T1__vs__20084__T6__4317af7f29b505af2c67c161.report,/Users/Aamir/Desktop/rUTIs/outputs/nursing_home_candidate_clusters_20260717/direct_pairwise/dnadiff_cache_sha256_v1/80029__T1__vs__20084__T6__4317af7f29b505af2c67c161.provenance.json,0943ec27f407429f3d8c852084e52797deb845bf903b701cb4de93e2339e41bc,4317af7f29b505af2c67c161046b41c8c0456eac7a9681a553faa9c3333fdfe2,generated,dnadiff | DNAdiff version 1.3,0.00238081,1,97,97,97,0,NA,NA,Related,ST + partial concordance,FALSE,Above same-strain SNP threshold,Same ST,"Same lineage, not same strain by SNP","Same lineage, not same strain by SNP","Same lineage, not same strain by SNP",FALSE
110061,T0,110061__T0,24210087001-1,longcycler,/Users/Aamir/Desktop/rUTIs/ont-yellow-routine-fastas/PR0017_barcode05_24210087001-1-longcycler.fasta,3d6e0065294313634e7e3d71da17558c90e5e3dd326bc6332d161c50dcafa75c,5297774,2025-10-24T09:26:57.493905Z,TRUE,TRUE,131,provider_qc95,131,131,130024,T6,130024__T6,2547C235601-1,longcycler,/Users/Aamir/Desktop/rUTIs/ont-yellow-routine-fastas/PR0049_barcode10_2547C235601-1-longcycler.fasta,57e16f9b806060b9862b0a26ba74f4c981eebc8c6b9fdf95a4df052054f4cb34,5346983,2026-05-06T13:22:04.000000Z,TRUE,TRUE,131,provider_qc95,131,131,TRUE,99.9796,640,/Users/Aamir/Desktop/rUTIs/outputs/nursing_home_candidate_clusters_20260717/direct_pairwise/dnadiff_cache_sha256_v1/110061__T0__vs__130024__T6__145095151ea155b58101e2a7.report,/Users/Aamir/Desktop/rUTIs/outputs/nursing_home_candidate_clusters_20260717/direct_pairwise/dnadiff_cache_sha256_v1/110061__T0__vs__130024__T6__145095151ea155b58101e2a7.provenance.json,ea40c464b8536e87d4b82bc76fafbc40ef9963e37ecbfe1a7849661b6417009c,145095151ea155b58101e2a756c68f217cadc230ea0189174778c96141f38f57,generated,dnadiff | DNAdiff version 1.3,5.8191e-4,1,84,84,84,0.75,NA,NA,Related,ST + partial concordance,FALSE,Above same-strain SNP threshold,Same ST,"Same lineage, not same strain by SNP","Same lineage, not same strain by SNP","Same lineage, not same strain by SNP",FALSE
110061,T1,110061__T1,24340101101-1,longcycler,/Users/Aamir/Desktop/rUTIs/ont-yellow-routine-fastas/PR0022_barcode15_24340101101-1-longcycler.fasta,ec1d2b45dde6fe8796262dbf025233d2c6c3622d666b47dd7bafa59bd1a647b7,5298603,2025-10-24T09:26:56.991956Z,TRUE,TRUE,131,provider_qc95,131,131,141018,T0,141018__T0,24230070101-1,longcycler,/Users/Aamir/Desktop/rUTIs/ont-yellow-routine-fastas/PR0024_barcode36_24230070101-1-longcycler.fasta,09c219aa518a12aa210480a548760fc2ed4c6c3d9b5953b70049b8879140c25e,5268191,2026-05-06T13:19:20.000000Z,TRUE,TRUE,131,provider_qc95,131,131,TRUE,99.986,379,/Users/Aamir/Desktop/rUTIs/outputs/nursing_home_candidate_clusters_20260717/direct_pairwise/dnadiff_cache_sha256_v1/110061__T1__vs__141018__T0__4439a810f02b3a9c1f81f832.report,/Users/Aamir/Desktop/rUTIs/outputs/nursing_home_candidate_clusters_20260717/direct_pairwise/dnadiff_cache_sha256_v1/110061__T1__vs__141018__T0__4439a810f02b3a9c1f81f832.provenance.json,78a6ea1a13b8eb95a49164581198bfb362a2f5ab2a480a74c5febf9066a098d5,4439a810f02b3a9c1f81f8329fff80118e69ba5798653ce0ff52c0297dfca59e,generated,dnadiff | DNAdiff version 1.3,4.34439e-4,1,84,84,84,1,NA,NA,Related,ST + partial concordance,FALSE,Above same-strain SNP threshold,Same ST,"Same lineage, not same strain by SNP","Same lineage, not same strain by SNP","Same lineage, not same strain by SNP",FALSE
110061,T1,110061__T1,24340101101-1,longcycler,/Users/Aamir/Desktop/rUTIs/ont-yellow-routine-fastas/PR0022_barcode15_24340101101-1-longcycler.fasta,ec1d2b45dde6fe8796262dbf025233d2c6c3622d666b47dd7bafa59bd1a647b7,5298603,2025-10-24T09:26:56.991956Z,TRUE,TRUE,131,provider_qc95,131,131,141018,T2,141018__T2,2449C177701-2,longcycler,/Users/Aamir/Desktop/rUTIs/ont-yellow-routine-fastas/PR0024_barcode81_2449C177701-2-longcycler.fasta,484ea1d57122b29e07b1cf4c8d9cc919dfea987b8daf75b9c37bb3a5b35d62d0,5240246,2026-05-06T13:19:46.000000Z,TRUE,TRUE,131,provider_qc95,131,131,TRUE,99.9853,375,/Users/Aamir/Desktop/rUTIs/outputs/nursing_home_candidate_clusters_20260717/direct_pairwise/dnadiff_cache_sha256_v1/110061__T1__vs__141018__T2__9eaf3baee4cca49addde92c7.report,/Users/Aamir/Desktop/rUTIs/outputs/nursing_home_candidate_clusters_20260717/direct_pairwise/dnadiff_cache_sha256_v1/110061__T1__vs__141018__T2__9eaf3baee4cca49addde92c7.provenance.json,47bc118208bd696de59e12514e1d034aae1623e7b254babd75dcc0c6fcc0eb93,9eaf3baee4cca49addde92c74cc9e6dc3bd4823b87b0d2e9a025a6bdeceac553,generated,dnadiff | DNAdiff version 1.3,6.56154e-4,1,84,84,84,1,NA,NA,Related,ST + partial concordance,FALSE,Above same-strain SNP threshold,Same ST,"Same lineage, not same strain by SNP","Same lineage, not same strain by SNP","Same lineage, not same strain by SNP",FALSE
110061,T2,110061__T2,2447C152001-1,longcycler,/Users/Aamir/Desktop/rUTIs/ont-yellow-routine-fastas/PR0023_barcode62_2447C152001-1-longcycler.fasta,c54c9b57011f432759e6e30a96cf66b12672ff12d67256f6d74511c34c247cba,5289765,2025-06-19T08:56:11.000000Z,TRUE,TRUE,131,provider_qc95,131,131,141018,T0,141018__T0,24230070101-1,longcycler,/Users/Aamir/Desktop/rUTIs/ont-yellow-routine-fastas/PR0024_barcode36_24230070101-1-longcycler.fasta,09c219aa518a12aa210480a548760fc2ed4c6c3d9b5953b70049b8879140c25e,5268191,2026-05-06T13:19:20.000000Z,TRUE,TRUE,131,provider_qc95,131,131,TRUE,99.9858,394,/Users/Aamir/Desktop/rUTIs/outputs/nursing_home_candidate_clusters_20260717/direct_pairwise/dnadiff_cache_sha256_v1/110061__T2__vs__141018__T0__cf3403e4d3a99f7193fc1e24.report,/Users/Aamir/Desktop/rUTIs/outputs/nursing_home_candidate_clusters_20260717/direct_pairwise/dnadiff_cache_sha256_v1/110061__T2__vs__141018__T0__cf3403e4d3a99f7193fc1e24.provenance.json,f4d5f16a497561650ac1668529d74b0905eab29cd7566653dc7aeb35fa3bee34,cf3403e4d3a99f7193fc1e24abb72ad2e9abf3fb1de684ce6a9d9ead7dff1bbf,generated,dnadiff | DNAdiff version 1.3,4.34439e-4,1,84,84,84,1,NA,NA,Related,ST + partial concordance,FALSE,Above same-strain SNP threshold,Same ST,"Same lineage, not same strain by SNP","Same lineage, not same strain by SNP","Same lineage, not same strain by SNP",FALSE
110061,T2,110061__T2,2447C152001-1,longcycler,/Users/Aamir/Desktop/rUTIs/ont-yellow-routine-fastas/PR0023_barcode62_2447C152001-1-longcycler.fasta,c54c9b57011f432759e6e30a96cf66b12672ff12d67256f6d74511c34c247cba,5289765,2025-06-19T08:56:11.000000Z,TRUE,TRUE,131,provider_qc95,131,131,141018,T2,141018__T2,2449C177701-2,longcycler,/Users/Aamir/Desktop/rUTIs/ont-yellow-routine-fastas/PR0024_barcode81_2449C177701-2-longcycler.fasta,484ea1d57122b29e07b1cf4c8d9cc919dfea987b8daf75b9c37bb3a5b35d62d0,5240246,2026-05-06T13:19:46.000000Z,TRUE,TRUE,131,provider_qc95,131,131,TRUE,99.9851,390,/Users/Aamir/Desktop/rUTIs/outputs/nursing_home_candidate_clusters_20260717/direct_pairwise/dnadiff_cache_sha256_v1/110061__T2__vs__141018__T2__7dbb21f5b7efa7cca2f605b3.report,/Users/Aamir/Desktop/rUTIs/outputs/nursing_home_candidate_clusters_20260717/direct_pairwise/dnadiff_cache_sha256_v1/110061__T2__vs__141018__T2__7dbb21f5b7efa7cca2f605b3.provenance.json,41173c1b1ba8fe1e11184bc4c5da04098b81f053fa381793f01087d032682aaa,7dbb21f5b7efa7cca2f605b35707787a44528b12f75f6c3607bf02d29dbdfa1c,generated,dnadiff | DNAdiff version 1.3,6.56154e-4,1,84,84,84,1,NA,NA,Related,ST + partial concordance,FALSE,Above same-strain SNP threshold,Same ST,"Same lineage, not same strain by SNP","Same lineage, not same strain by SNP","Same lineage, not same strain by SNP",FALSE
141018,T0,141018__T0,24230070101-1,longcycler,/Users/Aamir/Desktop/rUTIs/ont-yellow-routine-fastas/PR0024_barcode36_24230070101-1-longcycler.fasta,09c219aa518a12aa210480a548760fc2ed4c6c3d9b5953b70049b8879140c25e,5268191,2026-05-06T13:19:20.000000Z,TRUE,TRUE,131,provider_qc95,131,131,130024,T6,130024__T6,2547C235601-1,longcycler,/Users/Aamir/Desktop/rUTIs/ont-yellow-routine-fastas/PR0049_barcode10_2547C235601-1-longcycler.fasta,57e16f9b806060b9862b0a26ba74f4c981eebc8c6b9fdf95a4df052054f4cb34,5346983,2026-05-06T13:22:04.000000Z,TRUE,TRUE,131,provider_qc95,131,131,TRUE,99.9864,351,/Users/Aamir/Desktop/rUTIs/outputs/nursing_home_candidate_clusters_20260717/direct_pairwise/dnadiff_cache_sha256_v1/141018__T0__vs__130024__T6__59f5a56c3c0a78712b9b807d.report,/Users/Aamir/Desktop/rUTIs/outputs/nursing_home_candidate_clusters_20260717/direct_pairwise/dnadiff_cache_sha256_v1/141018__T0__vs__130024__T6__59f5a56c3c0a78712b9b807d.provenance.json,e6b6df118cbf6990347d1bfca5e58552e9be6b7343ed5c6eb565f05b77912017,59f5a56c3c0a78712b9b807d40b326d6be005aad1dd3dcb8e677d36650ea669d,generated,dnadiff | DNAdiff version 1.3,5.32603e-4,1,84,84,84,0.75,NA,NA,Related,ST + partial concordance,FALSE,Above same-strain SNP threshold,Same ST,"Same lineage, not same strain by SNP","Same lineage, not same strain by SNP","Same lineage, not same strain by SNP",FALSE
141018,T2,141018__T2,2449C177701-2,longcycler,/Users/Aamir/Desktop/rUTIs/ont-yellow-routine-fastas/PR0024_barcode81_2449C177701-2-longcycler.fasta,484ea1d57122b29e07b1cf4c8d9cc919dfea987b8daf75b9c37bb3a5b35d62d0,5240246,2026-05-06T13:19:46.000000Z,TRUE,TRUE,131,provider_qc95,131,131,130024,T6,130024__T6,2547C235601-1,longcycler,/Users/Aamir/Desktop/rUTIs/ont-yellow-routine-fastas/PR0049_barcode10_2547C235601-1-longcycler.fasta,57e16f9b806060b9862b0a26ba74f4c981eebc8c6b9fdf95a4df052054f4cb34,5346983,2026-05-06T13:22:04.000000Z,TRUE,TRUE,131,provider_qc95,131,131,TRUE,99.9862,344,/Users/Aamir/Desktop/rUTIs/outputs/nursing_home_candidate_clusters_20260717/direct_pairwise/dnadiff_cache_sha256_v1/141018__T2__vs__130024__T6__b0833ccaf16243f6390ca46f.report,/Users/Aamir/Desktop/rUTIs/outputs/nursing_home_candidate_clusters_20260717/direct_pairwise/dnadiff_cache_sha256_v1/141018__T2__vs__130024__T6__b0833ccaf16243f6390ca46f.provenance.json,5317bd66270abbef70871ac6db842e6e43b088f654e80746f404c95f13ed2550,b0833ccaf16243f6390ca46f6ea32a96876d704621b70f3f247fa578a95d19bd,generated,dnadiff | DNAdiff version 1.3,7.5568e-4,1,84,84,84,0.75,NA,NA,Related,ST + partial concordance,FALSE,Above same-strain SNP threshold,Same ST,"Same lineage, not same strain by SNP","Same lineage, not same strain by SNP","Same lineage, not same strain by SNP",FALSE
20033,T2,20033__T2,24360064101-1,longcycler,/Users/Aamir/Desktop/rUTIs/ont-yellow-routine-fastas/PR0024_barcode57_24360064101-1-longcycler.fasta,53e51f69d481588412f1d26dc249f0f9018f88d2d5ee02263e04415a54b24702,5309019,2026-05-06T13:19:34.000000Z,TRUE,TRUE,131,provider_qc95,131,131,130024,T6,130024__T6,2547C235601-1,longcycler,/Users/Aamir/Desktop/rUTIs/ont-yellow-routine-fastas/PR0049_barcode10_2547C235601-1-longcycler.fasta,57e16f9b806060b9862b0a26ba74f4c981eebc8c6b9fdf95a4df052054f4cb34,5346983,2026-05-06T13:22:04.000000Z,TRUE,TRUE,131,provider_qc95,131,131,TRUE,99.9821,492,/Users/Aamir/Desktop/rUTIs/outputs/nursing_home_candidate_clusters_20260717/direct_pairwise/dnadiff_cache_sha256_v1/20033__T2__vs__130024__T6__e12ad3ea6bc6b70045811824.report,/Users/Aamir/Desktop/rUTIs/outputs/nursing_home_candidate_clusters_20260717/direct_pairwise/dnadiff_cache_sha256_v1/20033__T2__vs__130024__T6__e12ad3ea6bc6b70045811824.provenance.json,b8e8831b0392d9578d34c46b3e21b3c0b4a6582e83be8d6cf128a616e097eb88,e12ad3ea6bc6b70045811824fc4f7f5e00f30edf1cad9634b74a3158a827e6f5,generated,dnadiff | DNAdiff version 1.3,6.80979e-4,1,84,84,84,0.75,NA,NA,Related,ST + partial concordance,FALSE,Above same-strain SNP threshold,Same ST,"Same lineage, not same strain by SNP","Same lineage, not same strain by SNP","Same lineage, not same strain by SNP",FALSE
40004,T1,40004__T1,24230208601-1,longcycler,/Users/Aamir/Desktop/rUTIs/ont-yellow-routine-fastas/PR0010_barcode59_24230208601-1_longcycler.fasta,1789f83b6062be02017b63d3c4bb07c16a9f2d14f235dcab35bd82e40927245e,5304302,2025-10-24T09:26:59.059324Z,TRUE,TRUE,141,provider_qc95,141,141,100061,T3,100061__T3,2502C118901-1,longcycler,/Users/Aamir/Desktop/rUTIs/ont-yellow-routine-fastas/PR0048_barcode31_2502C118901-1-longcycler.fasta,d662dc8c78ba3ddb773ee055b5a1cc9af11f2a75b3b8a6a0e6d8640c3ff5d5e7,5355925,2026-05-06T13:21:14.000000Z,TRUE,TRUE,141,provider_qc95,141,141,TRUE,99.9606,1159,/Users/Aamir/Desktop/rUTIs/outputs/nursing_home_candidate_clusters_20260717/direct_pairwise/dnadiff_cache_sha256_v1/40004__T1__vs__100061__T3__042fe897a7620bd1ad1ad4cc.report,/Users/Aamir/Desktop/rUTIs/outputs/nursing_home_candidate_clusters_20260717/direct_pairwise/dnadiff_cache_sha256_v1/40004__T1__vs__100061__T3__042fe897a7620bd1ad1ad4cc.provenance.json,7d1d8df906be3e0458beddc6244135a4d05bb620a5aadfd78f2dba060f98e7c7,042fe897a7620bd1ad1ad4cc2c7f46f49e64fdb5e41892d988c5a9ca10e9493f,generated,dnadiff | DNAdiff version 1.3,0.00167981,1,101,101,101,0,NA,NA,Related,ST + partial concordance,FALSE,Above same-strain SNP threshold,Same ST,"Same lineage, not same strain by SNP","Same lineage, not same strain by SNP","Same lineage, not same strain by SNP",FALSE
40004,T1,40004__T1,24230208601-1,longcycler,/Users/Aamir/Desktop/rUTIs/ont-yellow-routine-fastas/PR0010_barcode59_24230208601-1_longcycler.fasta,1789f83b6062be02017b63d3c4bb07c16a9f2d14f235dcab35bd82e40927245e,5304302,2025-10-24T09:26:59.059324Z,TRUE,TRUE,141,provider_qc95,141,141,80011,T0,80011__T0,24190081201-1,longcycler,/Users/Aamir/Desktop/rUTIs/ont-yellow-routine-fastas/PR0024_barcode26_24190081201-1-longcycler.fasta,7c12cb3f907b10297ac599d632eb150f5f4625b94d646a890fef6d95fcd25c4e,5266913,2026-05-06T13:19:14.000000Z,TRUE,TRUE,141,provider_qc95,141,141,TRUE,99.9603,1163,/Users/Aamir/Desktop/rUTIs/outputs/nursing_home_candidate_clusters_20260717/direct_pairwise/dnadiff_cache_sha256_v1/40004__T1__vs__80011__T0__5a8e2f6112e1f2c9dd9c3545.report,/Users/Aamir/Desktop/rUTIs/outputs/nursing_home_candidate_clusters_20260717/direct_pairwise/dnadiff_cache_sha256_v1/40004__T1__vs__80011__T0__5a8e2f6112e1f2c9dd9c3545.provenance.json,36f61f5313583cdf0bcd49bdd38603c04047e12126d3a1f04a04b4a5c82c11e9,5a8e2f6112e1f2c9dd9c3545a0122e53f20329e51a49355a87a9afd40b5136cb,generated,dnadiff | DNAdiff version 1.3,0.00167981,1,101,101,101,0,NA,NA,Related,ST + partial concordance,FALSE,Above same-strain SNP threshold,Same ST,"Same lineage, not same strain by SNP","Same lineage, not same strain by SNP","Same lineage, not same strain by SNP",FALSE
40004,T1,40004__T1,24230208601-1,longcycler,/Users/Aamir/Desktop/rUTIs/ont-yellow-routine-fastas/PR0010_barcode59_24230208601-1_longcycler.fasta,1789f83b6062be02017b63d3c4bb07c16a9f2d14f235dcab35bd82e40927245e,5304302,2025-10-24T09:26:59.059324Z,TRUE,TRUE,141,provider_qc95,141,141,80011,T4,80011__T4,2516C158401-1,longcycler,/Users/Aamir/Desktop/rUTIs/ont-yellow-routine-fastas/PR0042_barcode10_2516C158401-longcycler.fasta,3c51253bda0070e35a441abafda5890d986d2ec75c185b5fb35bf1479efb126c,5296037,2026-05-06T13:20:00.000000Z,TRUE,TRUE,141,provider_qc95,141,141,TRUE,99.9593,1127,/Users/Aamir/Desktop/rUTIs/outputs/nursing_home_candidate_clusters_20260717/direct_pairwise/dnadiff_cache_sha256_v1/40004__T1__vs__80011__T4__69bb2223685b373d1964023c.report,/Users/Aamir/Desktop/rUTIs/outputs/nursing_home_candidate_clusters_20260717/direct_pairwise/dnadiff_cache_sha256_v1/40004__T1__vs__80011__T4__69bb2223685b373d1964023c.provenance.json,6f852807c316ff5bef2bc0979a8a0d0b90a090e95ca83220e965326fdb624243,69bb2223685b373d1964023ca4b091cbe5c1a3e5370b9f95b9166d4fe948a36d,generated,dnadiff | DNAdiff version 1.3,0.00157453,1,101,101,101,0,NA,NA,Related,ST + partial concordance,FALSE,Above same-strain SNP threshold,Same ST,"Same lineage, not same strain by SNP","Same lineage, not same strain by SNP","Same lineage, not same strain by SNP",FALSE
130037,T3,130037__T3,2509C210601-2,longcycler,/Users/Aamir/Desktop/rUTIs/ont-yellow-routine-fastas/PR0048_barcode34_2509C210601-2-longcycler.fasta,c8bb1e5ee57b1ec595398d3f538f2d904b5d74d58e3649879b90671bcdf81425,5460961,2026-05-06T13:21:14.000000Z,TRUE,TRUE,69,provider_qc95,69,69,20037,T5,20037__T5,2521C042101-1,longcycler,/Users/Aamir/Desktop/rUTIs/ont-yellow-routine-fastas/PR0048_barcode48_2521C042101-1-longcycler.fasta,107d1230268ac717a26202909adb541511ac15725cc084bb32b27c00db0f46f7,5292241,2026-05-06T13:21:26.000000Z,TRUE,TRUE,69,provider_qc95,69,69,TRUE,99.9802,583,/Users/Aamir/Desktop/rUTIs/outputs/nursing_home_candidate_clusters_20260717/direct_pairwise/dnadiff_cache_sha256_v1/130037__T3__vs__20037__T5__81aff46efe9709d57a1dfca2.report,/Users/Aamir/Desktop/rUTIs/outputs/nursing_home_candidate_clusters_20260717/direct_pairwise/dnadiff_cache_sha256_v1/130037__T3__vs__20037__T5__81aff46efe9709d57a1dfca2.provenance.json,5935c6e68e773a80f636e946f614c8a9395c6c7bb86b942d715f5618b4ab0db1,81aff46efe9709d57a1dfca27b49a43fc0d6a097bb036db43970e2268e0f0006,generated,dnadiff | DNAdiff version 1.3,9.55247e-5,1,86,86,86,1,NA,NA,Related,ST + partial concordance,FALSE,Above same-strain SNP threshold,Same ST,"Same lineage, not same strain by SNP","Same lineage, not same strain by SNP","Same lineage, not same strain by SNP",FALSE
20037,T0,20037__T0,24110181201-1,longcycler,/Users/Aamir/Desktop/rUTIs/ont-yellow-routine-fastas/PR0022_barcode32_24110181201-1-longcycler.fasta,f0d853082db98053b874557edf54afb76ade128d87276bc7616c5dff66d58833,5290217,2025-10-24T09:26:59.389600Z,TRUE,TRUE,69,provider_qc95,69,69,20072,T3,20072__T3,2449C049001-1,longcycler,/Users/Aamir/Desktop/rUTIs/ont-yellow-routine-fastas/PR0048_barcode25_2449C049001-1-longcycler.fasta,40ca42b5a1f785a5110e2c1f36f361df08c473a53642eacf649fc3c0680fdffa,5292316,2026-05-06T13:21:10.000000Z,TRUE,TRUE,69,provider_qc95,69,69,TRUE,99.9827,531,/Users/Aamir/Desktop/rUTIs/outputs/nursing_home_candidate_clusters_20260717/direct_pairwise/dnadiff_cache_sha256_v1/20037__T0__vs__20072__T3__183bfe30de826090411ce07a.report,/Users/Aamir/Desktop/rUTIs/outputs/nursing_home_candidate_clusters_20260717/direct_pairwise/dnadiff_cache_sha256_v1/20037__T0__vs__20072__T3__183bfe30de826090411ce07a.provenance.json,3b88033bda4a9e259f630664c9193116515ddc50a70e74dc3dbd7b94b457cc74,183bfe30de826090411ce07aac048c732348183b0bbbd5404a54fccebee8a17e,generated,dnadiff | DNAdiff version 1.3,1.67546e-4,1,86,86,86,0.75,NA,NA,Related,ST + partial concordance,FALSE,Above same-strain SNP threshold,Same ST,"Same lineage, not same strain by SNP","Same lineage, not same strain by SNP","Same lineage, not same strain by SNP",FALSE
20072,T3,20072__T3,2449C049001-1,longcycler,/Users/Aamir/Desktop/rUTIs/ont-yellow-routine-fastas/PR0048_barcode25_2449C049001-1-longcycler.fasta,40ca42b5a1f785a5110e2c1f36f361df08c473a53642eacf649fc3c0680fdffa,5292316,2026-05-06T13:21:10.000000Z,TRUE,TRUE,69,provider_qc95,69,69,130037,T3,130037__T3,2509C210601-2,longcycler,/Users/Aamir/Desktop/rUTIs/ont-yellow-routine-fastas/PR0048_barcode34_2509C210601-2-longcycler.fasta,c8bb1e5ee57b1ec595398d3f538f2d904b5d74d58e3649879b90671bcdf81425,5460961,2026-05-06T13:21:14.000000Z,TRUE,TRUE,69,provider_qc95,69,69,TRUE,99.9819,491,/Users/Aamir/Desktop/rUTIs/outputs/nursing_home_candidate_clusters_20260717/direct_pairwise/dnadiff_cache_sha256_v1/20072__T3__vs__130037__T3__77084cf985999e34934ff6ed.report,/Users/Aamir/Desktop/rUTIs/outputs/nursing_home_candidate_clusters_20260717/direct_pairwise/dnadiff_cache_sha256_v1/20072__T3__vs__130037__T3__77084cf985999e34934ff6ed.provenance.json,30b31d615064bcd0e0fe345d66479cf16c31a2ae7f41e9320f4f78c8d5ba52ce,77084cf985999e34934ff6ed4a50e57fb7838f671c7c5829b8cc8b8004c91315,generated,dnadiff | DNAdiff version 1.3,9.55247e-5,1,86,86,86,1,NA,NA,Related,ST + partial concordance,FALSE,Above same-strain SNP threshold,Same ST,"Same lineage, not same strain by SNP","Same lineage, not same strain by SNP","Same lineage, not same strain by SNP",FALSE
20028,T6,20028__T6,2536C066501-1,longcycler,/Users/Aamir/Desktop/rUTIs/ont-yellow-routine-fastas/PR0042_barcode75_2536C066501-longcycler.fasta,c0c5d8f02542942147f685d6580795bdec99551ae80bf8c778a4f2544d74e7c0,5387643,2026-05-06T13:20:40.000000Z,TRUE,TRUE,73,provider_qc95,73,73,120012,T6,120012__T6,2546C034601-1,longcycler,/Users/Aamir/Desktop/rUTIs/ont-yellow-routine-fastas/PR0048_barcode94_2546C034601-1-longcycler.fasta,78cacbee7692651db81c2aa37e38fad3089bec0237f6aac1bd6f3c68bb1b3d0f,5415528,2026-05-06T13:21:56.000000Z,TRUE,TRUE,73,provider_qc95,73,73,TRUE,99.989,164,/Users/Aamir/Desktop/rUTIs/outputs/nursing_home_candidate_clusters_20260717/direct_pairwise/dnadiff_cache_sha256_v1/20028__T6__vs__120012__T6__66712ca29cb7cb934302cebb.report,/Users/Aamir/Desktop/rUTIs/outputs/nursing_home_candidate_clusters_20260717/direct_pairwise/dnadiff_cache_sha256_v1/20028__T6__vs__120012__T6__66712ca29cb7cb934302cebb.provenance.json,cb68dc9a660564a01076f6e558ee0929a1a53d37d769ffded9d8a6f04dadafb7,66712ca29cb7cb934302cebbf155c253f781d2604c967e8183732be09804546a,generated,dnadiff | DNAdiff version 1.3,0.0011856,1,101,101,101,0,NA,NA,Related,ST + partial concordance,FALSE,Above same-strain SNP threshold,Same ST,"Same lineage, not same strain by SNP","Same lineage, not same strain by SNP","Same lineage, not same strain by SNP",FALSE
100064,T0,100064__T0,24150194901-1,longcycler,/Users/Aamir/Desktop/rUTIs/ont-yellow-routine-fastas/PR0010_barcode38_24150194901-1_longcycler.fasta,cb162a3f3913deffca2c47534bca91fe8e83635b82704197bd94aadf900c8c35,5253901,2025-10-24T09:26:58.368135Z,TRUE,TRUE,131,provider_qc95,131,131,110035,T2,110035__T2,2447C149401-1,longcycler,/Users/Aamir/Desktop/rUTIs/ont-yellow-routine-fastas/PR0024_barcode69_2447C149401-1-longcycler.fasta,92da8c55cc3912afdf49475c575f50e3952a984a7760908d2e23b7d3bd8f9205,5380840,2026-05-06T13:19:40.000000Z,TRUE,TRUE,131,provider_qc95,131,131,TRUE,99.9419,1999,/Users/Aamir/Desktop/rUTIs/outputs/nursing_home_candidate_clusters_20260717/direct_pairwise/dnadiff_cache_sha256_v1/100064__T0__vs__110035__T2__21afbaa17f55cd2055f1408c.report,/Users/Aamir/Desktop/rUTIs/outputs/nursing_home_candidate_clusters_20260717/direct_pairwise/dnadiff_cache_sha256_v1/100064__T0__vs__110035__T2__21afbaa17f55cd2055f1408c.provenance.json,4cc261c95ae7fbc1082f8daaaf45d8561ac53c9022e9f0a19d37262e38449758,21afbaa17f55cd2055f1408c9b03c740a9b70128200b0406662fb89d5418264a,generated,dnadiff | DNAdiff version 1.3,0.00144387,1,75,75,75,0,NA,NA,Related,ST + partial concordance,FALSE,Above same-strain SNP threshold,Same ST,"Same lineage, not same strain by SNP","Same lineage, not same strain by SNP","Same lineage, not same strain by SNP",FALSE
100064,T0,100064__T0,24150194901-1,longcycler,/Users/Aamir/Desktop/rUTIs/ont-yellow-routine-fastas/PR0010_barcode38_24150194901-1_longcycler.fasta,cb162a3f3913deffca2c47534bca91fe8e83635b82704197bd94aadf900c8c35,5253901,2025-10-24T09:26:58.368135Z,TRUE,TRUE,131,provider_qc95,131,131,110035,T3,110035__T3,2508C147001-1,longcycler,/Users/Aamir/Desktop/rUTIs/ont-yellow-routine-fastas/PR0024_barcode47_2508C147001-1-longcycler.fasta,1cfbf903511c721a8677830e5497a758cc9d75e84db8d22cce669a06fad719cb,5529019,2026-05-06T13:19:26.000000Z,TRUE,TRUE,131,provider_qc95,131,131,TRUE,99.9391,1161,/Users/Aamir/Desktop/rUTIs/outputs/nursing_home_candidate_clusters_20260717/direct_pairwise/dnadiff_cache_sha256_v1/100064__T0__vs__110035__T3__bcf4cd94b0b1be3af57c68fe.report,/Users/Aamir/Desktop/rUTIs/outputs/nursing_home_candidate_clusters_20260717/direct_pairwise/dnadiff_cache_sha256_v1/100064__T0__vs__110035__T3__bcf4cd94b0b1be3af57c68fe.provenance.json,0e53dab9920dea73cf05b0cc2ee44152501454ff337863f4349b899030f2b6cb,bcf4cd94b0b1be3af57c68fe571fa86c960636740901139aeb4ac2f647a091ab,generated,dnadiff | DNAdiff version 1.3,0.00149601,1,75,75,75,0.25,NA,NA,Related,ST + partial concordance,FALSE,Above same-strain SNP threshold,Same ST,"Same lineage, not same strain by SNP","Same lineage, not same strain by SNP","Same lineage, not same strain by SNP",FALSE
100064,T0,100064__T0,24150194901-1,longcycler,/Users/Aamir/Desktop/rUTIs/ont-yellow-routine-fastas/PR0010_barcode38_24150194901-1_longcycler.fasta,cb162a3f3913deffca2c47534bca91fe8e83635b82704197bd94aadf900c8c35,5253901,2025-10-24T09:26:58.368135Z,TRUE,TRUE,131,provider_qc95,131,131,110035,T4,110035__T4,2521C147301-1,longcycler,/Users/Aamir/Desktop/rUTIs/ont-yellow-routine-fastas/PR0042_barcode17_2521C147301-longcycler.fasta,7c58ce5cd1dc318c07add62565a4f5af29b7b1cebdbe4d90155958de8422cb06,5533053,2026-05-06T13:20:04.000000Z,TRUE,TRUE,131,provider_qc95,131,131,TRUE,99.9397,1171,/Users/Aamir/Desktop/rUTIs/outputs/nursing_home_candidate_clusters_20260717/direct_pairwise/dnadiff_cache_sha256_v1/100064__T0__vs__110035__T4__f98ef80130fe282042916a59.report,/Users/Aamir/Desktop/rUTIs/outputs/nursing_home_candidate_clusters_20260717/direct_pairwise/dnadiff_cache_sha256_v1/100064__T0__vs__110035__T4__f98ef80130fe282042916a59.provenance.json,9d4db65d7ca9e600c0e09372fcfc0b322a03d206fe65c94e9e20d802adf65def,f98ef80130fe282042916a5918ed57c6e84e885675501a255866e986b74877d1,generated,dnadiff | DNAdiff version 1.3,0.00149601,1,75,75,75,0.25,NA,NA,Related,ST + partial concordance,FALSE,Above same-strain SNP threshold,Same ST,"Same lineage, not same strain by SNP","Same lineage, not same strain by SNP","Same lineage, not same strain by SNP",FALSE
100064,T1,100064__T1,24270071701-1,longcycler,/Users/Aamir/Desktop/rUTIs/ont-yellow-routine-fastas/PR0010_barcode76_24270071701-1_longcycler.fasta,6bb8154a894150d6760deb48c391bc7229b15a1fe84bdba846790dbe73a7c4f5,5200358,2025-10-24T09:26:57.394253Z,TRUE,TRUE,131,provider_qc95,131,131,110035,T2,110035__T2,2447C149401-1,longcycler,/Users/Aamir/Desktop/rUTIs/ont-yellow-routine-fastas/PR0024_barcode69_2447C149401-1-longcycler.fasta,92da8c55cc3912afdf49475c575f50e3952a984a7760908d2e23b7d3bd8f9205,5380840,2026-05-06T13:19:40.000000Z,TRUE,TRUE,131,provider_qc95,131,131,TRUE,99.9442,1965,/Users/Aamir/Desktop/rUTIs/outputs/nursing_home_candidate_clusters_20260717/direct_pairwise/dnadiff_cache_sha256_v1/100064__T1__vs__110035__T2__19931761d3c1650faebd5c4b.report,/Users/Aamir/Desktop/rUTIs/outputs/nursing_home_candidate_clusters_20260717/direct_pairwise/dnadiff_cache_sha256_v1/100064__T1__vs__110035__T2__19931761d3c1650faebd5c4b.provenance.json,4b5a39a55bcbe8d91c3c33115cd4bb5e1daa9337985cc6d47fe21f788a9f5363,19931761d3c1650faebd5c4b4eeb3125992a719a189d23743ea70e71a03b65b6,generated,dnadiff | DNAdiff version 1.3,0.00141786,1,75,75,75,0,NA,NA,Related,ST + partial concordance,FALSE,Above same-strain SNP threshold,Same ST,"Same lineage, not same strain by SNP","Same lineage, not same strain by SNP","Same lineage, not same strain by SNP",FALSE
100064,T1,100064__T1,24270071701-1,longcycler,/Users/Aamir/Desktop/rUTIs/ont-yellow-routine-fastas/PR0010_barcode76_24270071701-1_longcycler.fasta,6bb8154a894150d6760deb48c391bc7229b15a1fe84bdba846790dbe73a7c4f5,5200358,2025-10-24T09:26:57.394253Z,TRUE,TRUE,131,provider_qc95,131,131,110035,T3,110035__T3,2508C147001-1,longcycler,/Users/Aamir/Desktop/rUTIs/ont-yellow-routine-fastas/PR0024_barcode47_2508C147001-1-longcycler.fasta,1cfbf903511c721a8677830e5497a758cc9d75e84db8d22cce669a06fad719cb,5529019,2026-05-06T13:19:26.000000Z,TRUE,TRUE,131,provider_qc95,131,131,TRUE,99.9413,1128,/Users/Aamir/Desktop/rUTIs/outputs/nursing_home_candidate_clusters_20260717/direct_pairwise/dnadiff_cache_sha256_v1/100064__T1__vs__110035__T3__7f972857e0192dac9b63e5ef.report,/Users/Aamir/Desktop/rUTIs/outputs/nursing_home_candidate_clusters_20260717/direct_pairwise/dnadiff_cache_sha256_v1/100064__T1__vs__110035__T3__7f972857e0192dac9b63e5ef.provenance.json,df64b8d2b5dfe9d794c5c81ba9e4b4ebf95841514eb93bb46f921f844a6836cb,7f972857e0192dac9b63e5efbdc104100839466196e14aceb4ccc3f100521512,generated,dnadiff | DNAdiff version 1.3,0.00146992,1,75,75,75,0.25,NA,NA,Related,ST + partial concordance,FALSE,Above same-strain SNP threshold,Same ST,"Same lineage, not same strain by SNP","Same lineage, not same strain by SNP","Same lineage, not same strain by SNP",FALSE
100064,T1,100064__T1,24270071701-1,longcycler,/Users/Aamir/Desktop/rUTIs/ont-yellow-routine-fastas/PR0010_barcode76_24270071701-1_longcycler.fasta,6bb8154a894150d6760deb48c391bc7229b15a1fe84bdba846790dbe73a7c4f5,5200358,2025-10-24T09:26:57.394253Z,TRUE,TRUE,131,provider_qc95,131,131,110035,T4,110035__T4,2521C147301-1,longcycler,/Users/Aamir/Desktop/rUTIs/ont-yellow-routine-fastas/PR0042_barcode17_2521C147301-longcycler.fasta,7c58ce5cd1dc318c07add62565a4f5af29b7b1cebdbe4d90155958de8422cb06,5533053,2026-05-06T13:20:04.000000Z,TRUE,TRUE,131,provider_qc95,131,131,TRUE,99.9421,1131,/Users/Aamir/Desktop/rUTIs/outputs/nursing_home_candidate_clusters_20260717/direct_pairwise/dnadiff_cache_sha256_v1/100064__T1__vs__110035__T4__7217cf5b9493c37c9e9c0470.report,/Users/Aamir/Desktop/rUTIs/outputs/nursing_home_candidate_clusters_20260717/direct_pairwise/dnadiff_cache_sha256_v1/100064__T1__vs__110035__T4__7217cf5b9493c37c9e9c0470.provenance.json,065e97f2d695038c4a27b28178722ef6e01e0f118e87fbffe8036f2d8e6f947b,7217cf5b9493c37c9e9c0470d3ae4e3b6091e7f920b3868f9d4b1859a8424ff8,generated,dnadiff | DNAdiff version 1.3,0.00146992,1,75,75,75,0.25,NA,NA,Related,ST + partial concordance,FALSE,Above same-strain SNP threshold,Same ST,"Same lineage, not same strain by SNP","Same lineage, not same strain by SNP","Same lineage, not same strain by SNP",FALSE
100064,T2,100064__T2,2440C043601-1,longcycler,/Users/Aamir/Desktop/rUTIs/ont-yellow-routine-fastas/PR0023_barcode43_2440C043601-1-longcycler.fasta,82a939de748264d9c8d0c94a35f8a1c68d3662dc35967713e6d09066d91a2c4a,5294313,2025-06-19T08:56:03.000000Z,TRUE,TRUE,131,provider_qc95,131,131,110035,T2,110035__T2,2447C149401-1,longcycler,/Users/Aamir/Desktop/rUTIs/ont-yellow-routine-fastas/PR0024_barcode69_2447C149401-1-longcycler.fasta,92da8c55cc3912afdf49475c575f50e3952a984a7760908d2e23b7d3bd8f9205,5380840,2026-05-06T13:19:40.000000Z,TRUE,TRUE,131,provider_qc95,131,131,TRUE,99.9423,2005,/Users/Aamir/Desktop/rUTIs/outputs/nursing_home_candidate_clusters_20260717/direct_pairwise/dnadiff_cache_sha256_v1/100064__T2__vs__110035__T2__1432091c88ce76c9c246ba67.report,/Users/Aamir/Desktop/rUTIs/outputs/nursing_home_candidate_clusters_20260717/direct_pairwise/dnadiff_cache_sha256_v1/100064__T2__vs__110035__T2__1432091c88ce76c9c246ba67.provenance.json,74d99c6b86b929758a9e3d96befd3038247267b31baccfb2649e8f990b09b9af,1432091c88ce76c9c246ba67ed25ac33ceffd8e0a8ca2f073e74f1fa8a53ce36,generated,dnadiff | DNAdiff version 1.3,0.00167981,1,75,75,75,0,NA,NA,Related,ST + partial concordance,FALSE,Above same-strain SNP threshold,Same ST,"Same lineage, not same strain by SNP","Same lineage, not same strain by SNP","Same lineage, not same strain by SNP",FALSE
100064,T2,100064__T2,2440C043601-1,longcycler,/Users/Aamir/Desktop/rUTIs/ont-yellow-routine-fastas/PR0023_barcode43_2440C043601-1-longcycler.fasta,82a939de748264d9c8d0c94a35f8a1c68d3662dc35967713e6d09066d91a2c4a,5294313,2025-06-19T08:56:03.000000Z,TRUE,TRUE,131,provider_qc95,131,131,110035,T3,110035__T3,2508C147001-1,longcycler,/Users/Aamir/Desktop/rUTIs/ont-yellow-routine-fastas/PR0024_barcode47_2508C147001-1-longcycler.fasta,1cfbf903511c721a8677830e5497a758cc9d75e84db8d22cce669a06fad719cb,5529019,2026-05-06T13:19:26.000000Z,TRUE,TRUE,131,provider_qc95,131,131,TRUE,99.9399,1168,/Users/Aamir/Desktop/rUTIs/outputs/nursing_home_candidate_clusters_20260717/direct_pairwise/dnadiff_cache_sha256_v1/100064__T2__vs__110035__T3__8ab5a5cb66fac789f8e2d1bd.report,/Users/Aamir/Desktop/rUTIs/outputs/nursing_home_candidate_clusters_20260717/direct_pairwise/dnadiff_cache_sha256_v1/100064__T2__vs__110035__T3__8ab5a5cb66fac789f8e2d1bd.provenance.json,d6002a40571db52d0dae64e15d3883c5b1154ce627d3de8f00b2d3a5ef9c11db,8ab5a5cb66fac789f8e2d1bdcf142e5161a0dc5b8cae018a2bf30c322878223d,generated,dnadiff | DNAdiff version 1.3,0.00175922,1,75,75,75,0.2,NA,NA,Related,ST + partial concordance,FALSE,Above same-strain SNP threshold,Same ST,"Same lineage, not same strain by SNP","Same lineage, not same strain by SNP","Same lineage, not same strain by SNP",FALSE
100064,T2,100064__T2,2440C043601-1,longcycler,/Users/Aamir/Desktop/rUTIs/ont-yellow-routine-fastas/PR0023_barcode43_2440C043601-1-longcycler.fasta,82a939de748264d9c8d0c94a35f8a1c68d3662dc35967713e6d09066d91a2c4a,5294313,2025-06-19T08:56:03.000000Z,TRUE,TRUE,131,provider_qc95,131,131,110035,T4,110035__T4,2521C147301-1,longcycler,/Users/Aamir/Desktop/rUTIs/ont-yellow-routine-fastas/PR0042_barcode17_2521C147301-longcycler.fasta,7c58ce5cd1dc318c07add62565a4f5af29b7b1cebdbe4d90155958de8422cb06,5533053,2026-05-06T13:20:04.000000Z,TRUE,TRUE,131,provider_qc95,131,131,TRUE,99.9404,1172,/Users/Aamir/Desktop/rUTIs/outputs/nursing_home_candidate_clusters_20260717/direct_pairwise/dnadiff_cache_sha256_v1/100064__T2__vs__110035__T4__e0b8844a6b97c18cb6924669.report,/Users/Aamir/Desktop/rUTIs/outputs/nursing_home_candidate_clusters_20260717/direct_pairwise/dnadiff_cache_sha256_v1/100064__T2__vs__110035__T4__e0b8844a6b97c18cb6924669.provenance.json,97c9f9d4599d8ab1d4cfba4a2f1755591bb0eea847fde535b5cd73197d58e345,e0b8844a6b97c18cb692466999440e90523ad0b177a4c768d185db8c06dd109e,generated,dnadiff | DNAdiff version 1.3,0.00175922,1,75,75,75,0.2,NA,NA,Related,ST + partial concordance,FALSE,Above same-strain SNP threshold,Same ST,"Same lineage, not same strain by SNP","Same lineage, not same strain by SNP","Same lineage, not same strain by SNP",FALSE
100064,T3,100064__T3,2502C122301-1,longcycler,/Users/Aamir/Desktop/rUTIs/ont-yellow-routine-fastas/PR0023_barcode11_2502C122301-1-longcycler.fasta,d84eb43aa15b9d082f9fc267d3b130cdf67fe958f85250f9f6d7eb3716eeb4e3,5248876,2025-06-19T08:55:49.000000Z,TRUE,TRUE,131,provider_qc95,131,131,110035,T2,110035__T2,2447C149401-1,longcycler,/Users/Aamir/Desktop/rUTIs/ont-yellow-routine-fastas/PR0024_barcode69_2447C149401-1-longcycler.fasta,92da8c55cc3912afdf49475c575f50e3952a984a7760908d2e23b7d3bd8f9205,5380840,2026-05-06T13:19:40.000000Z,TRUE,TRUE,131,provider_qc95,131,131,TRUE,99.9436,1970,/Users/Aamir/Desktop/rUTIs/outputs/nursing_home_candidate_clusters_20260717/direct_pairwise/dnadiff_cache_sha256_v1/100064__T3__vs__110035__T2__2aa45a1f6c9b427b97cc28cb.report,/Users/Aamir/Desktop/rUTIs/outputs/nursing_home_candidate_clusters_20260717/direct_pairwise/dnadiff_cache_sha256_v1/100064__T3__vs__110035__T2__2aa45a1f6c9b427b97cc28cb.provenance.json,d690c3d358e7317932fab52b399d7ac732a85e9fa908dbcb10a89db6988855b3,2aa45a1f6c9b427b97cc28cbb0b506048e70de4125de2188530a504277149b6d,generated,dnadiff | DNAdiff version 1.3,0.00141786,1,75,75,75,0,NA,NA,Related,ST + partial concordance,FALSE,Above same-strain SNP threshold,Same ST,"Same lineage, not same strain by SNP","Same lineage, not same strain by SNP","Same lineage, not same strain by SNP",FALSE
100064,T3,100064__T3,2502C122301-1,longcycler,/Users/Aamir/Desktop/rUTIs/ont-yellow-routine-fastas/PR0023_barcode11_2502C122301-1-longcycler.fasta,d84eb43aa15b9d082f9fc267d3b130cdf67fe958f85250f9f6d7eb3716eeb4e3,5248876,2025-06-19T08:55:49.000000Z,TRUE,TRUE,131,provider_qc95,131,131,110035,T3,110035__T3,2508C147001-1,longcycler,/Users/Aamir/Desktop/rUTIs/ont-yellow-routine-fastas/PR0024_barcode47_2508C147001-1-longcycler.fasta,1cfbf903511c721a8677830e5497a758cc9d75e84db8d22cce669a06fad719cb,5529019,2026-05-06T13:19:26.000000Z,TRUE,TRUE,131,provider_qc95,131,131,TRUE,99.9409,1133,/Users/Aamir/Desktop/rUTIs/outputs/nursing_home_candidate_clusters_20260717/direct_pairwise/dnadiff_cache_sha256_v1/100064__T3__vs__110035__T3__2b481dc4ee225b6792752a62.report,/Users/Aamir/Desktop/rUTIs/outputs/nursing_home_candidate_clusters_20260717/direct_pairwise/dnadiff_cache_sha256_v1/100064__T3__vs__110035__T3__2b481dc4ee225b6792752a62.provenance.json,fa2012ffbe45c1c2439e4da89b762dd50276a5e1a649c003a20fbfb73c2b429d,2b481dc4ee225b6792752a625f7ced781a019947b7665dd7230781039cc23364,generated,dnadiff | DNAdiff version 1.3,0.00146992,1,75,75,75,0.25,NA,NA,Related,ST + partial concordance,FALSE,Above same-strain SNP threshold,Same ST,"Same lineage, not same strain by SNP","Same lineage, not same strain by SNP","Same lineage, not same strain by SNP",FALSE
100064,T3,100064__T3,2502C122301-1,longcycler,/Users/Aamir/Desktop/rUTIs/ont-yellow-routine-fastas/PR0023_barcode11_2502C122301-1-longcycler.fasta,d84eb43aa15b9d082f9fc267d3b130cdf67fe958f85250f9f6d7eb3716eeb4e3,5248876,2025-06-19T08:55:49.000000Z,TRUE,TRUE,131,provider_qc95,131,131,110035,T4,110035__T4,2521C147301-1,longcycler,/Users/Aamir/Desktop/rUTIs/ont-yellow-routine-fastas/PR0042_barcode17_2521C147301-longcycler.fasta,7c58ce5cd1dc318c07add62565a4f5af29b7b1cebdbe4d90155958de8422cb06,5533053,2026-05-06T13:20:04.000000Z,TRUE,TRUE,131,provider_qc95,131,131,TRUE,99.9412,1145,/Users/Aamir/Desktop/rUTIs/outputs/nursing_home_candidate_clusters_20260717/direct_pairwise/dnadiff_cache_sha256_v1/100064__T3__vs__110035__T4__ea5b583b7f877467c5a2d9dc.report,/Users/Aamir/Desktop/rUTIs/outputs/nursing_home_candidate_clusters_20260717/direct_pairwise/dnadiff_cache_sha256_v1/100064__T3__vs__110035__T4__ea5b583b7f877467c5a2d9dc.provenance.json,e626598241f02bc8dec8e8ffab3d48b778246eaea23e4ff1033beaf6b956f062,ea5b583b7f877467c5a2d9dc976353340bdfda76256c1aa9dda3bfc27504202e,generated,dnadiff | DNAdiff version 1.3,0.00146992,1,75,75,75,0.25,NA,NA,Related,ST + partial concordance,FALSE,Above same-strain SNP threshold,Same ST,"Same lineage, not same strain by SNP","Same lineage, not same strain by SNP","Same lineage, not same strain by SNP",FALSE
110061,T1,110061__T1,24340101101-1,longcycler,/Users/Aamir/Desktop/rUTIs/ont-yellow-routine-fastas/PR0022_barcode15_24340101101-1-longcycler.fasta,ec1d2b45dde6fe8796262dbf025233d2c6c3622d666b47dd7bafa59bd1a647b7,5298603,2025-10-24T09:26:56.991956Z,TRUE,TRUE,131,provider_qc95,131,131,130024,T6,130024__T6,2547C235601-1,longcycler,/Users/Aamir/Desktop/rUTIs/ont-yellow-routine-fastas/PR0049_barcode10_2547C235601-1-longcycler.fasta,57e16f9b806060b9862b0a26ba74f4c981eebc8c6b9fdf95a4df052054f4cb34,5346983,2026-05-06T13:22:04.000000Z,TRUE,TRUE,131,provider_qc95,131,131,TRUE,99.9798,666,/Users/Aamir/Desktop/rUTIs/outputs/nursing_home_candidate_clusters_20260717/direct_pairwise/dnadiff_cache_sha256_v1/110061__T1__vs__130024__T6__18190d7075bc2f5a2fca6351.report,/Users/Aamir/Desktop/rUTIs/outputs/nursing_home_candidate_clusters_20260717/direct_pairwise/dnadiff_cache_sha256_v1/110061__T1__vs__130024__T6__18190d7075bc2f5a2fca6351.provenance.json,7db6590fa4ecd733da55414ea17f7f1b090465f9c33ab05d712ca6143088c3e2,18190d7075bc2f5a2fca63519026ab44aca772eec39ef89520bdacfbc6cef374,generated,dnadiff | DNAdiff version 1.3,5.8191e-4,1,84,84,84,0.75,NA,NA,Related,ST + partial concordance,FALSE,Above same-strain SNP threshold,Same ST,"Same lineage, not same strain by SNP","Same lineage, not same strain by SNP","Same lineage, not same strain by SNP",FALSE
110061,T2,110061__T2,2447C152001-1,longcycler,/Users/Aamir/Desktop/rUTIs/ont-yellow-routine-fastas/PR0023_barcode62_2447C152001-1-longcycler.fasta,c54c9b57011f432759e6e30a96cf66b12672ff12d67256f6d74511c34c247cba,5289765,2025-06-19T08:56:11.000000Z,TRUE,TRUE,131,provider_qc95,131,131,130024,T6,130024__T6,2547C235601-1,longcycler,/Users/Aamir/Desktop/rUTIs/ont-yellow-routine-fastas/PR0049_barcode10_2547C235601-1-longcycler.fasta,57e16f9b806060b9862b0a26ba74f4c981eebc8c6b9fdf95a4df052054f4cb34,5346983,2026-05-06T13:22:04.000000Z,TRUE,TRUE,131,provider_qc95,131,131,TRUE,99.9797,680,/Users/Aamir/Desktop/rUTIs/outputs/nursing_home_candidate_clusters_20260717/direct_pairwise/dnadiff_cache_sha256_v1/110061__T2__vs__130024__T6__bf55bc9b2e2ce9686b298ac1.report,/Users/Aamir/Desktop/rUTIs/outputs/nursing_home_candidate_clusters_20260717/direct_pairwise/dnadiff_cache_sha256_v1/110061__T2__vs__130024__T6__bf55bc9b2e2ce9686b298ac1.provenance.json,0d1fa551b4794ab379593cb9b5258cb5f50d4b0771e77dc788c30a98c3c5bebb,bf55bc9b2e2ce9686b298ac12671a0b79ecac471f4bc42b46b42773ad3363647,generated,dnadiff | DNAdiff version 1.3,5.8191e-4,1,84,84,84,0.75,NA,NA,Related,ST + partial concordance,FALSE,Above same-strain SNP threshold,Same ST,"Same lineage, not same strain by SNP","Same lineage, not same strain by SNP","Same lineage, not same strain by SNP",FALSE
90008,T0,90008__T0,24190038401-1,longcycler,/Users/Aamir/Desktop/rUTIs/ont-yellow-routine-fastas/PR0018_barcode96_24190038401-1-longcycler.fasta,492c0cc4dfa52e225f1e5f3e30ed68dda7ac761672e4eb6e67104b45edeaa257,5197016,2025-10-24T09:26:57.509760Z,TRUE,TRUE,131,provider_qc95,131,131,140029,T0,140029__T0,24230068201-2,longcycler,/Users/Aamir/Desktop/rUTIs/ont-yellow-routine-fastas/PR0023_barcode14_24230068201-2-longcycler.fasta,9aa9873ccab3d49cd89f6972fc453fa95e1a416253df5323e3bfd059d1db94e4,5269502,2025-06-19T08:55:50.000000Z,TRUE,TRUE,131,provider_qc95,131,131,TRUE,99.9603,1330,/Users/Aamir/Desktop/rUTIs/outputs/nursing_home_candidate_clusters_20260717/direct_pairwise/dnadiff_cache_sha256_v1/90008__T0__vs__140029__T0__d8d516ce9a61707f66a49197.report,/Users/Aamir/Desktop/rUTIs/outputs/nursing_home_candidate_clusters_20260717/direct_pairwise/dnadiff_cache_sha256_v1/90008__T0__vs__140029__T0__d8d516ce9a61707f66a49197.provenance.json,dcc8d778ac70043cca02df6ad66c54a4c0cc3021e54d1ec946837213364e1649,d8d516ce9a61707f66a49197e3abeb38eb567cc0334a45eabf7bbf76f92baa22,generated,dnadiff | DNAdiff version 1.3,0.00240836,1,75,75,75,0.25,NA,NA,Related,ST + partial concordance,FALSE,Above same-strain SNP threshold,Same ST,"Same lineage, not same strain by SNP","Same lineage, not same strain by SNP","Same lineage, not same strain by SNP",FALSE
30021,T1,30021__T1,24330146401-1,longcycler,/Users/Aamir/Desktop/rUTIs/ont-yellow-routine-fastas/PR0010_barcode56_24330146401-1_longcycler.fasta,933e62d4d85e054e55dd38ada2559756603b6ba26f14f9267b306f9aeca22d6f,5254448,2025-10-24T09:26:59.140030Z,TRUE,TRUE,428,provider_qc95,428,428,30013,T5,30013__T5,2530C081701-1,longcycler,/Users/Aamir/Desktop/rUTIs/ont-yellow-routine-fastas/PR0042_barcode65_2530C081701-longcycler.fasta,291f5e60bbe502228b613570ffa5c1a6ce4e46528410ab2450296f7d3f6892ca,5055926,2026-05-06T13:20:34.000000Z,TRUE,TRUE,428,provider_qc95,428,428,TRUE,99.9616,1331,/Users/Aamir/Desktop/rUTIs/outputs/nursing_home_candidate_clusters_20260717/direct_pairwise/dnadiff_cache_sha256_v1/30021__T1__vs__30013__T5__7bfbcd6e017b23bd655796dd.report,/Users/Aamir/Desktop/rUTIs/outputs/nursing_home_candidate_clusters_20260717/direct_pairwise/dnadiff_cache_sha256_v1/30021__T1__vs__30013__T5__7bfbcd6e017b23bd655796dd.provenance.json,c377b057f905bb992f680f50f10336ad6a57848902fd6cf6a8bd0ff19e356b61,7bfbcd6e017b23bd655796dd883fa743878433c071c6748b82fd0eb3f6ef45cf,generated,dnadiff | DNAdiff version 1.3,0.0011089,1,80,80,80,0.3333333333333333,NA,NA,Related,ST + partial concordance,FALSE,Above same-strain SNP threshold,Same ST,"Same lineage, not same strain by SNP","Same lineage, not same strain by SNP","Same lineage, not same strain by SNP",FALSE
30021,T1,30021__T1,24330146401-1,longcycler,/Users/Aamir/Desktop/rUTIs/ont-yellow-routine-fastas/PR0010_barcode56_24330146401-1_longcycler.fasta,933e62d4d85e054e55dd38ada2559756603b6ba26f14f9267b306f9aeca22d6f,5254448,2025-10-24T09:26:59.140030Z,TRUE,TRUE,428,provider_qc95,428,428,30013,T6,30013__T6,2543C107301-1,longcycler,/Users/Aamir/Desktop/rUTIs/ont-yellow-routine-fastas/PR0042_barcode92_2543C107301-longcycler.fasta,40ef681cfdba2a2289f661be748028c111a58c53848c57fe897a459697446dd5,5055630,2026-05-06T13:20:50.000000Z,TRUE,TRUE,428,provider_qc95,428,428,TRUE,99.9622,1329,/Users/Aamir/Desktop/rUTIs/outputs/nursing_home_candidate_clusters_20260717/direct_pairwise/dnadiff_cache_sha256_v1/30021__T1__vs__30013__T6__595e6dd0238d1a8d7eda2d55.report,/Users/Aamir/Desktop/rUTIs/outputs/nursing_home_candidate_clusters_20260717/direct_pairwise/dnadiff_cache_sha256_v1/30021__T1__vs__30013__T6__595e6dd0238d1a8d7eda2d55.provenance.json,12cb44f3271e2e6b00591ea0289567c3eb672cf33688cc4db911ef8ab5ddf146,595e6dd0238d1a8d7eda2d55ae2f382a74288226ae2dc972740f6df130141bf9,generated,dnadiff | DNAdiff version 1.3,0.0011089,1,80,80,80,0.3333333333333333,NA,NA,Related,ST + partial concordance,FALSE,Above same-strain SNP threshold,Same ST,"Same lineage, not same strain by SNP","Same lineage, not same strain by SNP","Same lineage, not same strain by SNP",FALSE
90008,T0,90008__T0,24190038401-1,longcycler,/Users/Aamir/Desktop/rUTIs/ont-yellow-routine-fastas/PR0018_barcode96_24190038401-1-longcycler.fasta,492c0cc4dfa52e225f1e5f3e30ed68dda7ac761672e4eb6e67104b45edeaa257,5197016,2025-10-24T09:26:57.509760Z,TRUE,TRUE,131,provider_qc95,131,131,20084,T4,20084__T4,2510C043101-1,longcycler,/Users/Aamir/Desktop/rUTIs/ont-yellow-routine-fastas/PR0048_barcode41_2510C043101-1-longcycler.fasta,743f4118b510c0fa8ea8ed78d636fa642a366bfb9341a944481d30b701f088cb,5411240,2026-05-06T13:21:20.000000Z,TRUE,TRUE,131,provider_qc95,131,131,TRUE,99.9578,1314,/Users/Aamir/Desktop/rUTIs/outputs/nursing_home_candidate_clusters_20260717/direct_pairwise/dnadiff_cache_sha256_v1/90008__T0__vs__20084__T4__b72e77f3524630e731d6076a.report,/Users/Aamir/Desktop/rUTIs/outputs/nursing_home_candidate_clusters_20260717/direct_pairwise/dnadiff_cache_sha256_v1/90008__T0__vs__20084__T4__b72e77f3524630e731d6076a.provenance.json,cf904c2817fb9a0ca488bc2fe4d779c59288c96e644569cc3a12262e6d2763e6,b72e77f3524630e731d6076aaf41ea6ce69193b156e1881927996ecb76197d56,generated,dnadiff | DNAdiff version 1.3,0.00227104,1,75,75,75,0.25,NA,NA,Related,ST + partial concordance,FALSE,Above same-strain SNP threshold,Same ST,"Same lineage, not same strain by SNP","Same lineage, not same strain by SNP","Same lineage, not same strain by SNP",FALSE
20037,T1,20037__T1,24240065901-1,longcycler,/Users/Aamir/Desktop/rUTIs/ont-yellow-routine-fastas/PR0022_barcode13_24240065901-1-longcycler.fasta,5c0c09c1ec6aeef551e6c4ed577cba432e0a10d7c69e3918a28a56250978fe74,5290859,2025-10-24T09:26:57.835793Z,TRUE,TRUE,69,provider_qc95,69,69,20072,T3,20072__T3,2449C049001-1,longcycler,/Users/Aamir/Desktop/rUTIs/ont-yellow-routine-fastas/PR0048_barcode25_2449C049001-1-longcycler.fasta,40ca42b5a1f785a5110e2c1f36f361df08c473a53642eacf649fc3c0680fdffa,5292316,2026-05-06T13:21:10.000000Z,TRUE,TRUE,69,provider_qc95,69,69,TRUE,99.9735,517,/Users/Aamir/Desktop/rUTIs/outputs/nursing_home_candidate_clusters_20260717/direct_pairwise/dnadiff_cache_sha256_v1/20037__T1__vs__20072__T3__069ac6ded26a60122739ecb7.report,/Users/Aamir/Desktop/rUTIs/outputs/nursing_home_candidate_clusters_20260717/direct_pairwise/dnadiff_cache_sha256_v1/20037__T1__vs__20072__T3__069ac6ded26a60122739ecb7.provenance.json,9d4d0f0150e8081eddbeab97ee83db7740cb004a6cc11bbbc2cc6bc6a6d6ce3e,069ac6ded26a60122739ecb72ffabfaa7a9eea2c596423d55a64e431f77641f5,generated,dnadiff | DNAdiff version 1.3,1.43503e-4,1,86,86,86,0.75,NA,NA,Related,ST + partial concordance,FALSE,Above same-strain SNP threshold,Same ST,"Same lineage, not same strain by SNP","Same lineage, not same strain by SNP","Same lineage, not same strain by SNP",FALSE
110009,T1,110009__T1,24340138301-3,longcycler,/Users/Aamir/Desktop/rUTIs/ont-yellow-routine-fastas/PR0010_barcode77_24340138301-3_longcycler.fasta,78f70839c5defc4877fcc647588818816c4befc4aa423fcf9ea75cf5360e782d,5206547,2025-10-24T09:26:58.023296Z,TRUE,TRUE,73,provider_qc95,73,73,71010,T5,71010__T5,2539C117001-1,longcycler,/Users/Aamir/Desktop/rUTIs/ont-yellow-routine-fastas/PR0048_barcode86_2539C117001-1-longcycler.fasta,a11d73b694dcec3a823b91ace37a3ef5b1fb517b9efe3a7d75835a62f628fffd,5366665,2026-05-06T13:21:52.000000Z,TRUE,TRUE,73,provider_qc95,73,73,TRUE,99.9476,1890,/Users/Aamir/Desktop/rUTIs/outputs/nursing_home_candidate_clusters_20260717/direct_pairwise/dnadiff_cache_sha256_v1/110009__T1__vs__71010__T5__ce6a632e86780b7789f504c9.report,/Users/Aamir/Desktop/rUTIs/outputs/nursing_home_candidate_clusters_20260717/direct_pairwise/dnadiff_cache_sha256_v1/110009__T1__vs__71010__T5__ce6a632e86780b7789f504c9.provenance.json,902c1f7788a6c239e69288c8b55a79a37f3414cc2c3d58e979215acde349da54,ce6a632e86780b7789f504c9be9f1c89cb8e4c4e11fd7715d6a8ec6fd8fc0274,generated,dnadiff | DNAdiff version 1.3,0.00149601,1,90,90,90,0,NA,NA,Related,ST + partial concordance,FALSE,Above same-strain SNP threshold,Same ST,"Same lineage, not same strain by SNP","Same lineage, not same strain by SNP","Same lineage, not same strain by SNP",FALSE
110009,T1,110009__T1,24340138301-3,longcycler,/Users/Aamir/Desktop/rUTIs/ont-yellow-routine-fastas/PR0010_barcode77_24340138301-3_longcycler.fasta,78f70839c5defc4877fcc647588818816c4befc4aa423fcf9ea75cf5360e782d,5206547,2025-10-24T09:26:58.023296Z,TRUE,TRUE,73,provider_qc95,73,73,71010,T6,71010__T6,2549C101501-1,longcycler,/Users/Aamir/Desktop/rUTIs/ont-yellow-routine-fastas/PR0049_barcode20_2549C101501-1-longcycler.fasta,0482bd265420ee09b4cb9fc49ce129f1bf32869311fa57ab6b584d9835ab6d68,5316834,2026-05-06T13:22:12.000000Z,TRUE,TRUE,73,provider_qc95,73,73,TRUE,99.9669,1103,/Users/Aamir/Desktop/rUTIs/outputs/nursing_home_candidate_clusters_20260717/direct_pairwise/dnadiff_cache_sha256_v1/110009__T1__vs__71010__T6__2428db75d62036fc3cd57411.report,/Users/Aamir/Desktop/rUTIs/outputs/nursing_home_candidate_clusters_20260717/direct_pairwise/dnadiff_cache_sha256_v1/110009__T1__vs__71010__T6__2428db75d62036fc3cd57411.provenance.json,a6a7ec8376fa87b99eab1aafa98a2d531cb22a92b28047ed22f6ad6d76f9b70b,2428db75d62036fc3cd57411632b5c77b3d7b94f3e52412698606de1bf670656,generated,dnadiff | DNAdiff version 1.3,0.00141786,1,90,90,90,0,NA,NA,Related,ST + partial concordance,FALSE,Above same-strain SNP threshold,Same ST,"Same lineage, not same strain by SNP","Same lineage, not same strain by SNP","Same lineage, not same strain by SNP",FALSE
110009,T3,110009__T3,2508C147501-1,longcycler,/Users/Aamir/Desktop/rUTIs/ont-yellow-routine-fastas/PR0023_barcode19_2508C147501-1-longcycler.fasta,ef6392e3a157aad4aa19e79b3409774ba987b5b7eec83ea2004bc2569b83b9fe,5221230,2025-06-19T08:55:52.000000Z,TRUE,TRUE,73,provider_qc95,73,73,71010,T5,71010__T5,2539C117001-1,longcycler,/Users/Aamir/Desktop/rUTIs/ont-yellow-routine-fastas/PR0048_barcode86_2539C117001-1-longcycler.fasta,a11d73b694dcec3a823b91ace37a3ef5b1fb517b9efe3a7d75835a62f628fffd,5366665,2026-05-06T13:21:52.000000Z,TRUE,TRUE,73,provider_qc95,73,73,TRUE,99.9476,1893,/Users/Aamir/Desktop/rUTIs/outputs/nursing_home_candidate_clusters_20260717/direct_pairwise/dnadiff_cache_sha256_v1/110009__T3__vs__71010__T5__2278964a4eda98dc0611fe35.report,/Users/Aamir/Desktop/rUTIs/outputs/nursing_home_candidate_clusters_20260717/direct_pairwise/dnadiff_cache_sha256_v1/110009__T3__vs__71010__T5__2278964a4eda98dc0611fe35.provenance.json,8c61f0241c4261ffaf5e85aaa65588aa66d4502823f5153c640031e4553500b8,2278964a4eda98dc0611fe35554b5039e2c0f4589527f8b779f7a432b9d5181e,generated,dnadiff | DNAdiff version 1.3,0.00149601,1,90,90,90,0,NA,NA,Related,ST + partial concordance,FALSE,Above same-strain SNP threshold,Same ST,"Same lineage, not same strain by SNP","Same lineage, not same strain by SNP","Same lineage, not same strain by SNP",FALSE
110009,T3,110009__T3,2508C147501-1,longcycler,/Users/Aamir/Desktop/rUTIs/ont-yellow-routine-fastas/PR0023_barcode19_2508C147501-1-longcycler.fasta,ef6392e3a157aad4aa19e79b3409774ba987b5b7eec83ea2004bc2569b83b9fe,5221230,2025-06-19T08:55:52.000000Z,TRUE,TRUE,73,provider_qc95,73,73,71010,T6,71010__T6,2549C101501-1,longcycler,/Users/Aamir/Desktop/rUTIs/ont-yellow-routine-fastas/PR0049_barcode20_2549C101501-1-longcycler.fasta,0482bd265420ee09b4cb9fc49ce129f1bf32869311fa57ab6b584d9835ab6d68,5316834,2026-05-06T13:22:12.000000Z,TRUE,TRUE,73,provider_qc95,73,73,TRUE,99.9669,1106,/Users/Aamir/Desktop/rUTIs/outputs/nursing_home_candidate_clusters_20260717/direct_pairwise/dnadiff_cache_sha256_v1/110009__T3__vs__71010__T6__06e3828832aa29204acd762c.report,/Users/Aamir/Desktop/rUTIs/outputs/nursing_home_candidate_clusters_20260717/direct_pairwise/dnadiff_cache_sha256_v1/110009__T3__vs__71010__T6__06e3828832aa29204acd762c.provenance.json,fffe929b1773de80a551c9c4c003b7a6214df294cd4f1d4a033e83510171810b,06e3828832aa29204acd762c58301532caeff4e13cd26988c926163c246f46f7,generated,dnadiff | DNAdiff version 1.3,0.00141786,1,90,90,90,0,NA,NA,Related,ST + partial concordance,FALSE,Above same-strain SNP threshold,Same ST,"Same lineage, not same strain by SNP","Same lineage, not same strain by SNP","Same lineage, not same strain by SNP",FALSE
20028,T4,20028__T4,2510C041401-1,longcycler,/Users/Aamir/Desktop/rUTIs/ont-yellow-routine-fastas/PR0042_barcode42_2510C041401-longcycler.fasta,55ba62cb7f7f881e40fdfe13d45163e231cb503918326995cfbc34bb457a8fd3,5229287,2026-05-06T13:20:24.000000Z,TRUE,TRUE,73,provider_qc95,73,73,70006,T4,70006__T4,2526C094701-3,longcycler,/Users/Aamir/Desktop/rUTIs/ont-yellow-routine-fastas/PR0042_barcode55_2526C094701-longcycler.fasta,6c97b500912549756b8555b42de092dc1a3f4dc762218c584d2c0528f967c328,5178569,2026-05-06T13:20:30.000000Z,TRUE,TRUE,73,provider_qc95,73,73,TRUE,99.9863,298,/Users/Aamir/Desktop/rUTIs/outputs/nursing_home_candidate_clusters_20260717/direct_pairwise/dnadiff_cache_sha256_v1/20028__T4__vs__70006__T4__dee5d0c08eccf205fc5b5f51.report,/Users/Aamir/Desktop/rUTIs/outputs/nursing_home_candidate_clusters_20260717/direct_pairwise/dnadiff_cache_sha256_v1/20028__T4__vs__70006__T4__dee5d0c08eccf205fc5b5f51.provenance.json,baa911c69cfa85b626b653694dc711cf3e4baf9f5c1f103d2f322086e086300f,dee5d0c08eccf205fc5b5f5119b5219478ee0dc216454f5697eac58287e3402a,generated,dnadiff | DNAdiff version 1.3,0.0010072,1,86,86,86,0,NA,NA,Related,ST + partial concordance,FALSE,Above same-strain SNP threshold,Same ST,"Same lineage, not same strain by SNP","Same lineage, not same strain by SNP","Same lineage, not same strain by SNP",FALSE
20040,T1,20040__T1,24240068601-1,longcycler,/Users/Aamir/Desktop/rUTIs/ont-yellow-routine-fastas/PR0010_barcode47_24240068601-1_longcycler.fasta,85163c754c1178a445bbed5f7d22433b6fd0143010738de4b003774f5605cb82,5313171,2025-10-24T09:26:57.263136Z,TRUE,TRUE,73,provider_qc95,73,73,70006,T4,70006__T4,2526C094701-3,longcycler,/Users/Aamir/Desktop/rUTIs/ont-yellow-routine-fastas/PR0042_barcode55_2526C094701-longcycler.fasta,6c97b500912549756b8555b42de092dc1a3f4dc762218c584d2c0528f967c328,5178569,2026-05-06T13:20:30.000000Z,TRUE,TRUE,73,provider_qc95,73,73,TRUE,99.986,310,/Users/Aamir/Desktop/rUTIs/outputs/nursing_home_candidate_clusters_20260717/direct_pairwise/dnadiff_cache_sha256_v1/20040__T1__vs__70006__T4__c14f0a0281bd1d5eb3a0c424.report,/Users/Aamir/Desktop/rUTIs/outputs/nursing_home_candidate_clusters_20260717/direct_pairwise/dnadiff_cache_sha256_v1/20040__T1__vs__70006__T4__c14f0a0281bd1d5eb3a0c424.provenance.json,26864c89707e2de88a36cbaa16808c34dc92fa08a4249b2bd5358e958e314756,c14f0a0281bd1d5eb3a0c4243052c4d01a9afbb83aa1e45b1ceb51effe83a436,generated,dnadiff | DNAdiff version 1.3,9.31334e-4,1,86,86,86,0,NA,NA,Related,ST + partial concordance,FALSE,Above same-strain SNP threshold,Same ST,"Same lineage, not same strain by SNP","Same lineage, not same strain by SNP","Same lineage, not same strain by SNP",FALSE
100064,T0,100064__T0,24150194901-1,longcycler,/Users/Aamir/Desktop/rUTIs/ont-yellow-routine-fastas/PR0010_barcode38_24150194901-1_longcycler.fasta,cb162a3f3913deffca2c47534bca91fe8e83635b82704197bd94aadf900c8c35,5253901,2025-10-24T09:26:58.368135Z,TRUE,TRUE,131,provider_qc95,131,131,140029,T0,140029__T0,24230068201-2,longcycler,/Users/Aamir/Desktop/rUTIs/ont-yellow-routine-fastas/PR0023_barcode14_24230068201-2-longcycler.fasta,9aa9873ccab3d49cd89f6972fc453fa95e1a416253df5323e3bfd059d1db94e4,5269502,2025-06-19T08:55:50.000000Z,TRUE,TRUE,131,provider_qc95,131,131,TRUE,99.9379,2409,/Users/Aamir/Desktop/rUTIs/outputs/nursing_home_candidate_clusters_20260717/direct_pairwise/dnadiff_cache_sha256_v1/100064__T0__vs__140029__T0__455427b2d7324488ca7a5765.report,/Users/Aamir/Desktop/rUTIs/outputs/nursing_home_candidate_clusters_20260717/direct_pairwise/dnadiff_cache_sha256_v1/100064__T0__vs__140029__T0__455427b2d7324488ca7a5765.provenance.json,5044bf9350925c146c288b6fb32d3c65291b8057064cdccf7017e1de7332bee6,455427b2d7324488ca7a576577c664c65c6df81eb81510d417f375982e59df69,generated,dnadiff | DNAdiff version 1.3,0.00175922,1,75,75,75,0.3333333333333333,NA,NA,Related,ST + partial concordance,FALSE,Above same-strain SNP threshold,Same ST,"Same lineage, not same strain by SNP","Same lineage, not same strain by SNP","Same lineage, not same strain by SNP",FALSE
100064,T1,100064__T1,24270071701-1,longcycler,/Users/Aamir/Desktop/rUTIs/ont-yellow-routine-fastas/PR0010_barcode76_24270071701-1_longcycler.fasta,6bb8154a894150d6760deb48c391bc7229b15a1fe84bdba846790dbe73a7c4f5,5200358,2025-10-24T09:26:57.394253Z,TRUE,TRUE,131,provider_qc95,131,131,140029,T0,140029__T0,24230068201-2,longcycler,/Users/Aamir/Desktop/rUTIs/ont-yellow-routine-fastas/PR0023_barcode14_24230068201-2-longcycler.fasta,9aa9873ccab3d49cd89f6972fc453fa95e1a416253df5323e3bfd059d1db94e4,5269502,2025-06-19T08:55:50.000000Z,TRUE,TRUE,131,provider_qc95,131,131,TRUE,99.9407,2375,/Users/Aamir/Desktop/rUTIs/outputs/nursing_home_candidate_clusters_20260717/direct_pairwise/dnadiff_cache_sha256_v1/100064__T1__vs__140029__T0__4f169d554651557a5e39685e.report,/Users/Aamir/Desktop/rUTIs/outputs/nursing_home_candidate_clusters_20260717/direct_pairwise/dnadiff_cache_sha256_v1/100064__T1__vs__140029__T0__4f169d554651557a5e39685e.provenance.json,9ffde52411ebf39f43797c2fd2b30243cf3c3ff8cc912d9f774b2228728843a0,4f169d554651557a5e39685e199627250462db3861f4f985611acf85b4a6618a,generated,dnadiff | DNAdiff version 1.3,0.00173271,1,75,75,75,0.3333333333333333,NA,NA,Related,ST + partial concordance,FALSE,Above same-strain SNP threshold,Same ST,"Same lineage, not same strain by SNP","Same lineage, not same strain by SNP","Same lineage, not same strain by SNP",FALSE
100064,T3,100064__T3,2502C122301-1,longcycler,/Users/Aamir/Desktop/rUTIs/ont-yellow-routine-fastas/PR0023_barcode11_2502C122301-1-longcycler.fasta,d84eb43aa15b9d082f9fc267d3b130cdf67fe958f85250f9f6d7eb3716eeb4e3,5248876,2025-06-19T08:55:49.000000Z,TRUE,TRUE,131,provider_qc95,131,131,140029,T0,140029__T0,24230068201-2,longcycler,/Users/Aamir/Desktop/rUTIs/ont-yellow-routine-fastas/PR0023_barcode14_24230068201-2-longcycler.fasta,9aa9873ccab3d49cd89f6972fc453fa95e1a416253df5323e3bfd059d1db94e4,5269502,2025-06-19T08:55:50.000000Z,TRUE,TRUE,131,provider_qc95,131,131,TRUE,99.9411,2380,/Users/Aamir/Desktop/rUTIs/outputs/nursing_home_candidate_clusters_20260717/direct_pairwise/dnadiff_cache_sha256_v1/100064__T3__vs__140029__T0__2099d374791d5d8d2f6b602e.report,/Users/Aamir/Desktop/rUTIs/outputs/nursing_home_candidate_clusters_20260717/direct_pairwise/dnadiff_cache_sha256_v1/100064__T3__vs__140029__T0__2099d374791d5d8d2f6b602e.provenance.json,d3fd77b7378adc75f6108792d340436522b7e7cb1d7e6bf96819023fb587f6b9,2099d374791d5d8d2f6b602e794912ba974a74913040f88921f9d846c8b0a70e,generated,dnadiff | DNAdiff version 1.3,0.00173271,1,75,75,75,0.3333333333333333,NA,NA,Related,ST + partial concordance,FALSE,Above same-strain SNP threshold,Same ST,"Same lineage, not same strain by SNP","Same lineage, not same strain by SNP","Same lineage, not same strain by SNP",FALSE
140029,T0,140029__T0,24230068201-2,longcycler,/Users/Aamir/Desktop/rUTIs/ont-yellow-routine-fastas/PR0023_barcode14_24230068201-2-longcycler.fasta,9aa9873ccab3d49cd89f6972fc453fa95e1a416253df5323e3bfd059d1db94e4,5269502,2025-06-19T08:55:50.000000Z,TRUE,TRUE,131,provider_qc95,131,131,100064,T2,100064__T2,2440C043601-1,longcycler,/Users/Aamir/Desktop/rUTIs/ont-yellow-routine-fastas/PR0023_barcode43_2440C043601-1-longcycler.fasta,82a939de748264d9c8d0c94a35f8a1c68d3662dc35967713e6d09066d91a2c4a,5294313,2025-06-19T08:56:03.000000Z,TRUE,TRUE,131,provider_qc95,131,131,TRUE,99.9358,2409,/Users/Aamir/Desktop/rUTIs/outputs/nursing_home_candidate_clusters_20260717/direct_pairwise/dnadiff_cache_sha256_v1/140029__T0__vs__100064__T2__3268a551f36891657ee06699.report,/Users/Aamir/Desktop/rUTIs/outputs/nursing_home_candidate_clusters_20260717/direct_pairwise/dnadiff_cache_sha256_v1/140029__T0__vs__100064__T2__3268a551f36891657ee06699.provenance.json,04442c597d3b3794290a46f3fe2e583ca497d2779c5671aa31a53bfb7f85bc5b,3268a551f36891657ee06699101b82949d3ca952ddc72ed3d916d3ea74521685,generated,dnadiff | DNAdiff version 1.3,0.00202665,1,75,75,75,0.25,NA,NA,Related,ST + partial concordance,FALSE,Above same-strain SNP threshold,Same ST,"Same lineage, not same strain by SNP","Same lineage, not same strain by SNP","Same lineage, not same strain by SNP",FALSE
100064,T0,100064__T0,24150194901-1,longcycler,/Users/Aamir/Desktop/rUTIs/ont-yellow-routine-fastas/PR0010_barcode38_24150194901-1_longcycler.fasta,cb162a3f3913deffca2c47534bca91fe8e83635b82704197bd94aadf900c8c35,5253901,2025-10-24T09:26:58.368135Z,TRUE,TRUE,131,provider_qc95,131,131,20084,T4,20084__T4,2510C043101-1,longcycler,/Users/Aamir/Desktop/rUTIs/ont-yellow-routine-fastas/PR0048_barcode41_2510C043101-1-longcycler.fasta,743f4118b510c0fa8ea8ed78d636fa642a366bfb9341a944481d30b701f088cb,5411240,2026-05-06T13:21:20.000000Z,TRUE,TRUE,131,provider_qc95,131,131,TRUE,99.9382,2373,/Users/Aamir/Desktop/rUTIs/outputs/nursing_home_candidate_clusters_20260717/direct_pairwise/dnadiff_cache_sha256_v1/100064__T0__vs__20084__T4__a69bbad52e965dfd73a007de.report,/Users/Aamir/Desktop/rUTIs/outputs/nursing_home_candidate_clusters_20260717/direct_pairwise/dnadiff_cache_sha256_v1/100064__T0__vs__20084__T4__a69bbad52e965dfd73a007de.provenance.json,7ee262e861f2546e6fd9071d485acd15da21cf5da039462e55df1d762d81e9fe,a69bbad52e965dfd73a007de2d8d7b21ed73a1c775b40c591b7dc67242bee011,generated,dnadiff | DNAdiff version 1.3,0.00162709,1,75,75,75,0.3333333333333333,NA,NA,Related,ST + partial concordance,FALSE,Above same-strain SNP threshold,Same ST,"Same lineage, not same strain by SNP","Same lineage, not same strain by SNP","Same lineage, not same strain by SNP",FALSE
100064,T1,100064__T1,24270071701-1,longcycler,/Users/Aamir/Desktop/rUTIs/ont-yellow-routine-fastas/PR0010_barcode76_24270071701-1_longcycler.fasta,6bb8154a894150d6760deb48c391bc7229b15a1fe84bdba846790dbe73a7c4f5,5200358,2025-10-24T09:26:57.394253Z,TRUE,TRUE,131,provider_qc95,131,131,20084,T4,20084__T4,2510C043101-1,longcycler,/Users/Aamir/Desktop/rUTIs/ont-yellow-routine-fastas/PR0048_barcode41_2510C043101-1-longcycler.fasta,743f4118b510c0fa8ea8ed78d636fa642a366bfb9341a944481d30b701f088cb,5411240,2026-05-06T13:21:20.000000Z,TRUE,TRUE,131,provider_qc95,131,131,TRUE,99.9392,2348,/Users/Aamir/Desktop/rUTIs/outputs/nursing_home_candidate_clusters_20260717/direct_pairwise/dnadiff_cache_sha256_v1/100064__T1__vs__20084__T4__7898ab49ded0a4bdef46d997.report,/Users/Aamir/Desktop/rUTIs/outputs/nursing_home_candidate_clusters_20260717/direct_pairwise/dnadiff_cache_sha256_v1/100064__T1__vs__20084__T4__7898ab49ded0a4bdef46d997.provenance.json,5dccd66e06c8e2616f2a117033d52396e5a6a31b70b1248c6e7b9570984f2478,7898ab49ded0a4bdef46d997f52e98ae983aaacf8ee2682817f0bebc2e5dab28,generated,dnadiff | DNAdiff version 1.3,0.00160079,1,75,75,75,0.3333333333333333,NA,NA,Related,ST + partial concordance,FALSE,Above same-strain SNP threshold,Same ST,"Same lineage, not same strain by SNP","Same lineage, not same strain by SNP","Same lineage, not same strain by SNP",FALSE
100064,T2,100064__T2,2440C043601-1,longcycler,/Users/Aamir/Desktop/rUTIs/ont-yellow-routine-fastas/PR0023_barcode43_2440C043601-1-longcycler.fasta,82a939de748264d9c8d0c94a35f8a1c68d3662dc35967713e6d09066d91a2c4a,5294313,2025-06-19T08:56:03.000000Z,TRUE,TRUE,131,provider_qc95,131,131,20084,T4,20084__T4,2510C043101-1,longcycler,/Users/Aamir/Desktop/rUTIs/ont-yellow-routine-fastas/PR0048_barcode41_2510C043101-1-longcycler.fasta,743f4118b510c0fa8ea8ed78d636fa642a366bfb9341a944481d30b701f088cb,5411240,2026-05-06T13:21:20.000000Z,TRUE,TRUE,131,provider_qc95,131,131,TRUE,99.9368,2387,/Users/Aamir/Desktop/rUTIs/outputs/nursing_home_candidate_clusters_20260717/direct_pairwise/dnadiff_cache_sha256_v1/100064__T2__vs__20084__T4__10ce1d17bd41e487248b0207.report,/Users/Aamir/Desktop/rUTIs/outputs/nursing_home_candidate_clusters_20260717/direct_pairwise/dnadiff_cache_sha256_v1/100064__T2__vs__20084__T4__10ce1d17bd41e487248b0207.provenance.json,e595a3b7af633379d183668998a0a449922e3a03b1d54fcad98f6bb39de35fe0,10ce1d17bd41e487248b02079033b047cb346cb6b9c7bc3f67273241a7b30cc7,generated,dnadiff | DNAdiff version 1.3,0.0018924,1,75,75,75,0.25,NA,NA,Related,ST + partial concordance,FALSE,Above same-strain SNP threshold,Same ST,"Same lineage, not same strain by SNP","Same lineage, not same strain by SNP","Same lineage, not same strain by SNP",FALSE
100064,T3,100064__T3,2502C122301-1,longcycler,/Users/Aamir/Desktop/rUTIs/ont-yellow-routine-fastas/PR0023_barcode11_2502C122301-1-longcycler.fasta,d84eb43aa15b9d082f9fc267d3b130cdf67fe958f85250f9f6d7eb3716eeb4e3,5248876,2025-06-19T08:55:49.000000Z,TRUE,TRUE,131,provider_qc95,131,131,20084,T4,20084__T4,2510C043101-1,longcycler,/Users/Aamir/Desktop/rUTIs/ont-yellow-routine-fastas/PR0048_barcode41_2510C043101-1-longcycler.fasta,743f4118b510c0fa8ea8ed78d636fa642a366bfb9341a944481d30b701f088cb,5411240,2026-05-06T13:21:20.000000Z,TRUE,TRUE,131,provider_qc95,131,131,TRUE,99.9405,2353,/Users/Aamir/Desktop/rUTIs/outputs/nursing_home_candidate_clusters_20260717/direct_pairwise/dnadiff_cache_sha256_v1/100064__T3__vs__20084__T4__1225e28a6a013c4cc2f024f6.report,/Users/Aamir/Desktop/rUTIs/outputs/nursing_home_candidate_clusters_20260717/direct_pairwise/dnadiff_cache_sha256_v1/100064__T3__vs__20084__T4__1225e28a6a013c4cc2f024f6.provenance.json,6f682d4f4b9236a3c7f150826c0c4aa711d3cdd0512a319704c66bb2f6375697,1225e28a6a013c4cc2f024f6142e49a7794c551391eca490477d98577c532ca7,generated,dnadiff | DNAdiff version 1.3,0.00160079,1,75,75,75,0.3333333333333333,NA,NA,Related,ST + partial concordance,FALSE,Above same-strain SNP threshold,Same ST,"Same lineage, not same strain by SNP","Same lineage, not same strain by SNP","Same lineage, not same strain by SNP",FALSE
140029,T0,140029__T0,24230068201-2,longcycler,/Users/Aamir/Desktop/rUTIs/ont-yellow-routine-fastas/PR0023_barcode14_24230068201-2-longcycler.fasta,9aa9873ccab3d49cd89f6972fc453fa95e1a416253df5323e3bfd059d1db94e4,5269502,2025-06-19T08:55:50.000000Z,TRUE,TRUE,131,provider_qc95,131,131,110035,T2,110035__T2,2447C149401-1,longcycler,/Users/Aamir/Desktop/rUTIs/ont-yellow-routine-fastas/PR0024_barcode69_2447C149401-1-longcycler.fasta,92da8c55cc3912afdf49475c575f50e3952a984a7760908d2e23b7d3bd8f9205,5380840,2026-05-06T13:19:40.000000Z,TRUE,TRUE,131,provider_qc95,131,131,TRUE,99.9255,2974,/Users/Aamir/Desktop/rUTIs/outputs/nursing_home_candidate_clusters_20260717/direct_pairwise/dnadiff_cache_sha256_v1/140029__T0__vs__110035__T2__1dd8af3285ada75a968d4b39.report,/Users/Aamir/Desktop/rUTIs/outputs/nursing_home_candidate_clusters_20260717/direct_pairwise/dnadiff_cache_sha256_v1/140029__T0__vs__110035__T2__1dd8af3285ada75a968d4b39.provenance.json,4a30bce4c7aca78b63c088bf717dd1f544c3db50babf02bd876aa4a8c1f4446b,1dd8af3285ada75a968d4b39ccd002ffaf0af3540133d903d53d46f40496feed,generated,dnadiff | DNAdiff version 1.3,0.00238081,1,75,75,75,0,NA,NA,Related,ST + partial concordance,FALSE,Above same-strain SNP threshold,Same ST,"Same lineage, not same strain by SNP","Same lineage, not same strain by SNP","Same lineage, not same strain by SNP",FALSE
140029,T0,140029__T0,24230068201-2,longcycler,/Users/Aamir/Desktop/rUTIs/ont-yellow-routine-fastas/PR0023_barcode14_24230068201-2-longcycler.fasta,9aa9873ccab3d49cd89f6972fc453fa95e1a416253df5323e3bfd059d1db94e4,5269502,2025-06-19T08:55:50.000000Z,TRUE,TRUE,131,provider_qc95,131,131,110035,T3,110035__T3,2508C147001-1,longcycler,/Users/Aamir/Desktop/rUTIs/ont-yellow-routine-fastas/PR0024_barcode47_2508C147001-1-longcycler.fasta,1cfbf903511c721a8677830e5497a758cc9d75e84db8d22cce669a06fad719cb,5529019,2026-05-06T13:19:26.000000Z,TRUE,TRUE,131,provider_qc95,131,131,TRUE,99.942,2307,/Users/Aamir/Desktop/rUTIs/outputs/nursing_home_candidate_clusters_20260717/direct_pairwise/dnadiff_cache_sha256_v1/140029__T0__vs__110035__T3__082ae07cea37c97179ebe4d9.report,/Users/Aamir/Desktop/rUTIs/outputs/nursing_home_candidate_clusters_20260717/direct_pairwise/dnadiff_cache_sha256_v1/140029__T0__vs__110035__T3__082ae07cea37c97179ebe4d9.provenance.json,6c91dc493376de05bbe82b3309d7ec47242e7a6a631a246a668bf34770a1d981,082ae07cea37c97179ebe4d92d9b7aa9610a284ea4ed51b5ba18a7b5c97c3d36,generated,dnadiff | DNAdiff version 1.3,0.0023533,1,75,75,75,0.6666666666666666,NA,NA,Related,ST + partial concordance,FALSE,Above same-strain SNP threshold,Same ST,"Same lineage, not same strain by SNP","Same lineage, not same strain by SNP","Same lineage, not same strain by SNP",FALSE
140029,T0,140029__T0,24230068201-2,longcycler,/Users/Aamir/Desktop/rUTIs/ont-yellow-routine-fastas/PR0023_barcode14_24230068201-2-longcycler.fasta,9aa9873ccab3d49cd89f6972fc453fa95e1a416253df5323e3bfd059d1db94e4,5269502,2025-06-19T08:55:50.000000Z,TRUE,TRUE,131,provider_qc95,131,131,110035,T4,110035__T4,2521C147301-1,longcycler,/Users/Aamir/Desktop/rUTIs/ont-yellow-routine-fastas/PR0042_barcode17_2521C147301-longcycler.fasta,7c58ce5cd1dc318c07add62565a4f5af29b7b1cebdbe4d90155958de8422cb06,5533053,2026-05-06T13:20:04.000000Z,TRUE,TRUE,131,provider_qc95,131,131,TRUE,99.941,2308,/Users/Aamir/Desktop/rUTIs/outputs/nursing_home_candidate_clusters_20260717/direct_pairwise/dnadiff_cache_sha256_v1/140029__T0__vs__110035__T4__a4cb1ca01fc40dcdc0198b92.report,/Users/Aamir/Desktop/rUTIs/outputs/nursing_home_candidate_clusters_20260717/direct_pairwise/dnadiff_cache_sha256_v1/140029__T0__vs__110035__T4__a4cb1ca01fc40dcdc0198b92.provenance.json,f96dfec94bc1b29ac52e3e84226a9e1ffd7661d69e44e55b17c78b1ef496be39,a4cb1ca01fc40dcdc0198b9273d46d49d28e8741382c611989da3cc122992a26,generated,dnadiff | DNAdiff version 1.3,0.0023533,1,75,75,75,0.6666666666666666,NA,NA,Related,ST + partial concordance,FALSE,Above same-strain SNP threshold,Same ST,"Same lineage, not same strain by SNP","Same lineage, not same strain by SNP","Same lineage, not same strain by SNP",FALSE
110035,T2,110035__T2,2447C149401-1,longcycler,/Users/Aamir/Desktop/rUTIs/ont-yellow-routine-fastas/PR0024_barcode69_2447C149401-1-longcycler.fasta,92da8c55cc3912afdf49475c575f50e3952a984a7760908d2e23b7d3bd8f9205,5380840,2026-05-06T13:19:40.000000Z,TRUE,TRUE,131,provider_qc95,131,131,20084,T4,20084__T4,2510C043101-1,longcycler,/Users/Aamir/Desktop/rUTIs/ont-yellow-routine-fastas/PR0048_barcode41_2510C043101-1-longcycler.fasta,743f4118b510c0fa8ea8ed78d636fa642a366bfb9341a944481d30b701f088cb,5411240,2026-05-06T13:21:20.000000Z,TRUE,TRUE,131,provider_qc95,131,131,TRUE,99.923,2961,/Users/Aamir/Desktop/rUTIs/outputs/nursing_home_candidate_clusters_20260717/direct_pairwise/dnadiff_cache_sha256_v1/110035__T2__vs__20084__T4__8045a3d6f8c04cc0a5623af8.report,/Users/Aamir/Desktop/rUTIs/outputs/nursing_home_candidate_clusters_20260717/direct_pairwise/dnadiff_cache_sha256_v1/110035__T2__vs__20084__T4__8045a3d6f8c04cc0a5623af8.provenance.json,bbc00b09c6ed73d19a641a6c7de538c609f5fc2d2476002e378095be6910c5df,8045a3d6f8c04cc0a5623af827533ff4b6e4e73d169119289eb7e13a7af36629,generated,dnadiff | DNAdiff version 1.3,0.00224371,1,75,75,75,0,NA,NA,Related,ST + partial concordance,FALSE,Above same-strain SNP threshold,Same ST,"Same lineage, not same strain by SNP","Same lineage, not same strain by SNP","Same lineage, not same strain by SNP",FALSE
110035,T3,110035__T3,2508C147001-1,longcycler,/Users/Aamir/Desktop/rUTIs/ont-yellow-routine-fastas/PR0024_barcode47_2508C147001-1-longcycler.fasta,1cfbf903511c721a8677830e5497a758cc9d75e84db8d22cce669a06fad719cb,5529019,2026-05-06T13:19:26.000000Z,TRUE,TRUE,131,provider_qc95,131,131,20084,T4,20084__T4,2510C043101-1,longcycler,/Users/Aamir/Desktop/rUTIs/ont-yellow-routine-fastas/PR0048_barcode41_2510C043101-1-longcycler.fasta,743f4118b510c0fa8ea8ed78d636fa642a366bfb9341a944481d30b701f088cb,5411240,2026-05-06T13:21:20.000000Z,TRUE,TRUE,131,provider_qc95,131,131,TRUE,99.9404,2291,/Users/Aamir/Desktop/rUTIs/outputs/nursing_home_candidate_clusters_20260717/direct_pairwise/dnadiff_cache_sha256_v1/110035__T3__vs__20084__T4__fa29ba69e075fc5b6bbc22f9.report,/Users/Aamir/Desktop/rUTIs/outputs/nursing_home_candidate_clusters_20260717/direct_pairwise/dnadiff_cache_sha256_v1/110035__T3__vs__20084__T4__fa29ba69e075fc5b6bbc22f9.provenance.json,384de6d31bbd509b5f9868688c6d78682257e58b55f1afe7afea0df52f72ece7,fa29ba69e075fc5b6bbc22f9ba4d444fb899f6b529330f51a7fb1d371c8902a4,generated,dnadiff | DNAdiff version 1.3,0.00221642,1,75,75,75,0.6666666666666666,NA,NA,Related,ST + partial concordance,FALSE,Above same-strain SNP threshold,Same ST,"Same lineage, not same strain by SNP","Same lineage, not same strain by SNP","Same lineage, not same strain by SNP",FALSE
110035,T4,110035__T4,2521C147301-1,longcycler,/Users/Aamir/Desktop/rUTIs/ont-yellow-routine-fastas/PR0042_barcode17_2521C147301-longcycler.fasta,7c58ce5cd1dc318c07add62565a4f5af29b7b1cebdbe4d90155958de8422cb06,5533053,2026-05-06T13:20:04.000000Z,TRUE,TRUE,131,provider_qc95,131,131,20084,T4,20084__T4,2510C043101-1,longcycler,/Users/Aamir/Desktop/rUTIs/ont-yellow-routine-fastas/PR0048_barcode41_2510C043101-1-longcycler.fasta,743f4118b510c0fa8ea8ed78d636fa642a366bfb9341a944481d30b701f088cb,5411240,2026-05-06T13:21:20.000000Z,TRUE,TRUE,131,provider_qc95,131,131,TRUE,99.94,2287,/Users/Aamir/Desktop/rUTIs/outputs/nursing_home_candidate_clusters_20260717/direct_pairwise/dnadiff_cache_sha256_v1/110035__T4__vs__20084__T4__2ae931f1de7a2b3eb6a0b009.report,/Users/Aamir/Desktop/rUTIs/outputs/nursing_home_candidate_clusters_20260717/direct_pairwise/dnadiff_cache_sha256_v1/110035__T4__vs__20084__T4__2ae931f1de7a2b3eb6a0b009.provenance.json,d74b17e09a046c84d0ffb0cc147bed7210fbbff72fe578642099299a6ebd49c8,2ae931f1de7a2b3eb6a0b00931420705f33d500ffce00679e14aa66696565a72,generated,dnadiff | DNAdiff version 1.3,0.00221642,1,75,75,75,0.6666666666666666,NA,NA,Related,ST + partial concordance,FALSE,Above same-strain SNP threshold,Same ST,"Same lineage, not same strain by SNP","Same lineage, not same strain by SNP","Same lineage, not same strain by SNP",FALSE
111019,T1,111019__T1,24340104001-1,longcycler,/Users/Aamir/Desktop/rUTIs/ont-yellow-routine-fastas/PR0018_barcode57_24340104001-1-longcycler.fasta,960e70fe3fb8f958c37f9a9173b29ae399827e93ae9a65aaf155edac7b583587,4973243,2025-10-24T09:26:58.710363Z,TRUE,TRUE,357,provider_qc95,357,357,110034,T3,110034__T3,2508C143701-1,longcycler,/Users/Aamir/Desktop/rUTIs/ont-yellow-routine-fastas/PR0024_barcode45_2508C143701-1-longcycler.fasta,df3c010cb100dc8388ae8778b4e367c875fc666ce15c934afac97f0a649bff3a,4790284,2026-05-06T13:19:26.000000Z,TRUE,TRUE,357,provider_qc95,357,357,TRUE,99.9721,837,/Users/Aamir/Desktop/rUTIs/outputs/nursing_home_candidate_clusters_20260717/direct_pairwise/dnadiff_cache_sha256_v1/111019__T1__vs__110034__T3__eac2d1060bc64103ef328739.report,/Users/Aamir/Desktop/rUTIs/outputs/nursing_home_candidate_clusters_20260717/direct_pairwise/dnadiff_cache_sha256_v1/111019__T1__vs__110034__T3__eac2d1060bc64103ef328739.provenance.json,ae6c0955e21af1ddef98e30de7e79dda5da9e97f307401bbacafc5f597d51777,eac2d1060bc64103ef32873910fd708a6b0f9e0188bac9eca17f8dd00d071546,generated,dnadiff | DNAdiff version 1.3,0.00162709,1,73,73,73,0,NA,NA,Related,ST + partial concordance,FALSE,Above same-strain SNP threshold,Same ST,"Same lineage, not same strain by SNP","Same lineage, not same strain by SNP","Same lineage, not same strain by SNP",FALSE
111019,T1,111019__T1,24340104001-1,longcycler,/Users/Aamir/Desktop/rUTIs/ont-yellow-routine-fastas/PR0018_barcode57_24340104001-1-longcycler.fasta,960e70fe3fb8f958c37f9a9173b29ae399827e93ae9a65aaf155edac7b583587,4973243,2025-10-24T09:26:58.710363Z,TRUE,TRUE,357,provider_qc95,357,357,110034,T4,110034__T4,2521C148301-1,longcycler,/Users/Aamir/Desktop/rUTIs/ont-yellow-routine-fastas/PR0042_barcode16_2521C148301-longcycler.fasta,de9691d0693d6eb0261f934027958ad323481a7a4c699e3ced5fce1874eb4ccc,4790308,2026-05-06T13:20:04.000000Z,TRUE,TRUE,357,provider_qc95,357,357,TRUE,99.9712,835,/Users/Aamir/Desktop/rUTIs/outputs/nursing_home_candidate_clusters_20260717/direct_pairwise/dnadiff_cache_sha256_v1/111019__T1__vs__110034__T4__2e6b2cfa3933f76781fa9927.report,/Users/Aamir/Desktop/rUTIs/outputs/nursing_home_candidate_clusters_20260717/direct_pairwise/dnadiff_cache_sha256_v1/111019__T1__vs__110034__T4__2e6b2cfa3933f76781fa9927.provenance.json,d9729a505b76b9c8b72bb73d726ba196090c469eac6c1a410a70bfdfd5463750,2e6b2cfa3933f76781fa9927a90f81ee17119c7b1856d86c71478b9a3a205d30,generated,dnadiff | DNAdiff version 1.3,0.00162709,1,73,73,73,0,NA,NA,Related,ST + partial concordance,FALSE,Above same-strain SNP threshold,Same ST,"Same lineage, not same strain by SNP","Same lineage, not same strain by SNP","Same lineage, not same strain by SNP",FALSE
111019,T1,111019__T1,24340104001-1,longcycler,/Users/Aamir/Desktop/rUTIs/ont-yellow-routine-fastas/PR0018_barcode57_24340104001-1-longcycler.fasta,960e70fe3fb8f958c37f9a9173b29ae399827e93ae9a65aaf155edac7b583587,4973243,2025-10-24T09:26:58.710363Z,TRUE,TRUE,357,provider_qc95,357,357,110034,T5,110034__T5,2534C156301-1,longcycler,/Users/Aamir/Desktop/rUTIs/ont-yellow-routine-fastas/PR0048_barcode71_2534C156301-1-longcycler.fasta,04304212bdc65ef66cc5ed5648e2fc188e20ef9cf34622e0fc1420e437b67dc1,4790300,2026-05-06T13:21:42.000000Z,TRUE,TRUE,357,provider_qc95,357,357,TRUE,99.9712,838,/Users/Aamir/Desktop/rUTIs/outputs/nursing_home_candidate_clusters_20260717/direct_pairwise/dnadiff_cache_sha256_v1/111019__T1__vs__110034__T5__699c81bed89592aa474b4703.report,/Users/Aamir/Desktop/rUTIs/outputs/nursing_home_candidate_clusters_20260717/direct_pairwise/dnadiff_cache_sha256_v1/111019__T1__vs__110034__T5__699c81bed89592aa474b4703.provenance.json,bb56d17ccaee263e52837c4c3a499d41d94861bdf2f86eb62d9ce813cb7a800e,699c81bed89592aa474b47037e25e92d44a27a72a7455eabaf82c3179e6a8552,generated,dnadiff | DNAdiff version 1.3,0.00162709,1,73,73,73,0,NA,NA,Related,ST + partial concordance,FALSE,Above same-strain SNP threshold,Same ST,"Same lineage, not same strain by SNP","Same lineage, not same strain by SNP","Same lineage, not same strain by SNP",FALSE
111019,T1,111019__T1,24340104001-1,longcycler,/Users/Aamir/Desktop/rUTIs/ont-yellow-routine-fastas/PR0018_barcode57_24340104001-1-longcycler.fasta,960e70fe3fb8f958c37f9a9173b29ae399827e93ae9a65aaf155edac7b583587,4973243,2025-10-24T09:26:58.710363Z,TRUE,TRUE,357,provider_qc95,357,357,110034,T6,110034__T6,2547C168401-1,longcycler,/Users/Aamir/Desktop/rUTIs/ont-yellow-routine-fastas/PR0049_barcode01_2547C168401-1-longcycler.fasta,be3de2e6318ee88f72039ab198380fa57cf5aa954fe391188b13d8138186a320,4790313,2026-05-06T13:21:58.000000Z,TRUE,TRUE,357,provider_qc95,357,357,TRUE,99.9712,841,/Users/Aamir/Desktop/rUTIs/outputs/nursing_home_candidate_clusters_20260717/direct_pairwise/dnadiff_cache_sha256_v1/111019__T1__vs__110034__T6__b5902865f9a6a1e53140c76d.report,/Users/Aamir/Desktop/rUTIs/outputs/nursing_home_candidate_clusters_20260717/direct_pairwise/dnadiff_cache_sha256_v1/111019__T1__vs__110034__T6__b5902865f9a6a1e53140c76d.provenance.json,54a1473aa66647b85551dde06490e1cf085e2c07c69f0e261f225fb868c06e7c,b5902865f9a6a1e53140c76deed27a1d365b512b539a92703cefc69096847362,generated,dnadiff | DNAdiff version 1.3,0.00162709,1,73,73,73,0,NA,NA,Related,ST + partial concordance,FALSE,Above same-strain SNP threshold,Same ST,"Same lineage, not same strain by SNP","Same lineage, not same strain by SNP","Same lineage, not same strain by SNP",FALSE
122025,T2,122025__T2,2445C110101-1,longcycler,/Users/Aamir/Desktop/rUTIs/ont-yellow-routine-fastas/PR0042_barcode48_2445C110101-longcycler.fasta,1063c7aa62cba122e5a677d969c7257d20eb35501a4928a49ee1e28ede043642,5292101,2026-05-06T13:20:26.000000Z,TRUE,TRUE,12,provider_qc95,12,12,130037,T5,130037__T5,2534C206501-1,longcycler,/Users/Aamir/Desktop/rUTIs/ont-yellow-routine-fastas/PR0048_barcode74_2534C206501-1-longcycler.fasta,14f1e6003ced910ae54ad01659449797049df22cfe3ecc5f4aea70a8f1b0e071,5101464,2026-05-06T13:21:44.000000Z,TRUE,TRUE,12,provider_qc95,12,12,TRUE,99.9643,1406,/Users/Aamir/Desktop/rUTIs/outputs/nursing_home_candidate_clusters_20260717/direct_pairwise/dnadiff_cache_sha256_v1/122025__T2__vs__130037__T5__c026b6282b814ea8be8ee030.report,/Users/Aamir/Desktop/rUTIs/outputs/nursing_home_candidate_clusters_20260717/direct_pairwise/dnadiff_cache_sha256_v1/122025__T2__vs__130037__T5__c026b6282b814ea8be8ee030.provenance.json,4528741b798e0e3f1e6c07b5862f9d2c716d3d6ce4b548dd72fc6143521e2f72,c026b6282b814ea8be8ee0304fb6b8ee0bfc3cc2790a38131732a06f8120b707,generated,dnadiff | DNAdiff version 1.3,0.00157453,1,97,97,97,0,NA,NA,Related,ST + partial concordance,FALSE,Above same-strain SNP threshold,Same ST,"Same lineage, not same strain by SNP","Same lineage, not same strain by SNP","Same lineage, not same strain by SNP",FALSE
122025,T2,122025__T2,2445C110101-1,longcycler,/Users/Aamir/Desktop/rUTIs/ont-yellow-routine-fastas/PR0042_barcode48_2445C110101-longcycler.fasta,1063c7aa62cba122e5a677d969c7257d20eb35501a4928a49ee1e28ede043642,5292101,2026-05-06T13:20:26.000000Z,TRUE,TRUE,12,provider_qc95,12,12,130037,T6,130037__T6,2547C233701-1,longcycler,/Users/Aamir/Desktop/rUTIs/ont-yellow-routine-fastas/PR0049_barcode07_2547C233701-1-longcycler.fasta,4617511cdb1b7085b8bfd717e4ce528893f51efd3bea067572aa8acfb142b9c7,5133237,2026-05-06T13:22:02.000000Z,TRUE,TRUE,12,provider_qc95,12,12,TRUE,99.9644,1408,/Users/Aamir/Desktop/rUTIs/outputs/nursing_home_candidate_clusters_20260717/direct_pairwise/dnadiff_cache_sha256_v1/122025__T2__vs__130037__T6__ec787f94a593fe99430263de.report,/Users/Aamir/Desktop/rUTIs/outputs/nursing_home_candidate_clusters_20260717/direct_pairwise/dnadiff_cache_sha256_v1/122025__T2__vs__130037__T6__ec787f94a593fe99430263de.provenance.json,8d7763a0b80f67a7b540295f79a1811ae74512a3b68fadb92b54b652d036471c,ec787f94a593fe99430263de7bc56c37d87e9745f265edfd3d13a1247ad2a29e,generated,dnadiff | DNAdiff version 1.3,0.00162709,1,97,97,97,0,NA,NA,Related,ST + partial concordance,FALSE,Above same-strain SNP threshold,Same ST,"Same lineage, not same strain by SNP","Same lineage, not same strain by SNP","Same lineage, not same strain by SNP",FALSE
111019,T0,111019__T0,24210085201-2,longcycler,/Users/Aamir/Desktop/rUTIs/ont-yellow-routine-fastas/PR0017_barcode17_24210085201-2-longcycler.fasta,29b5c048218acf569d9257e36086d4956d8945e49890033023aadd8668f9f3f7,4972825,2025-10-24T09:26:57.527026Z,TRUE,TRUE,357,provider_qc95,357,357,110034,T3,110034__T3,2508C143701-1,longcycler,/Users/Aamir/Desktop/rUTIs/ont-yellow-routine-fastas/PR0024_barcode45_2508C143701-1-longcycler.fasta,df3c010cb100dc8388ae8778b4e367c875fc666ce15c934afac97f0a649bff3a,4790284,2026-05-06T13:19:26.000000Z,TRUE,TRUE,357,provider_qc95,357,357,TRUE,99.9714,840,/Users/Aamir/Desktop/rUTIs/outputs/nursing_home_candidate_clusters_20260717/direct_pairwise/dnadiff_cache_sha256_v1/111019__T0__vs__110034__T3__c5559d2d1e5c5559067e5343.report,/Users/Aamir/Desktop/rUTIs/outputs/nursing_home_candidate_clusters_20260717/direct_pairwise/dnadiff_cache_sha256_v1/111019__T0__vs__110034__T3__c5559d2d1e5c5559067e5343.provenance.json,854ad88d08f76243c9f99ab42bf10ec8cdccaa4451377c8b344492b63bbf652f,c5559d2d1e5c5559067e5343e641287ede0ed5aca50f7e46008dd6fad663f111,generated,dnadiff | DNAdiff version 1.3,0.00160079,1,73,73,73,0,NA,NA,Related,ST + partial concordance,FALSE,Above same-strain SNP threshold,Same ST,"Same lineage, not same strain by SNP","Same lineage, not same strain by SNP","Same lineage, not same strain by SNP",FALSE
111019,T0,111019__T0,24210085201-2,longcycler,/Users/Aamir/Desktop/rUTIs/ont-yellow-routine-fastas/PR0017_barcode17_24210085201-2-longcycler.fasta,29b5c048218acf569d9257e36086d4956d8945e49890033023aadd8668f9f3f7,4972825,2025-10-24T09:26:57.527026Z,TRUE,TRUE,357,provider_qc95,357,357,110034,T4,110034__T4,2521C148301-1,longcycler,/Users/Aamir/Desktop/rUTIs/ont-yellow-routine-fastas/PR0042_barcode16_2521C148301-longcycler.fasta,de9691d0693d6eb0261f934027958ad323481a7a4c699e3ced5fce1874eb4ccc,4790308,2026-05-06T13:20:04.000000Z,TRUE,TRUE,357,provider_qc95,357,357,TRUE,99.9705,838,/Users/Aamir/Desktop/rUTIs/outputs/nursing_home_candidate_clusters_20260717/direct_pairwise/dnadiff_cache_sha256_v1/111019__T0__vs__110034__T4__731dbee73bb02d79e658a117.report,/Users/Aamir/Desktop/rUTIs/outputs/nursing_home_candidate_clusters_20260717/direct_pairwise/dnadiff_cache_sha256_v1/111019__T0__vs__110034__T4__731dbee73bb02d79e658a117.provenance.json,0ab9c9d39c66a0a7cbc28a6ddbad0afc7e4a4038eb646b36c7c0d688048b09ce,731dbee73bb02d79e658a117c631ef7aa9434d2dd59b322a72c2d7b6f130aa48,generated,dnadiff | DNAdiff version 1.3,0.00160079,1,73,73,73,0,NA,NA,Related,ST + partial concordance,FALSE,Above same-strain SNP threshold,Same ST,"Same lineage, not same strain by SNP","Same lineage, not same strain by SNP","Same lineage, not same strain by SNP",FALSE
111019,T0,111019__T0,24210085201-2,longcycler,/Users/Aamir/Desktop/rUTIs/ont-yellow-routine-fastas/PR0017_barcode17_24210085201-2-longcycler.fasta,29b5c048218acf569d9257e36086d4956d8945e49890033023aadd8668f9f3f7,4972825,2025-10-24T09:26:57.527026Z,TRUE,TRUE,357,provider_qc95,357,357,110034,T5,110034__T5,2534C156301-1,longcycler,/Users/Aamir/Desktop/rUTIs/ont-yellow-routine-fastas/PR0048_barcode71_2534C156301-1-longcycler.fasta,04304212bdc65ef66cc5ed5648e2fc188e20ef9cf34622e0fc1420e437b67dc1,4790300,2026-05-06T13:21:42.000000Z,TRUE,TRUE,357,provider_qc95,357,357,TRUE,99.9705,841,/Users/Aamir/Desktop/rUTIs/outputs/nursing_home_candidate_clusters_20260717/direct_pairwise/dnadiff_cache_sha256_v1/111019__T0__vs__110034__T5__c68be85f013b0b077026e750.report,/Users/Aamir/Desktop/rUTIs/outputs/nursing_home_candidate_clusters_20260717/direct_pairwise/dnadiff_cache_sha256_v1/111019__T0__vs__110034__T5__c68be85f013b0b077026e750.provenance.json,6100cdf6cf92d117b1ee696311d47e336eb18e730e3f8909968d9d34057f6b1f,c68be85f013b0b077026e750899ec4c6fe80d7c44bcec82b329d6f377a0beb27,generated,dnadiff | DNAdiff version 1.3,0.00160079,1,73,73,73,0,NA,NA,Related,ST + partial concordance,FALSE,Above same-strain SNP threshold,Same ST,"Same lineage, not same strain by SNP","Same lineage, not same strain by SNP","Same lineage, not same strain by SNP",FALSE
111019,T0,111019__T0,24210085201-2,longcycler,/Users/Aamir/Desktop/rUTIs/ont-yellow-routine-fastas/PR0017_barcode17_24210085201-2-longcycler.fasta,29b5c048218acf569d9257e36086d4956d8945e49890033023aadd8668f9f3f7,4972825,2025-10-24T09:26:57.527026Z,TRUE,TRUE,357,provider_qc95,357,357,110034,T6,110034__T6,2547C168401-1,longcycler,/Users/Aamir/Desktop/rUTIs/ont-yellow-routine-fastas/PR0049_barcode01_2547C168401-1-longcycler.fasta,be3de2e6318ee88f72039ab198380fa57cf5aa954fe391188b13d8138186a320,4790313,2026-05-06T13:21:58.000000Z,TRUE,TRUE,357,provider_qc95,357,357,TRUE,99.9714,844,/Users/Aamir/Desktop/rUTIs/outputs/nursing_home_candidate_clusters_20260717/direct_pairwise/dnadiff_cache_sha256_v1/111019__T0__vs__110034__T6__2c7584336427ab3ae3e65f69.report,/Users/Aamir/Desktop/rUTIs/outputs/nursing_home_candidate_clusters_20260717/direct_pairwise/dnadiff_cache_sha256_v1/111019__T0__vs__110034__T6__2c7584336427ab3ae3e65f69.provenance.json,5f72dc52d14b32abb3386083193104c81a0c8b64f10608d2d19ee368f35959e4,2c7584336427ab3ae3e65f6932acbe78987588012b59c41dc187e73b65ff7f41,generated,dnadiff | DNAdiff version 1.3,0.00160079,1,73,73,73,0,NA,NA,Related,ST + partial concordance,FALSE,Above same-strain SNP threshold,Same ST,"Same lineage, not same strain by SNP","Same lineage, not same strain by SNP","Same lineage, not same strain by SNP",FALSE
110024,T2,110024__T2,2447C150501-1,longcycler,/Users/Aamir/Desktop/rUTIs/ont-yellow-routine-fastas/PR0024_barcode70_2447C150501-1-longcycler.fasta,3e5d521d1eddc9df07cccb224fdeb6b57a1c49bc7a57f69a396707c4af0b2420,4869594,2026-05-06T13:19:40.000000Z,TRUE,TRUE,58,provider_qc95,58,58,70032,T4,70032__T4,2526C094501-1,longcycler,/Users/Aamir/Desktop/rUTIs/ont-yellow-routine-fastas/PR0042_barcode53_2526C094501-longcycler.fasta,b7dcfeb0c16233ba780a683aa6b14f734bbd5ccb12f6906ba7d712c8c8897c3f,4989468,2026-05-06T13:20:30.000000Z,TRUE,TRUE,58,provider_qc95,58,58,TRUE,99.8295,5755,/Users/Aamir/Desktop/rUTIs/outputs/nursing_home_candidate_clusters_20260717/direct_pairwise/dnadiff_cache_sha256_v1/110024__T2__vs__70032__T4__288d27550527e3c85ab16198.report,/Users/Aamir/Desktop/rUTIs/outputs/nursing_home_candidate_clusters_20260717/direct_pairwise/dnadiff_cache_sha256_v1/110024__T2__vs__70032__T4__288d27550527e3c85ab16198.provenance.json,bc5bbb38f21f48397de7348918c33139b30e68442658c21ae6fbe8f587037d75,288d27550527e3c85ab161989043ef8d07f9942431d6052a5fd95772cc185194,generated,dnadiff | DNAdiff version 1.3,0.00282712,1,50,50,50,0,NA,NA,Related,ST + partial concordance,FALSE,Above same-strain SNP threshold,Same ST,"Same lineage, not same strain by SNP","Same lineage, not same strain by SNP","Same lineage, not same strain by SNP",FALSE
70032,T1,70032__T1,24380102501-1,longcycler,/Users/Aamir/Desktop/rUTIs/ont-yellow-routine-fastas/PR0010_barcode70_24380102501-1_longcycler.fasta,fb52c0c25ef51a8b68c38f02d16b337eb40375bcbadb037ade41a859c7711edb,5041093,2025-10-24T09:26:58.750903Z,TRUE,TRUE,58,provider_qc95,58,58,110024,T2,110024__T2,2447C150501-1,longcycler,/Users/Aamir/Desktop/rUTIs/ont-yellow-routine-fastas/PR0024_barcode70_2447C150501-1-longcycler.fasta,3e5d521d1eddc9df07cccb224fdeb6b57a1c49bc7a57f69a396707c4af0b2420,4869594,2026-05-06T13:19:40.000000Z,TRUE,TRUE,58,provider_qc95,58,58,TRUE,99.8187,6689,/Users/Aamir/Desktop/rUTIs/outputs/nursing_home_candidate_clusters_20260717/direct_pairwise/dnadiff_cache_sha256_v1/70032__T1__vs__110024__T2__faa049be055050ba22c9d16f.report,/Users/Aamir/Desktop/rUTIs/outputs/nursing_home_candidate_clusters_20260717/direct_pairwise/dnadiff_cache_sha256_v1/70032__T1__vs__110024__T2__faa049be055050ba22c9d16f.provenance.json,c3eaf62bd3b1bc3824d45a60411eb2fdca1d057840901241c4d11e68e6a4b807,faa049be055050ba22c9d16f567137477103fec751a28c2e6d8449f515b39705,generated,dnadiff | DNAdiff version 1.3,0.00279888,1,50,50,50,0,NA,NA,Related,ST + partial concordance,FALSE,Above same-strain SNP threshold,Same ST,"Same lineage, not same strain by SNP","Same lineage, not same strain by SNP","Same lineage, not same strain by SNP",FALSE
30019,T0,30019__T0,24200174401-1,longcycler,/Users/Aamir/Desktop/rUTIs/ont-yellow-routine-fastas/PR0010_barcode15_24200174401-1_longcycler.fasta,ee11e52f9b4672fe4c1632b354b4d88e56e4ac039d75a423acc0b46129fa9336,5074262,2025-10-24T09:26:57.532783Z,TRUE,TRUE,607,provider_qc95,607,607,130028,T0,130028__T0,24210133501-1,longcycler,/Users/Aamir/Desktop/rUTIs/ont-yellow-routine-fastas/PR0017_barcode12_24210133501-1-longcycler.fasta,93cd870bcaec33687ef1ab4464ec9c42de623c390500e6ac4e1fb8371a217ff6,5106623,2025-10-24T09:26:57.431720Z,TRUE,TRUE,607,provider_qc95,607,607,TRUE,99.9329,1861,/Users/Aamir/Desktop/rUTIs/outputs/nursing_home_candidate_clusters_20260717/direct_pairwise/dnadiff_cache_sha256_v1/30019__T0__vs__130028__T0__e0df1e04d1bce2705e96b7d9.report,/Users/Aamir/Desktop/rUTIs/outputs/nursing_home_candidate_clusters_20260717/direct_pairwise/dnadiff_cache_sha256_v1/30019__T0__vs__130028__T0__e0df1e04d1bce2705e96b7d9.provenance.json,6099502ef2538d7339007a3a56409d50d51d2a33ad3db1d09b0ce763c1dad549,e0df1e04d1bce2705e96b7d9e46e67bf5d4944c655b1944c0f85542fb202342e,generated,dnadiff | DNAdiff version 1.3,0.00334352,1,43,43,43,0,NA,NA,Related,ST + partial concordance,FALSE,Above same-strain SNP threshold,Same ST,"Same lineage, not same strain by SNP","Same lineage, not same strain by SNP","Same lineage, not same strain by SNP",FALSE
70032,T2,70032__T2,2451C105401-1,longcycler,/Users/Aamir/Desktop/rUTIs/ont-yellow-routine-fastas/PR0023_barcode81_2451C105401-1-longcycler.fasta,6c26ac4719a79d97804cf971b7dfd6c330896dc03d38abf6734d6f9205c3402f,4990066,2025-06-19T08:56:21.000000Z,TRUE,TRUE,58,provider_qc95,58,58,110024,T2,110024__T2,2447C150501-1,longcycler,/Users/Aamir/Desktop/rUTIs/ont-yellow-routine-fastas/PR0024_barcode70_2447C150501-1-longcycler.fasta,3e5d521d1eddc9df07cccb224fdeb6b57a1c49bc7a57f69a396707c4af0b2420,4869594,2026-05-06T13:19:40.000000Z,TRUE,TRUE,58,provider_qc95,58,58,TRUE,99.8314,5747,/Users/Aamir/Desktop/rUTIs/outputs/nursing_home_candidate_clusters_20260717/direct_pairwise/dnadiff_cache_sha256_v1/70032__T2__vs__110024__T2__02cd527d251d43d769fb44f6.report,/Users/Aamir/Desktop/rUTIs/outputs/nursing_home_candidate_clusters_20260717/direct_pairwise/dnadiff_cache_sha256_v1/70032__T2__vs__110024__T2__02cd527d251d43d769fb44f6.provenance.json,bfb9ea971a22c95712f6b92db61bb1b27eddd7252e1becca75f4a35670f55f75,02cd527d251d43d769fb44f6b44edd8197627c29b2ff4cc1534e3abdd6d110f6,generated,dnadiff | DNAdiff version 1.3,0.00282712,1,50,50,50,0,NA,NA,Related,ST + partial concordance,FALSE,Above same-strain SNP threshold,Same ST,"Same lineage, not same strain by SNP","Same lineage, not same strain by SNP","Same lineage, not same strain by SNP",FALSE
30019,T0,30019__T0,24200174401-1,longcycler,/Users/Aamir/Desktop/rUTIs/ont-yellow-routine-fastas/PR0010_barcode15_24200174401-1_longcycler.fasta,ee11e52f9b4672fe4c1632b354b4d88e56e4ac039d75a423acc0b46129fa9336,5074262,2025-10-24T09:26:57.532783Z,TRUE,TRUE,607,provider_qc95,607,607,130028,T1,130028__T1,24350208401-1,longcycler,/Users/Aamir/Desktop/rUTIs/ont-yellow-routine-fastas/PR0023_barcode29_24350208401-1-longcycler.fasta,2867472761fedee42ea3e5bd41bfb2dc0743ca4d36a5ce1e40dd726e9c600069,5092880,2025-06-19T08:55:57.000000Z,TRUE,TRUE,607,provider_qc95,607,607,TRUE,99.9388,1925,/Users/Aamir/Desktop/rUTIs/outputs/nursing_home_candidate_clusters_20260717/direct_pairwise/dnadiff_cache_sha256_v1/30019__T0__vs__130028__T1__88ae2a604c670c82601c8661.report,/Users/Aamir/Desktop/rUTIs/outputs/nursing_home_candidate_clusters_20260717/direct_pairwise/dnadiff_cache_sha256_v1/30019__T0__vs__130028__T1__88ae2a604c670c82601c8661.provenance.json,8de1ef582dbb0873e0dd19d493eef229d76ad611cb6f614cf90cd2133a8b272d,88ae2a604c670c82601c86614cee5dc19a1a544182ad2f7ac9b1a8a0c2c6f28e,generated,dnadiff | DNAdiff version 1.3,0.00340187,1,43,43,43,0,NA,NA,Related,ST + partial concordance,FALSE,Above same-strain SNP threshold,Same ST,"Same lineage, not same strain by SNP","Same lineage, not same strain by SNP","Same lineage, not same strain by SNP",FALSE
70032,T3,70032__T3,2514C104401-1,longcycler,/Users/Aamir/Desktop/rUTIs/ont-yellow-routine-fastas/PR0024_barcode04_2514C104401-1-longcycler.fasta,97354c6a82ecbcf931e405130cf5323ff18ae115835ff197c912e886f4cbc677,4928286,2026-05-06T13:18:58.000000Z,TRUE,TRUE,58,provider_qc95,58,58,110024,T2,110024__T2,2447C150501-1,longcycler,/Users/Aamir/Desktop/rUTIs/ont-yellow-routine-fastas/PR0024_barcode70_2447C150501-1-longcycler.fasta,3e5d521d1eddc9df07cccb224fdeb6b57a1c49bc7a57f69a396707c4af0b2420,4869594,2026-05-06T13:19:40.000000Z,TRUE,TRUE,58,provider_qc95,58,58,TRUE,99.8374,5670,/Users/Aamir/Desktop/rUTIs/outputs/nursing_home_candidate_clusters_20260717/direct_pairwise/dnadiff_cache_sha256_v1/70032__T3__vs__110024__T2__ff19214f11a617c90eaf4972.report,/Users/Aamir/Desktop/rUTIs/outputs/nursing_home_candidate_clusters_20260717/direct_pairwise/dnadiff_cache_sha256_v1/70032__T3__vs__110024__T2__ff19214f11a617c90eaf4972.provenance.json,bc8a4879fd4c3b26bb236ca99ce9508eeccf25328be4e21029754d91621f5a2b,ff19214f11a617c90eaf497244aaf6a5d47d1e845595c177a71e7f2923c3f253,generated,dnadiff | DNAdiff version 1.3,0.00296902,1,50,50,50,0,NA,NA,Related,ST + partial concordance,FALSE,Above same-strain SNP threshold,Same ST,"Same lineage, not same strain by SNP","Same lineage, not same strain by SNP","Same lineage, not same strain by SNP",FALSE
30013,T0,30013__T0,24200175001-1,longcycler,/Users/Aamir/Desktop/rUTIs/ont-yellow-routine-fastas/PR0010_barcode13_24200175001-1_longcycler.fasta,943574109466c1312c1cf381abd35ede5a7991c83133cf3229f326b5bcc1faea,5052918,2025-10-24T09:26:59.260465Z,TRUE,TRUE,428,provider_qc95,428,428,30021,T1,30021__T1,24330146401-1,longcycler,/Users/Aamir/Desktop/rUTIs/ont-yellow-routine-fastas/PR0010_barcode56_24330146401-1_longcycler.fasta,933e62d4d85e054e55dd38ada2559756603b6ba26f14f9267b306f9aeca22d6f,5254448,2025-10-24T09:26:59.140030Z,TRUE,TRUE,428,provider_qc95,428,428,TRUE,99.9449,1970,/Users/Aamir/Desktop/rUTIs/outputs/nursing_home_candidate_clusters_20260717/direct_pairwise/dnadiff_cache_sha256_v1/30013__T0__vs__30021__T1__cf0284f6261e3bea87133e57.report,/Users/Aamir/Desktop/rUTIs/outputs/nursing_home_candidate_clusters_20260717/direct_pairwise/dnadiff_cache_sha256_v1/30013__T0__vs__30021__T1__cf0284f6261e3bea87133e57.provenance.json,5fb10307ff2d345bab12f5cc621168c761bbcb5290c50c11147669ed04b50fb9,cf0284f6261e3bea87133e578a7805b8877a523071d779479e5f81f4da3c45ff,generated,dnadiff | DNAdiff version 1.3,0.00134007,1,80,80,80,0.3333333333333333,NA,NA,Related,ST + partial concordance,FALSE,Above same-strain SNP threshold,Same ST,"Same lineage, not same strain by SNP","Same lineage, not same strain by SNP","Same lineage, not same strain by SNP",FALSE
30021,T1,30021__T1,24330146401-1,longcycler,/Users/Aamir/Desktop/rUTIs/ont-yellow-routine-fastas/PR0010_barcode56_24330146401-1_longcycler.fasta,933e62d4d85e054e55dd38ada2559756603b6ba26f14f9267b306f9aeca22d6f,5254448,2025-10-24T09:26:59.140030Z,TRUE,TRUE,428,provider_qc95,428,428,30013,T2,30013__T2,2446C175201-1,longcycler,/Users/Aamir/Desktop/rUTIs/ont-yellow-routine-fastas/PR0023_barcode60_2446C175201-1-longcycler.fasta,2a4b715928e268ba139bc2000a54fde1a52cf8c09519c5b8b723fcf2647b31b2,5052925,2025-06-19T08:56:11.000000Z,TRUE,TRUE,428,provider_qc95,428,428,TRUE,99.9448,2022,/Users/Aamir/Desktop/rUTIs/outputs/nursing_home_candidate_clusters_20260717/direct_pairwise/dnadiff_cache_sha256_v1/30021__T1__vs__30013__T2__399a63ca5ced5e8df5e0bbbf.report,/Users/Aamir/Desktop/rUTIs/outputs/nursing_home_candidate_clusters_20260717/direct_pairwise/dnadiff_cache_sha256_v1/30021__T1__vs__30013__T2__399a63ca5ced5e8df5e0bbbf.provenance.json,6825b53bfe7c8d41c50c641eed39c464100168cbd9481581336b331ac5a077bb,399a63ca5ced5e8df5e0bbbf1f572441e857c97ddc59fa031d7ae27dfd2ca30c,generated,dnadiff | DNAdiff version 1.3,0.00134007,1,80,80,80,0.3333333333333333,NA,NA,Related,ST + partial concordance,FALSE,Above same-strain SNP threshold,Same ST,"Same lineage, not same strain by SNP","Same lineage, not same strain by SNP","Same lineage, not same strain by SNP",FALSE
30021,T1,30021__T1,24330146401-1,longcycler,/Users/Aamir/Desktop/rUTIs/ont-yellow-routine-fastas/PR0010_barcode56_24330146401-1_longcycler.fasta,933e62d4d85e054e55dd38ada2559756603b6ba26f14f9267b306f9aeca22d6f,5254448,2025-10-24T09:26:59.140030Z,TRUE,TRUE,428,provider_qc95,428,428,30013,T4,30013__T4,2517C088701-1,longcycler,/Users/Aamir/Desktop/rUTIs/ont-yellow-routine-fastas/PR0024_barcode15_2517C088701-1-longcycler.fasta,94da70e8f37ce577dc5ae321bc227ba29a64ff587682495f8e06f769ad508e9f,5052909,2026-05-06T13:19:06.000000Z,TRUE,TRUE,428,provider_qc95,428,428,TRUE,99.9429,2081,/Users/Aamir/Desktop/rUTIs/outputs/nursing_home_candidate_clusters_20260717/direct_pairwise/dnadiff_cache_sha256_v1/30021__T1__vs__30013__T4__4adcebec90006988b5f89aea.report,/Users/Aamir/Desktop/rUTIs/outputs/nursing_home_candidate_clusters_20260717/direct_pairwise/dnadiff_cache_sha256_v1/30021__T1__vs__30013__T4__4adcebec90006988b5f89aea.provenance.json,58c81a2560899110d80cb372da90bc309fe5663db6bc4044fb0f709af12508dc,4adcebec90006988b5f89aeae03ea644508da5a768901576770db982fe420a4d,generated,dnadiff | DNAdiff version 1.3,0.00136596,1,80,80,80,0.3333333333333333,NA,NA,Related,ST + partial concordance,FALSE,Above same-strain SNP threshold,Same ST,"Same lineage, not same strain by SNP","Same lineage, not same strain by SNP","Same lineage, not same strain by SNP",FALSE
30013,T1,30013__T1,24330145501-1,longcycler,/Users/Aamir/Desktop/rUTIs/ont-yellow-routine-fastas/PR0010_barcode52_24330145501-1_longcycler.fasta,039ae4e440efaebe00ddb2432dabd19f93e4650dc39156f79120b559e71d76e3,5051883,2025-10-24T09:26:58.394352Z,TRUE,TRUE,428,provider_qc95,428,428,30021,T1,30021__T1,24330146401-1,longcycler,/Users/Aamir/Desktop/rUTIs/ont-yellow-routine-fastas/PR0010_barcode56_24330146401-1_longcycler.fasta,933e62d4d85e054e55dd38ada2559756603b6ba26f14f9267b306f9aeca22d6f,5254448,2025-10-24T09:26:59.140030Z,TRUE,TRUE,428,provider_qc95,428,428,TRUE,99.9394,2061,/Users/Aamir/Desktop/rUTIs/outputs/nursing_home_candidate_clusters_20260717/direct_pairwise/dnadiff_cache_sha256_v1/30013__T1__vs__30021__T1__a7743c725e76c589843bdd59.report,/Users/Aamir/Desktop/rUTIs/outputs/nursing_home_candidate_clusters_20260717/direct_pairwise/dnadiff_cache_sha256_v1/30013__T1__vs__30021__T1__a7743c725e76c589843bdd59.provenance.json,e3b20d5287c756544db509f495d2cf665cf464110546792da9a2316a36259847,a7743c725e76c589843bdd5972227c895ca4b1ef46b4bac47cb31907b3af2e7e,generated,dnadiff | DNAdiff version 1.3,0.00136596,1,80,80,80,0.3333333333333333,NA,NA,Related,ST + partial concordance,FALSE,Above same-strain SNP threshold,Same ST,"Same lineage, not same strain by SNP","Same lineage, not same strain by SNP","Same lineage, not same strain by SNP",FALSE
